Test_Name,Timestamp,GPU_ID,Temp_Core(C),Temp_Mem(C),Power(W),Clock(MHz),Fan(%),Volts_Core(mV),Volts_SoC(mV),PCIe_Gen,PCIe_Width,Throttle_Reason
baseline_metrics,0.01,0,35,0,62.017,1080,0,0,0,4,16,Idle
baseline_metrics,1.01,0,36,0,75.833,1740,0,0,0,4,16,None
baseline_metrics,2.01,0,37,0,86.983,1740,0,0,0,4,16,None
baseline_metrics,3.01,0,37,0,86.921,1740,0,0,0,4,16,None
baseline_metrics,4.02,0,37,0,88.301,1740,0,0,0,4,16,None
baseline_metrics,5.02,0,37,0,87.571,1740,0,0,0,4,16,None
baseline_metrics,6.02,0,37,0,86.939,1740,0,0,0,4,16,None
baseline_metrics,7.02,0,37,0,87.036,1740,0,0,0,4,16,None
baseline_metrics,8.02,0,37,0,87.036,1740,0,0,0,4,16,None
baseline_metrics,9.09,0,37,0,87.036,1740,0,0,0,4,16,None
baseline_metrics,10.09,0,38,0,87.085,1740,0,0,0,4,16,None
baseline_metrics,11.09,0,38,0,89.178,1740,0,0,0,4,16,None
baseline_metrics,12.1,0,38,0,88.156,1740,0,0,0,4,16,None
baseline_metrics,13.1,0,38,0,87.182,1740,0,0,0,4,16,None
baseline_metrics,14.1,0,38,0,87.328,1740,0,0,0,4,16,None
baseline_metrics,15.1,0,38,0,87.377,1740,0,0,0,4,16,None
baseline_metrics,16.1,0,38,0,87.376,1740,0,0,0,4,16,None
baseline_metrics,17.19,0,38,0,87.377,1740,0,0,0,4,16,None
baseline_metrics,18.2,0,38,0,89.373,1740,0,0,0,4,16,None
baseline_metrics,19.2,0,38,0,88.4,1740,0,0,0,4,16,None
baseline_metrics,20.2,0,38,0,87.474,1740,0,0,0,4,16,None
baseline_metrics,21.2,0,38,0,87.425,1740,0,0,0,4,16,None
baseline_metrics,22.2,0,38,0,87.425,1740,0,0,0,4,16,None
baseline_metrics,23.2,0,38,0,87.621,1740,0,0,0,4,16,None
baseline_metrics,24.2,0,38,0,87.621,1740,0,0,0,4,16,None
baseline_metrics,25.3,0,38,0,87.571,1740,0,0,0,4,16,None
baseline_metrics,26.3,0,38,0,88.351,1740,0,0,0,4,16,None
baseline_metrics,27.3,0,38,0,87.658,1740,0,0,0,4,16,None
baseline_metrics,28.3,0,38,0,87.658,1740,0,0,0,4,16,None
baseline_metrics,29.3,0,38,0,87.62,1740,0,0,0,4,16,None
baseline_metrics,30.3,0,39,0,87.766,1740,0,0,0,4,16,None
baseline_metrics,31.3,0,39,0,87.815,1740,0,0,0,4,16,None
baseline_metrics,32.31,0,39,0,89.665,1740,0,0,0,4,16,None
baseline_metrics,33.4,0,39,0,88.643,1740,0,0,0,4,16,None
baseline_metrics,34.4,0,39,0,87.717,1740,0,0,0,4,16,None
baseline_metrics,35.4,0,39,0,87.863,1740,0,0,0,4,16,None
baseline_metrics,36.4,0,39,0,87.912,1740,0,0,0,4,16,None
baseline_metrics,37.4,0,39,0,87.912,1740,0,0,0,4,16,None
baseline_metrics,38.4,0,39,0,87.863,1740,0,0,0,4,16,None
baseline_metrics,39.41,0,39,0,89.957,1740,0,0,0,4,16,None
baseline_metrics,40.41,0,39,0,88.935,1740,0,0,0,4,16,None
baseline_metrics,41.51,0,39,0,87.912,1740,0,0,0,4,16,None
baseline_metrics,42.51,0,39,0,87.96,1740,0,0,0,4,16,None
baseline_metrics,43.51,0,39,0,88.009,1740,0,0,0,4,16,None
baseline_metrics,44.51,0,39,0,88.009,1740,0,0,0,4,16,None
baseline_metrics,45.51,0,39,0,88.057,1740,0,0,0,4,16,None
baseline_metrics,46.51,0,39,0,88.057,1740,0,0,0,4,16,None
baseline_metrics,47.51,0,39,0,89.313,1740,0,0,0,4,16,None
baseline_metrics,48.51,0,39,0,88.661,1740,0,0,0,4,16,None
baseline_metrics,49.61,0,39,0,88.009,1740,0,0,0,4,16,None
baseline_metrics,50.61,0,39,0,88.021,1740,0,0,0,4,16,None
baseline_metrics,51.61,0,39,0,88.021,1740,0,0,0,4,16,None
baseline_metrics,52.61,0,39,0,88.106,1740,0,0,0,4,16,None
baseline_metrics,53.61,0,39,0,88.203,1740,0,0,0,4,16,None
baseline_metrics,54.62,0,39,0,90.054,1740,0,0,0,4,16,None
baseline_metrics,55.62,0,39,0,89.129,1740,0,0,0,4,16,None
baseline_metrics,56.62,0,39,0,88.204,1740,0,0,0,4,16,None
baseline_metrics,57.71,0,39,0,88.253,1740,0,0,0,4,16,None
baseline_metrics,58.71,0,39,0,88.253,1740,0,0,0,4,16,None
baseline_metrics,59.71,0,39,0,88.204,1740,0,0,0,4,16,None
baseline_metrics,60.71,0,39,0,88.204,1740,0,0,0,4,16,None
baseline_metrics,61.71,0,39,0,90.152,1740,0,0,0,4,16,None
baseline_metrics,62.71,0,39,0,89.227,1740,0,0,0,4,16,None
baseline_metrics,63.71,0,39,0,88.252,1740,0,0,0,4,16,None
baseline_metrics,64.71,0,40,0,88.204,1740,0,0,0,4,16,None
baseline_metrics,65.81,0,39,0,88.253,1740,0,0,0,4,16,None
baseline_metrics,66.81,0,39,0,88.351,1740,0,0,0,4,16,None
baseline_metrics,67.81,0,40,0,88.35,1740,0,0,0,4,16,None
baseline_metrics,68.81,0,40,0,88.302,1740,0,0,0,4,16,None
baseline_metrics,69.81,0,40,0,89.86,1740,0,0,0,4,16,None
baseline_metrics,70.81,0,40,0,89.178,1740,0,0,0,4,16,None
baseline_metrics,71.82,0,40,0,88.545,1740,0,0,0,4,16,None
baseline_metrics,72.82,0,40,0,88.594,1740,0,0,0,4,16,None
baseline_metrics,73.92,0,40,0,88.594,1740,0,0,0,4,16,None
baseline_metrics,74.92,0,40,0,88.582,1740,0,0,0,4,16,None
baseline_metrics,75.92,0,40,0,88.631,1740,0,0,0,4,16,None
baseline_metrics,76.92,0,40,0,90.541,1740,0,0,0,4,16,None
baseline_metrics,77.92,0,40,0,89.616,1740,0,0,0,4,16,None
baseline_metrics,78.92,0,40,0,88.691,1740,0,0,0,4,16,None
baseline_metrics,79.92,0,40,0,88.642,1740,0,0,0,4,16,None
baseline_metrics,80.92,0,40,0,88.691,1740,0,0,0,4,16,None
baseline_metrics,82.02,0,40,0,88.691,1740,0,0,0,4,16,None
baseline_metrics,83.02,0,40,0,88.642,1740,0,0,0,4,16,None
baseline_metrics,84.02,0,40,0,90.638,1740,0,0,0,4,16,None
baseline_metrics,85.02,0,40,0,89.616,1740,0,0,0,4,16,None
baseline_metrics,86.02,0,40,0,88.642,1740,0,0,0,4,16,None
baseline_metrics,87.02,0,40,0,88.71,1740,0,0,0,4,16,None
baseline_metrics,88.02,0,40,0,88.662,1740,0,0,0,4,16,None
baseline_metrics,89.02,0,40,0,88.642,1740,0,0,0,4,16,None
baseline_metrics,90.13,0,40,0,88.739,1740,0,0,0,4,16,None
baseline_metrics,91.13,0,40,0,88.788,1740,0,0,0,4,16,None
baseline_metrics,92.13,0,40,0,89.373,1740,0,0,0,4,16,None
baseline_metrics,93.13,0,40,0,88.983,1740,0,0,0,4,16,None
baseline_metrics,94.13,0,40,0,88.642,1740,0,0,0,4,16,None
baseline_metrics,95.14,0,40,0,88.691,1740,0,0,0,4,16,None
baseline_metrics,96.14,0,40,0,88.642,1740,0,0,0,4,16,None
baseline_metrics,97.14,0,40,0,88.642,1740,0,0,0,4,16,None
baseline_metrics,98.23,0,40,0,88.788,1740,0,0,0,4,16,None
baseline_metrics,99.23,0,40,0,89.811,1740,0,0,0,4,16,None
baseline_metrics,100.23,0,40,0,89.811,1740,0,0,0,4,16,None
baseline_metrics,101.23,0,40,0,88.788,1740,0,0,0,4,16,None
baseline_metrics,102.23,0,40,0,88.836,1740,0,0,0,4,16,None
baseline_metrics,103.23,0,40,0,88.836,1740,0,0,0,4,16,None
baseline_metrics,104.23,0,40,0,88.836,1740,0,0,0,4,16,None
baseline_metrics,105.24,0,40,0,90.833,1740,0,0,0,4,16,None
baseline_metrics,106.32,0,40,0,90.833,1740,0,0,0,4,16,None
baseline_metrics,107.33,0,40,0,88.788,1740,0,0,0,4,16,None
baseline_metrics,108.33,0,40,0,88.788,1740,0,0,0,4,16,None
baseline_metrics,109.33,0,40,0,88.837,1740,0,0,0,4,16,None
baseline_metrics,110.33,0,40,0,88.886,1740,0,0,0,4,16,None
baseline_metrics,111.33,0,40,0,88.788,1740,0,0,0,4,16,None
baseline_metrics,112.33,0,40,0,88.788,1740,0,0,0,4,16,None
baseline_metrics,113.33,0,40,0,88.788,1740,0,0,0,4,16,None
baseline_metrics,114.43,0,40,0,89.459,1740,0,0,0,4,16,None
baseline_metrics,115.43,0,40,0,88.729,1740,0,0,0,4,16,None
baseline_metrics,116.43,0,40,0,88.934,1740,0,0,0,4,16,None
baseline_metrics,117.43,0,40,0,88.934,1740,0,0,0,4,16,None
baseline_metrics,118.43,0,40,0,88.837,1740,0,0,0,4,16,None
baseline_metrics,119.44,0,40,0,88.885,1740,0,0,0,4,16,None
baseline_metrics,120.44,0,40,0,90.886,1740,0,0,0,4,16,None
memory_thermal_asym,0.0,0,40,0,89.058,1740,0,0,0,4,16,None
memory_thermal_asym,1.37,0,46,0,173.233,1740,0,0,0,4,16,None
memory_thermal_asym,2.37,0,47,0,211.279,1740,0,0,0,4,16,None
memory_thermal_asym,3.37,0,48,0,209.569,1740,0,0,0,4,16,None
memory_thermal_asym,4.38,0,49,0,211.187,1740,0,0,0,4,16,None
memory_thermal_asym,5.64,0,49,0,213.546,1740,0,0,0,4,16,None
memory_thermal_asym,6.64,0,49,0,214.286,1740,0,0,0,4,16,None
memory_thermal_asym,7.64,0,50,0,216.112,1740,0,0,0,4,16,None
memory_thermal_asym,8.64,0,50,0,218.847,1740,0,0,0,4,16,None
memory_thermal_asym,9.91,0,51,0,218.361,1740,0,0,0,4,16,None
memory_thermal_asym,10.92,0,51,0,218.739,1740,0,0,0,4,16,None
memory_thermal_asym,11.92,0,52,0,219.046,1740,0,0,0,4,16,None
memory_thermal_asym,12.92,0,52,0,219.452,1740,0,0,0,4,16,None
memory_thermal_asym,14.18,0,52,0,219.174,1740,0,0,0,4,16,None
memory_thermal_asym,15.19,0,53,0,219.533,1740,0,0,0,4,16,None
memory_thermal_asym,16.19,0,53,0,220.494,1740,0,0,0,4,16,None
memory_thermal_asym,17.19,0,53,0,220.809,1740,0,0,0,4,16,None
memory_thermal_asym,18.46,0,53,0,220.432,1740,0,0,0,4,16,None
memory_thermal_asym,19.46,0,54,0,220.878,1740,0,0,0,4,16,None
memory_thermal_asym,20.47,0,54,0,221.482,1740,0,0,0,4,16,None
memory_thermal_asym,21.47,0,54,0,221.829,1740,0,0,0,4,16,None
memory_thermal_asym,22.74,0,54,0,221.337,1740,0,0,0,4,16,None
memory_thermal_asym,23.74,0,55,0,221.567,1740,0,0,0,4,16,None
memory_thermal_asym,24.75,0,55,0,218.077,1740,0,0,0,4,16,None
memory_thermal_asym,25.75,0,55,0,216.067,1740,0,0,0,4,16,None
memory_thermal_asym,27.02,0,55,0,215.974,1740,0,0,0,4,16,None
memory_thermal_asym,28.02,0,55,0,216.142,1740,0,0,0,4,16,None
memory_thermal_asym,29.02,0,55,0,216.406,1740,0,0,0,4,16,None
memory_thermal_asym,30.02,0,56,0,217.107,1740,0,0,0,4,16,None
memory_thermal_asym,31.28,0,56,0,217.002,1740,0,0,0,4,16,None
memory_thermal_asym,32.29,0,56,0,217.207,1740,0,0,0,4,16,None
memory_thermal_asym,33.29,0,56,0,217.622,1740,0,0,0,4,16,None
memory_thermal_asym,34.29,0,56,0,217.305,1740,0,0,0,4,16,None
memory_thermal_asym,35.56,0,56,0,217.357,1740,0,0,0,4,16,None
memory_thermal_asym,36.56,0,57,0,216.367,1740,0,0,0,4,16,None
memory_thermal_asym,37.56,0,57,0,217.357,1740,0,0,0,4,16,None
memory_thermal_asym,38.56,0,57,0,216.289,1740,0,0,0,4,16,None
memory_thermal_asym,39.83,0,57,0,217.383,1740,0,0,0,4,16,None
memory_thermal_asym,40.83,0,57,0,217.454,1740,0,0,0,4,16,None
memory_thermal_asym,41.84,0,57,0,217.931,1740,0,0,0,4,16,None
memory_thermal_asym,42.84,0,58,0,217.728,1740,0,0,0,4,16,None
memory_thermal_asym,44.1,0,58,0,217.481,1740,0,0,0,4,16,None
memory_thermal_asym,45.1,0,58,0,212.965,1740,0,0,0,4,16,None
memory_thermal_asym,46.1,0,58,0,216.944,1740,0,0,0,4,16,None
memory_thermal_asym,47.1,0,58,0,218.565,1740,0,0,0,4,16,None
memory_thermal_asym,48.35,0,58,0,218.256,1740,0,0,0,4,16,None
memory_thermal_asym,49.36,0,58,0,218.291,1740,0,0,0,4,16,None
memory_thermal_asym,50.36,0,58,0,219.006,1740,0,0,0,4,16,None
memory_thermal_asym,51.36,0,59,0,219.147,1740,0,0,0,4,16,None
memory_thermal_asym,52.63,0,59,0,218.547,1740,0,0,0,4,16,None
memory_thermal_asym,53.63,0,59,0,219.068,1740,0,0,0,4,16,None
memory_thermal_asym,54.63,0,59,0,219.456,1740,0,0,0,4,16,None
memory_thermal_asym,55.63,0,59,0,219.622,1740,0,0,0,4,16,None
memory_thermal_asym,56.89,0,59,0,219.625,1740,0,0,0,4,16,None
memory_thermal_asym,57.89,0,59,0,219.526,1740,0,0,0,4,16,None
memory_thermal_asym,58.9,0,59,0,220.249,1740,0,0,0,4,16,None
memory_thermal_asym,59.9,0,59,0,220.37,1740,0,0,0,4,16,None
memory_thermal_asym,61.16,0,59,0,219.768,1740,0,0,0,4,16,None
memory_thermal_asym,62.16,0,60,0,220.297,1740,0,0,0,4,16,None
memory_thermal_asym,63.17,0,60,0,220.317,1740,0,0,0,4,16,None
memory_thermal_asym,64.17,0,60,0,218.243,1740,0,0,0,4,16,None
memory_thermal_asym,65.43,0,60,0,217.552,1740,0,0,0,4,16,None
memory_thermal_asym,66.43,0,60,0,221.125,1740,0,0,0,4,16,None
memory_thermal_asym,67.43,0,60,0,223.441,1740,0,0,0,4,16,None
memory_thermal_asym,68.44,0,60,0,223.526,1740,0,0,0,4,16,None
memory_thermal_asym,69.69,0,61,0,223.323,1740,0,0,0,4,16,None
memory_thermal_asym,70.69,0,61,0,223.45,1740,0,0,0,4,16,None
memory_thermal_asym,71.7,0,61,0,223.753,1740,0,0,0,4,16,None
memory_thermal_asym,72.7,0,61,0,223.93,1740,0,0,0,4,16,None
memory_thermal_asym,73.96,0,61,0,223.485,1740,0,0,0,4,16,None
memory_thermal_asym,74.96,0,61,0,220.8,1740,0,0,0,4,16,None
memory_thermal_asym,75.96,0,61,0,220.809,1740,0,0,0,4,16,None
memory_thermal_asym,76.96,0,61,0,223.025,1740,0,0,0,4,16,None
memory_thermal_asym,78.21,0,61,0,223.914,1740,0,0,0,4,16,None
memory_thermal_asym,79.21,0,61,0,223.925,1740,0,0,0,4,16,None
memory_thermal_asym,80.21,0,61,0,224.507,1740,0,0,0,4,16,None
memory_thermal_asym,81.22,0,62,0,224.725,1740,0,0,0,4,16,None
memory_thermal_asym,82.48,0,62,0,224.275,1740,0,0,0,4,16,None
memory_thermal_asym,83.48,0,61,0,218.408,1740,0,0,0,4,16,None
memory_thermal_asym,84.48,0,62,0,220.318,1740,0,0,0,4,16,None
memory_thermal_asym,85.48,0,62,0,222.579,1740,0,0,0,4,16,None
memory_thermal_asym,86.72,0,62,0,221.65,1740,0,0,0,4,16,None
memory_thermal_asym,87.72,0,62,0,224.942,1740,0,0,0,4,16,None
memory_thermal_asym,88.72,0,62,0,225.337,1740,0,0,0,4,16,None
memory_thermal_asym,89.73,0,62,0,225.393,1740,0,0,0,4,16,None
memory_thermal_asym,90.99,0,62,0,225.435,1740,0,0,0,4,16,None
memory_thermal_asym,91.99,0,62,0,225.508,1740,0,0,0,4,16,None
memory_thermal_asym,92.99,0,62,0,225.921,1740,0,0,0,4,16,None
memory_thermal_asym,93.99,0,62,0,225.93,1740,0,0,0,4,16,None
memory_thermal_asym,95.26,0,62,0,225.318,1740,0,0,0,4,16,None
memory_thermal_asym,96.26,0,63,0,225.397,1740,0,0,0,4,16,None
memory_thermal_asym,97.26,0,63,0,226.515,1740,0,0,0,4,16,None
memory_thermal_asym,98.26,0,63,0,226.724,1740,0,0,0,4,16,None
memory_thermal_asym,99.54,0,63,0,226.081,1740,0,0,0,4,16,None
memory_thermal_asym,100.54,0,63,0,226.046,1740,0,0,0,4,16,None
memory_thermal_asym,101.54,0,63,0,226.299,1740,0,0,0,4,16,None
memory_thermal_asym,102.55,0,63,0,226.437,1740,0,0,0,4,16,None
memory_thermal_asym,103.81,0,63,0,226.169,1740,0,0,0,4,16,None
memory_thermal_asym,104.81,0,63,0,226.519,1740,0,0,0,4,16,None
memory_thermal_asym,105.81,0,63,0,226.863,1740,0,0,0,4,16,None
memory_thermal_asym,106.82,0,63,0,226.881,1740,0,0,0,4,16,None
memory_thermal_asym,108.08,0,63,0,226.537,1740,0,0,0,4,16,None
memory_thermal_asym,109.08,0,63,0,226.516,1740,0,0,0,4,16,None
memory_thermal_asym,110.08,0,63,0,227.037,1740,0,0,0,4,16,None
memory_thermal_asym,111.09,0,63,0,227.225,1740,0,0,0,4,16,None
memory_thermal_asym,112.35,0,63,0,226.681,1740,0,0,0,4,16,None
memory_thermal_asym,113.35,0,63,0,226.884,1740,0,0,0,4,16,None
memory_thermal_asym,114.36,0,63,0,226.958,1740,0,0,0,4,16,None
memory_thermal_asym,115.36,0,63,0,227.47,1740,0,0,0,4,16,None
memory_thermal_asym,116.62,0,64,0,226.909,1740,0,0,0,4,16,None
memory_thermal_asym,117.62,0,64,0,227.145,1740,0,0,0,4,16,None
memory_thermal_asym,118.63,0,64,0,227.603,1740,0,0,0,4,16,None
memory_thermal_asym,119.63,0,64,0,227.729,1740,0,0,0,4,16,None
memory_thermal_asym,120.68,0,61,0,208.573,1740,0,0,0,4,16,None
memory_cache_fracture,0.0,0,58,0,103.762,1740,0,0,0,4,16,None
memory_cache_fracture,1.0,0,62,0,171.769,1740,0,0,0,4,16,None
memory_cache_fracture,2.01,0,63,0,236.319,1740,0,0,0,4,16,None
memory_cache_fracture,3.01,0,63,0,236.77,1740,0,0,0,4,16,None
memory_cache_fracture,4.21,0,63,0,236.432,1740,0,0,0,4,16,None
memory_cache_fracture,5.21,0,63,0,236.79,1740,0,0,0,4,16,None
memory_cache_fracture,6.22,0,63,0,237.113,1740,0,0,0,4,16,None
memory_cache_fracture,7.22,0,63,0,237.362,1740,0,0,0,4,16,None
memory_cache_fracture,8.22,0,63,0,237.139,1740,0,0,0,4,16,None
memory_cache_fracture,9.22,0,64,0,237.298,1740,0,0,0,4,16,None
memory_cache_fracture,10.23,0,64,0,237.871,1740,0,0,0,4,16,None
memory_cache_fracture,11.23,0,64,0,238.132,1740,0,0,0,4,16,None
memory_cache_fracture,12.23,0,64,0,237.96,1740,0,0,0,4,16,None
memory_cache_fracture,13.23,0,64,0,238.04,1740,0,0,0,4,16,None
memory_cache_fracture,14.23,0,64,0,238.346,1740,0,0,0,4,16,None
memory_cache_fracture,15.24,0,64,0,238.42,1740,0,0,0,4,16,None
memory_cache_fracture,16.24,0,64,0,238.184,1740,0,0,0,4,16,None
memory_cache_fracture,17.24,0,64,0,238.228,1740,0,0,0,4,16,None
memory_cache_fracture,18.24,0,64,0,238.511,1740,0,0,0,4,16,None
memory_cache_fracture,19.24,0,64,0,238.56,1740,0,0,0,4,16,None
memory_cache_fracture,20.25,0,64,0,238.136,1740,0,0,0,4,16,None
memory_cache_fracture,21.25,0,64,0,238.022,1740,0,0,0,4,16,None
memory_cache_fracture,22.25,0,64,0,238.425,1740,0,0,0,4,16,None
memory_cache_fracture,23.25,0,64,0,238.513,1740,0,0,0,4,16,None
memory_cache_fracture,24.25,0,64,0,238.78,1740,0,0,0,4,16,None
memory_cache_fracture,25.26,0,64,0,238.257,1740,0,0,0,4,16,None
memory_cache_fracture,26.26,0,64,0,238.957,1740,0,0,0,4,16,None
memory_cache_fracture,27.26,0,64,0,239.063,1740,0,0,0,4,16,None
memory_cache_fracture,28.26,0,65,0,239.198,1740,0,0,0,4,16,None
memory_cache_fracture,29.26,0,64,0,238.887,1740,0,0,0,4,16,None
memory_cache_fracture,30.26,0,65,0,239.329,1740,0,0,0,4,16,None
memory_cache_fracture,31.27,0,65,0,239.351,1740,0,0,0,4,16,None
memory_cache_fracture,32.27,0,65,0,238.983,1740,0,0,0,4,16,None
memory_cache_fracture,33.27,0,65,0,239.2,1740,0,0,0,4,16,None
memory_cache_fracture,34.27,0,65,0,239.523,1740,0,0,0,4,16,None
memory_cache_fracture,35.27,0,65,0,239.29,1740,0,0,0,4,16,None
memory_cache_fracture,36.28,0,65,0,238.879,1740,0,0,0,4,16,None
memory_cache_fracture,37.28,0,65,0,238.852,1740,0,0,0,4,16,None
memory_cache_fracture,38.28,0,65,0,239.678,1740,0,0,0,4,16,None
memory_cache_fracture,39.28,0,65,0,240.148,1740,0,0,0,4,16,None
memory_cache_fracture,40.28,0,65,0,240.374,1740,0,0,0,4,16,None
memory_cache_fracture,41.29,0,65,0,240.258,1740,0,0,0,4,16,None
memory_cache_fracture,42.29,0,65,0,240.878,1740,0,0,0,4,16,None
memory_cache_fracture,43.29,0,65,0,240.933,1740,0,0,0,4,16,None
memory_cache_fracture,44.29,0,65,0,240.592,1740,0,0,0,4,16,None
memory_cache_fracture,45.29,0,65,0,240.613,1740,0,0,0,4,16,None
memory_cache_fracture,46.3,0,65,0,240.945,1740,0,0,0,4,16,None
memory_cache_fracture,47.3,0,65,0,240.965,1740,0,0,0,4,16,None
memory_cache_fracture,48.3,0,65,0,240.648,1740,0,0,0,4,16,None
memory_cache_fracture,49.3,0,65,0,240.618,1740,0,0,0,4,16,None
memory_cache_fracture,50.3,0,65,0,240.962,1740,0,0,0,4,16,None
memory_cache_fracture,51.31,0,65,0,240.994,1740,0,0,0,4,16,None
memory_cache_fracture,52.31,0,65,0,240.828,1740,0,0,0,4,16,None
memory_cache_fracture,53.31,0,65,0,240.73,1740,0,0,0,4,16,None
memory_cache_fracture,54.31,0,65,0,240.824,1740,0,0,0,4,16,None
memory_cache_fracture,55.31,0,65,0,240.881,1740,0,0,0,4,16,None
memory_cache_fracture,56.32,0,65,0,240.787,1740,0,0,0,4,16,None
memory_cache_fracture,57.32,0,65,0,240.48,1740,0,0,0,4,16,None
memory_cache_fracture,58.32,0,66,0,241.132,1740,0,0,0,4,16,None
memory_cache_fracture,59.32,0,66,0,241.214,1740,0,0,0,4,16,None
memory_cache_fracture,60.32,0,66,0,241.089,1740,0,0,0,4,16,None
memory_cache_fracture,61.33,0,66,0,241.255,1740,0,0,0,4,16,None
memory_cache_fracture,62.33,0,66,0,241.371,1740,0,0,0,4,16,None
memory_cache_fracture,63.33,0,66,0,241.558,1740,0,0,0,4,16,None
memory_cache_fracture,64.33,0,66,0,241.041,1740,0,0,0,4,16,None
memory_cache_fracture,65.33,0,66,0,241.177,1740,0,0,0,4,16,None
memory_cache_fracture,66.33,0,66,0,241.599,1740,0,0,0,4,16,None
memory_cache_fracture,67.34,0,66,0,241.647,1740,0,0,0,4,16,None
memory_cache_fracture,68.34,0,66,0,241.555,1740,0,0,0,4,16,None
memory_cache_fracture,69.34,0,66,0,241.192,1740,0,0,0,4,16,None
memory_cache_fracture,70.34,0,66,0,241.573,1740,0,0,0,4,16,None
memory_cache_fracture,71.34,0,66,0,241.528,1740,0,0,0,4,16,None
memory_cache_fracture,72.35,0,66,0,241.181,1740,0,0,0,4,16,None
memory_cache_fracture,73.35,0,66,0,241.12,1740,0,0,0,4,16,None
memory_cache_fracture,74.35,0,66,0,241.535,1740,0,0,0,4,16,None
memory_cache_fracture,75.35,0,66,0,241.635,1740,0,0,0,4,16,None
memory_cache_fracture,76.35,0,66,0,241.689,1740,0,0,0,4,16,None
memory_cache_fracture,77.36,0,66,0,241.437,1740,0,0,0,4,16,None
memory_cache_fracture,78.36,0,66,0,241.976,1740,0,0,0,4,16,None
memory_cache_fracture,79.36,0,66,0,242.07,1740,0,0,0,4,16,None
memory_cache_fracture,80.36,0,66,0,242.125,1740,0,0,0,4,16,None
memory_cache_fracture,81.36,0,66,0,241.709,1740,0,0,0,4,16,None
memory_cache_fracture,82.37,0,66,0,242.075,1740,0,0,0,4,16,None
memory_cache_fracture,83.37,0,66,0,241.97,1740,0,0,0,4,16,None
memory_cache_fracture,84.37,0,66,0,241.676,1740,0,0,0,4,16,None
memory_cache_fracture,85.37,0,66,0,241.623,1740,0,0,0,4,16,None
memory_cache_fracture,86.37,0,66,0,241.979,1740,0,0,0,4,16,None
memory_cache_fracture,87.38,0,66,0,241.901,1740,0,0,0,4,16,None
memory_cache_fracture,88.38,0,66,0,241.522,1740,0,0,0,4,16,None
memory_cache_fracture,89.38,0,66,0,241.534,1740,0,0,0,4,16,None
memory_cache_fracture,90.38,0,66,0,241.788,1740,0,0,0,4,16,None
memory_cache_fracture,91.38,0,66,0,241.743,1740,0,0,0,4,16,None
memory_cache_fracture,92.39,0,66,0,241.512,1740,0,0,0,4,16,None
memory_cache_fracture,93.39,0,66,0,241.713,1740,0,0,0,4,16,None
memory_cache_fracture,94.39,0,66,0,242.017,1740,0,0,0,4,16,None
memory_cache_fracture,95.39,0,66,0,242.595,1740,0,0,0,4,16,None
memory_cache_fracture,96.62,0,66,0,242.008,1740,0,0,0,4,16,None
memory_cache_fracture,97.62,0,66,0,242.078,1740,0,0,0,4,16,None
memory_cache_fracture,98.62,0,66,0,242.348,1740,0,0,0,4,16,None
memory_cache_fracture,99.63,0,66,0,242.369,1740,0,0,0,4,16,None
memory_cache_fracture,100.63,0,66,0,241.991,1740,0,0,0,4,16,None
memory_cache_fracture,101.63,0,66,0,242.146,1740,0,0,0,4,16,None
memory_cache_fracture,102.63,0,66,0,242.409,1740,0,0,0,4,16,None
memory_cache_fracture,103.64,0,66,0,242.385,1740,0,0,0,4,16,None
memory_cache_fracture,104.64,0,66,0,241.944,1740,0,0,0,4,16,None
memory_cache_fracture,105.64,0,66,0,241.975,1740,0,0,0,4,16,None
memory_cache_fracture,106.64,0,66,0,242.26,1740,0,0,0,4,16,None
memory_cache_fracture,107.65,0,66,0,242.24,1740,0,0,0,4,16,None
memory_cache_fracture,108.65,0,66,0,242.214,1740,0,0,0,4,16,None
memory_cache_fracture,109.65,0,66,0,241.911,1740,0,0,0,4,16,None
memory_cache_fracture,110.65,0,66,0,242.096,1740,0,0,0,4,16,None
memory_cache_fracture,111.65,0,66,0,242.117,1740,0,0,0,4,16,None
memory_cache_fracture,112.66,0,66,0,241.685,1740,0,0,0,4,16,None
memory_cache_fracture,113.66,0,66,0,241.975,1740,0,0,0,4,16,None
memory_cache_fracture,114.66,0,66,0,242.337,1740,0,0,0,4,16,None
memory_cache_fracture,115.66,0,66,0,242.376,1740,0,0,0,4,16,None
memory_cache_fracture,116.66,0,66,0,242.119,1740,0,0,0,4,16,None
memory_cache_fracture,117.67,0,66,0,242.346,1740,0,0,0,4,16,None
memory_cache_fracture,118.67,0,66,0,242.481,1740,0,0,0,4,16,None
memory_cache_fracture,119.67,0,66,0,242.536,1740,0,0,0,4,16,None
memory_cache_fracture,120.67,0,66,0,242.078,1740,0,0,0,4,16,None
memory_cache_fracture,121.67,0,63,0,185.156,1740,0,0,0,4,16,None
memory_retention_bake,0.0,0,61,0,112.352,1740,0,0,0,4,16,None
memory_retention_bake,1.0,0,68,0,215.669,1740,0,0,0,4,16,None
memory_retention_bake,2.0,0,69,0,268.782,1740,0,0,0,4,16,None
memory_retention_bake,3.01,0,70,0,270.205,1740,0,0,0,4,16,None
memory_retention_bake,4.01,0,70,0,272.342,1740,0,0,0,4,16,None
memory_retention_bake,5.1,0,71,0,277.073,1740,0,0,0,4,16,None
memory_retention_bake,6.1,0,71,0,279.499,1740,0,0,0,4,16,None
memory_retention_bake,7.11,0,71,0,279.554,1740,0,0,0,4,16,None
memory_retention_bake,8.11,0,71,0,279.12,1740,0,0,0,4,16,None
memory_retention_bake,9.11,0,71,0,279.103,1740,0,0,0,4,16,None
memory_retention_bake,10.11,0,71,0,278.938,1740,0,0,0,4,16,None
memory_retention_bake,11.11,0,72,0,280.504,1740,0,0,0,4,16,None
memory_retention_bake,12.16,0,72,0,281.029,1740,0,0,0,4,16,None
memory_retention_bake,13.16,0,72,0,280.957,1740,0,0,0,4,16,None
memory_retention_bake,14.16,0,72,0,280.556,1740,0,0,0,4,16,None
memory_retention_bake,15.16,0,72,0,280.494,1740,0,0,0,4,16,None
memory_retention_bake,16.16,0,72,0,281.39,1740,0,0,0,4,16,None
memory_retention_bake,17.17,0,72,0,282.008,1740,0,0,0,4,16,None
memory_retention_bake,18.17,0,72,0,280.656,1740,0,0,0,4,16,None
memory_retention_bake,19.22,0,72,0,280.381,1740,0,0,0,4,16,None
memory_retention_bake,20.22,0,72,0,281.274,1740,0,0,0,4,16,None
memory_retention_bake,21.22,0,73,0,282.343,1740,0,0,0,4,16,None
memory_retention_bake,22.22,0,73,0,282.4,1740,0,0,0,4,16,None
memory_retention_bake,23.22,0,73,0,281.39,1740,0,0,0,4,16,None
memory_retention_bake,24.22,0,73,0,282.402,1740,0,0,0,4,16,None
memory_retention_bake,25.23,0,73,0,282.275,1740,0,0,0,4,16,None
memory_retention_bake,26.27,0,73,0,282.742,1740,0,0,0,4,16,None
memory_retention_bake,27.27,0,73,0,281.6,1740,0,0,0,4,16,None
memory_retention_bake,28.27,0,73,0,281.413,1740,0,0,0,4,16,None
memory_retention_bake,29.27,0,73,0,281.89,1740,0,0,0,4,16,None
memory_retention_bake,30.28,0,73,0,282.634,1740,0,0,0,4,16,None
memory_retention_bake,31.28,0,73,0,283.164,1740,0,0,0,4,16,None
memory_retention_bake,32.28,0,73,0,283.589,1740,0,0,0,4,16,None
memory_retention_bake,33.33,0,73,0,282.83,1740,0,0,0,4,16,None
memory_retention_bake,34.33,0,73,0,282.108,1740,0,0,0,4,16,None
memory_retention_bake,35.33,0,73,0,283.39,1740,0,0,0,4,16,None
memory_retention_bake,36.33,0,73,0,283.351,1740,0,0,0,4,16,None
memory_retention_bake,37.33,0,73,0,283.67,1740,0,0,0,4,16,None
memory_retention_bake,38.33,0,73,0,282.647,1740,0,0,0,4,16,None
memory_retention_bake,39.33,0,73,0,282.236,1740,0,0,0,4,16,None
memory_retention_bake,40.39,0,74,0,282.615,1740,0,0,0,4,16,None
memory_retention_bake,41.39,0,74,0,283.266,1740,0,0,0,4,16,None
memory_retention_bake,42.4,0,74,0,283.873,1740,0,0,0,4,16,None
memory_retention_bake,43.4,0,74,0,284.037,1740,0,0,0,4,16,None
memory_retention_bake,44.4,0,74,0,284.197,1740,0,0,0,4,16,None
memory_retention_bake,45.4,0,74,0,283.812,1740,0,0,0,4,16,None
memory_retention_bake,46.4,0,74,0,282.839,1740,0,0,0,4,16,None
memory_retention_bake,47.45,0,74,0,283.015,1740,0,0,0,4,16,None
memory_retention_bake,48.45,0,74,0,283.913,1740,0,0,0,4,16,None
memory_retention_bake,49.45,0,74,0,283.954,1740,0,0,0,4,16,None
memory_retention_bake,50.45,0,74,0,283.507,1740,0,0,0,4,16,None
memory_retention_bake,51.45,0,74,0,283.197,1740,0,0,0,4,16,None
memory_retention_bake,52.46,0,74,0,284.263,1740,0,0,0,4,16,None
memory_retention_bake,53.46,0,74,0,284.384,1740,0,0,0,4,16,None
memory_retention_bake,54.5,0,74,0,284.598,1740,0,0,0,4,16,None
memory_retention_bake,55.5,0,74,0,283.606,1740,0,0,0,4,16,None
memory_retention_bake,56.51,0,74,0,283.601,1740,0,0,0,4,16,None
memory_retention_bake,57.51,0,74,0,283.628,1740,0,0,0,4,16,None
memory_retention_bake,58.51,0,74,0,284.231,1740,0,0,0,4,16,None
memory_retention_bake,59.51,0,74,0,284.383,1740,0,0,0,4,16,None
memory_retention_bake,60.51,0,74,0,284.029,1740,0,0,0,4,16,None
memory_retention_bake,61.57,0,74,0,283.579,1740,0,0,0,4,16,None
memory_retention_bake,62.57,0,74,0,284.389,1740,0,0,0,4,16,None
memory_retention_bake,63.57,0,74,0,284.362,1740,0,0,0,4,16,None
memory_retention_bake,64.57,0,74,0,285.001,1740,0,0,0,4,16,None
memory_retention_bake,65.57,0,74,0,283.14,1740,0,0,0,4,16,None
memory_retention_bake,66.57,0,74,0,282.851,1740,0,0,0,4,16,None
memory_retention_bake,67.57,0,74,0,283.99,1740,0,0,0,4,16,None
memory_retention_bake,68.63,0,74,0,284.054,1740,0,0,0,4,16,None
memory_retention_bake,69.63,0,74,0,284.487,1740,0,0,0,4,16,None
memory_retention_bake,70.63,0,74,0,284.164,1740,0,0,0,4,16,None
memory_retention_bake,71.63,0,74,0,284.237,1740,0,0,0,4,16,None
memory_retention_bake,72.63,0,74,0,282.975,1740,0,0,0,4,16,None
memory_retention_bake,73.63,0,74,0,283.089,1740,0,0,0,4,16,None
memory_retention_bake,74.64,0,74,0,283.609,1740,0,0,0,4,16,None
memory_retention_bake,75.7,0,74,0,283.087,1740,0,0,0,4,16,None
memory_retention_bake,76.7,0,74,0,283.243,1740,0,0,0,4,16,None
memory_retention_bake,77.7,0,74,0,283.561,1740,0,0,0,4,16,None
memory_retention_bake,78.7,0,74,0,283.268,1740,0,0,0,4,16,None
memory_retention_bake,79.7,0,74,0,282.691,1740,0,0,0,4,16,None
memory_retention_bake,80.7,0,74,0,283.345,1740,0,0,0,4,16,None
memory_retention_bake,81.7,0,74,0,283.812,1740,0,0,0,4,16,None
memory_retention_bake,82.76,0,74,0,282.83,1740,0,0,0,4,16,None
memory_retention_bake,83.76,0,74,0,283.678,1740,0,0,0,4,16,None
memory_retention_bake,84.76,0,74,0,283.679,1740,0,0,0,4,16,None
memory_retention_bake,85.76,0,74,0,282.589,1740,0,0,0,4,16,None
memory_retention_bake,86.76,0,74,0,283.751,1740,0,0,0,4,16,None
memory_retention_bake,87.76,0,74,0,283.507,1740,0,0,0,4,16,None
memory_retention_bake,88.77,0,74,0,283.092,1740,0,0,0,4,16,None
memory_retention_bake,89.81,0,74,0,283.126,1740,0,0,0,4,16,None
memory_retention_bake,90.81,0,74,0,282.664,1740,0,0,0,4,16,None
memory_retention_bake,91.81,0,74,0,282.994,1740,0,0,0,4,16,None
memory_retention_bake,92.82,0,74,0,283.16,1740,0,0,0,4,16,None
memory_retention_bake,93.82,0,74,0,283.463,1740,0,0,0,4,16,None
memory_retention_bake,94.82,0,74,0,283.359,1740,0,0,0,4,16,None
memory_retention_bake,95.82,0,74,0,282.973,1740,0,0,0,4,16,None
memory_retention_bake,96.87,0,74,0,283.03,1740,0,0,0,4,16,None
memory_retention_bake,97.87,0,74,0,282.241,1740,0,0,0,4,16,None
memory_retention_bake,98.87,0,74,0,282.631,1740,0,0,0,4,16,None
memory_retention_bake,99.87,0,74,0,282.438,1740,0,0,0,4,16,None
memory_retention_bake,100.87,0,74,0,282.029,1740,0,0,0,4,16,None
memory_retention_bake,101.87,0,74,0,281.787,1740,0,0,0,4,16,None
memory_retention_bake,102.88,0,74,0,282.403,1740,0,0,0,4,16,None
memory_retention_bake,103.93,0,74,0,282.82,1740,0,0,0,4,16,None
memory_retention_bake,104.93,0,74,0,282.353,1740,0,0,0,4,16,None
memory_retention_bake,105.93,0,74,0,282.174,1740,0,0,0,4,16,None
memory_retention_bake,106.94,0,74,0,282.597,1740,0,0,0,4,16,None
memory_retention_bake,107.94,0,74,0,283.26,1740,0,0,0,4,16,None
memory_retention_bake,108.94,0,74,0,282.468,1740,0,0,0,4,16,None
memory_retention_bake,109.94,0,74,0,282.754,1740,0,0,0,4,16,None
memory_retention_bake,111.0,0,74,0,283.419,1740,0,0,0,4,16,None
memory_retention_bake,112.0,0,74,0,282.189,1740,0,0,0,4,16,None
memory_retention_bake,113.0,0,74,0,282.317,1740,0,0,0,4,16,None
memory_retention_bake,114.0,0,74,0,282.426,1740,0,0,0,4,16,None
memory_retention_bake,115.0,0,74,0,282.248,1740,0,0,0,4,16,None
memory_retention_bake,116.0,0,74,0,281.579,1740,0,0,0,4,16,None
memory_retention_bake,117.0,0,74,0,281.984,1740,0,0,0,4,16,None
memory_retention_bake,118.08,0,74,0,281.449,1740,0,0,0,4,16,None
memory_retention_bake,119.08,0,74,0,281.942,1740,0,0,0,4,16,None
memory_retention_bake,120.08,0,74,0,282.239,1740,0,0,0,4,16,None
memory_pc_pingpong,0.0,0,67,0,202.434,1740,0,0,0,4,16,None
memory_pc_pingpong,1.0,0,65,0,128.854,1740,0,0,0,4,16,None
memory_pc_pingpong,2.42,0,66,0,196.631,1740,0,0,0,4,16,None
memory_pc_pingpong,3.42,0,66,0,204.529,1740,0,0,0,4,16,None
memory_pc_pingpong,4.42,0,66,0,206.07,1740,0,0,0,4,16,None
memory_pc_pingpong,5.46,0,66,0,205.566,1740,0,0,0,4,16,None
memory_pc_pingpong,6.47,0,65,0,204.617,1740,0,0,0,4,16,None
memory_pc_pingpong,7.47,0,65,0,204.278,1740,0,0,0,4,16,None
memory_pc_pingpong,8.49,0,65,0,203.914,1740,0,0,0,4,16,None
memory_pc_pingpong,9.49,0,65,0,204.768,1740,0,0,0,4,16,None
memory_pc_pingpong,10.49,0,64,0,204.078,1740,0,0,0,4,16,None
memory_pc_pingpong,11.54,0,64,0,202.878,1740,0,0,0,4,16,None
memory_pc_pingpong,12.54,0,64,0,203.782,1740,0,0,0,4,16,None
memory_pc_pingpong,13.54,0,64,0,204.62,1740,0,0,0,4,16,None
memory_pc_pingpong,14.57,0,64,0,203.677,1740,0,0,0,4,16,None
memory_pc_pingpong,15.58,0,64,0,202.32,1740,0,0,0,4,16,None
memory_pc_pingpong,16.58,0,64,0,203.463,1740,0,0,0,4,16,None
memory_pc_pingpong,17.61,0,64,0,202.875,1740,0,0,0,4,16,None
memory_pc_pingpong,18.61,0,63,0,202.216,1740,0,0,0,4,16,None
memory_pc_pingpong,19.62,0,63,0,202.006,1740,0,0,0,4,16,None
memory_pc_pingpong,20.67,0,63,0,202.267,1740,0,0,0,4,16,None
memory_pc_pingpong,21.67,0,63,0,202.466,1740,0,0,0,4,16,None
memory_pc_pingpong,22.68,0,63,0,202.361,1740,0,0,0,4,16,None
memory_pc_pingpong,23.69,0,63,0,201.484,1740,0,0,0,4,16,None
memory_pc_pingpong,24.69,0,63,0,201.883,1740,0,0,0,4,16,None
memory_pc_pingpong,25.7,0,63,0,202.556,1740,0,0,0,4,16,None
memory_pc_pingpong,26.74,0,63,0,201.493,1740,0,0,0,4,16,None
memory_pc_pingpong,27.75,0,63,0,200.782,1740,0,0,0,4,16,None
memory_pc_pingpong,28.75,0,62,0,202.672,1740,0,0,0,4,16,None
memory_pc_pingpong,29.77,0,62,0,202.015,1740,0,0,0,4,16,None
memory_pc_pingpong,30.77,0,62,0,201.552,1740,0,0,0,4,16,None
memory_pc_pingpong,31.78,0,62,0,201.439,1740,0,0,0,4,16,None
memory_pc_pingpong,32.82,0,62,0,201.025,1740,0,0,0,4,16,None
memory_pc_pingpong,33.82,0,62,0,201.619,1740,0,0,0,4,16,None
memory_pc_pingpong,34.82,0,62,0,201.17,1740,0,0,0,4,16,None
memory_pc_pingpong,35.86,0,62,0,200.214,1740,0,0,0,4,16,None
memory_pc_pingpong,36.87,0,62,0,201.157,1740,0,0,0,4,16,None
memory_pc_pingpong,37.87,0,62,0,201.56,1740,0,0,0,4,16,None
memory_pc_pingpong,38.88,0,62,0,201.301,1740,0,0,0,4,16,None
memory_pc_pingpong,39.88,0,62,0,200.42,1740,0,0,0,4,16,None
memory_pc_pingpong,40.89,0,62,0,201.401,1740,0,0,0,4,16,None
memory_pc_pingpong,41.95,0,62,0,200.504,1740,0,0,0,4,16,None
memory_pc_pingpong,42.95,0,62,0,199.843,1740,0,0,0,4,16,None
memory_pc_pingpong,43.95,0,61,0,200.821,1740,0,0,0,4,16,None
memory_pc_pingpong,44.98,0,61,0,200.745,1740,0,0,0,4,16,None
memory_pc_pingpong,45.98,0,61,0,201.0,1740,0,0,0,4,16,None
memory_pc_pingpong,46.99,0,61,0,200.379,1740,0,0,0,4,16,None
memory_pc_pingpong,48.04,0,61,0,199.622,1740,0,0,0,4,16,None
memory_pc_pingpong,49.04,0,61,0,200.868,1740,0,0,0,4,16,None
memory_pc_pingpong,50.04,0,61,0,201.342,1740,0,0,0,4,16,None
memory_pc_pingpong,51.1,0,61,0,200.093,1740,0,0,0,4,16,None
memory_pc_pingpong,52.1,0,61,0,199.747,1740,0,0,0,4,16,None
memory_pc_pingpong,53.1,0,61,0,201.21,1740,0,0,0,4,16,None
memory_pc_pingpong,54.12,0,61,0,200.058,1740,0,0,0,4,16,None
memory_pc_pingpong,55.12,0,61,0,199.032,1740,0,0,0,4,16,None
memory_pc_pingpong,56.13,0,61,0,200.23,1740,0,0,0,4,16,None
memory_pc_pingpong,57.18,0,61,0,199.832,1740,0,0,0,4,16,None
memory_pc_pingpong,58.18,0,61,0,200.139,1740,0,0,0,4,16,None
memory_pc_pingpong,59.19,0,61,0,199.677,1740,0,0,0,4,16,None
memory_pc_pingpong,60.22,0,61,0,199.077,1740,0,0,0,4,16,None
memory_pc_pingpong,61.22,0,61,0,199.769,1740,0,0,0,4,16,None
memory_pc_pingpong,62.22,0,61,0,200.647,1740,0,0,0,4,16,None
memory_pc_pingpong,63.25,0,61,0,199.112,1740,0,0,0,4,16,None
memory_pc_pingpong,64.25,0,61,0,199.762,1740,0,0,0,4,16,None
memory_pc_pingpong,65.26,0,61,0,200.783,1740,0,0,0,4,16,None
memory_pc_pingpong,66.53,0,61,0,199.702,1740,0,0,0,4,16,None
memory_pc_pingpong,67.95,0,61,0,198.893,1740,0,0,0,4,16,None
memory_pc_pingpong,68.95,0,61,0,200.197,1740,0,0,0,4,16,None
memory_pc_pingpong,69.98,0,61,0,200.52,1740,0,0,0,4,16,None
memory_pc_pingpong,71.04,0,61,0,199.379,1740,0,0,0,4,16,None
memory_pc_pingpong,72.04,0,61,0,199.446,1740,0,0,0,4,16,None
memory_pc_pingpong,73.05,0,60,0,200.472,1740,0,0,0,4,16,None
memory_pc_pingpong,74.2,0,60,0,199.351,1740,0,0,0,4,16,None
memory_pc_pingpong,75.21,0,60,0,198.583,1740,0,0,0,4,16,None
memory_pc_pingpong,76.21,0,60,0,199.793,1740,0,0,0,4,16,None
memory_pc_pingpong,77.26,0,60,0,199.574,1740,0,0,0,4,16,None
memory_pc_pingpong,78.27,0,60,0,199.225,1740,0,0,0,4,16,None
memory_pc_pingpong,79.27,0,60,0,198.936,1740,0,0,0,4,16,None
memory_pc_pingpong,80.29,0,60,0,198.308,1740,0,0,0,4,16,None
memory_pc_pingpong,81.29,0,60,0,199.781,1740,0,0,0,4,16,None
memory_pc_pingpong,82.29,0,60,0,199.591,1740,0,0,0,4,16,None
memory_pc_pingpong,83.33,0,60,0,198.913,1740,0,0,0,4,16,None
memory_pc_pingpong,84.33,0,60,0,201.553,1740,0,0,0,4,16,None
memory_pc_pingpong,85.33,0,60,0,200.284,1740,0,0,0,4,16,None
memory_pc_pingpong,86.36,0,60,0,199.457,1740,0,0,0,4,16,None
memory_pc_pingpong,87.37,0,60,0,198.219,1740,0,0,0,4,16,None
memory_pc_pingpong,88.37,0,60,0,199.504,1740,0,0,0,4,16,None
memory_pc_pingpong,89.39,0,60,0,198.969,1740,0,0,0,4,16,None
memory_pc_pingpong,90.4,0,60,0,199.147,1740,0,0,0,4,16,None
memory_pc_pingpong,91.4,0,60,0,198.579,1740,0,0,0,4,16,None
memory_pc_pingpong,92.45,0,60,0,198.675,1740,0,0,0,4,16,None
memory_pc_pingpong,93.46,0,60,0,199.096,1740,0,0,0,4,16,None
memory_pc_pingpong,94.46,0,60,0,199.392,1740,0,0,0,4,16,None
memory_pc_pingpong,95.47,0,60,0,197.646,1740,0,0,0,4,16,None
memory_pc_pingpong,96.47,0,60,0,199.154,1740,0,0,0,4,16,None
memory_pc_pingpong,97.47,0,60,0,199.539,1740,0,0,0,4,16,None
memory_pc_pingpong,98.53,0,60,0,199.213,1740,0,0,0,4,16,None
memory_pc_pingpong,99.53,0,60,0,198.275,1740,0,0,0,4,16,None
memory_pc_pingpong,100.53,0,60,0,199.776,1740,0,0,0,4,16,None
memory_pc_pingpong,101.56,0,60,0,199.237,1740,0,0,0,4,16,None
memory_pc_pingpong,102.56,0,60,0,198.258,1740,0,0,0,4,16,None
memory_pc_pingpong,103.57,0,60,0,198.954,1740,0,0,0,4,16,None
memory_pc_pingpong,104.61,0,60,0,198.499,1740,0,0,0,4,16,None
memory_pc_pingpong,105.61,0,60,0,199.152,1740,0,0,0,4,16,None
memory_pc_pingpong,106.61,0,60,0,198.809,1740,0,0,0,4,16,None
memory_pc_pingpong,107.66,0,60,0,197.643,1740,0,0,0,4,16,None
memory_pc_pingpong,108.66,0,60,0,198.821,1740,0,0,0,4,16,None
memory_pc_pingpong,109.67,0,60,0,199.692,1740,0,0,0,4,16,None
memory_pc_pingpong,110.69,0,60,0,198.038,1740,0,0,0,4,16,None
memory_pc_pingpong,111.69,0,60,0,198.115,1740,0,0,0,4,16,None
memory_pc_pingpong,112.69,0,60,0,199.301,1740,0,0,0,4,16,None
memory_pc_pingpong,113.74,0,60,0,199.239,1740,0,0,0,4,16,None
memory_pc_pingpong,114.74,0,60,0,197.75,1740,0,0,0,4,16,None
memory_pc_pingpong,115.75,0,60,0,199.057,1740,0,0,0,4,16,None
memory_pc_pingpong,116.77,0,60,0,198.526,1740,0,0,0,4,16,None
memory_pc_pingpong,117.77,0,60,0,197.609,1740,0,0,0,4,16,None
memory_pc_pingpong,118.78,0,60,0,197.677,1740,0,0,0,4,16,None
memory_pc_pingpong,119.81,0,60,0,196.925,1740,0,0,0,4,16,None
memory_pc_pingpong,120.81,0,60,0,198.318,1740,0,0,0,4,16,None
memory_pc_pingpong,121.81,0,59,0,190.121,1740,0,0,0,4,16,None
memory_bank_thrash,0.0,0,57,0,109.564,1740,0,0,0,4,16,None
memory_bank_thrash,1.13,0,60,0,162.994,1740,0,0,0,4,16,None
memory_bank_thrash,2.13,0,61,0,224.452,1740,0,0,0,4,16,None
memory_bank_thrash,3.14,0,61,0,225.654,1740,0,0,0,4,16,None
memory_bank_thrash,4.14,0,61,0,227.599,1740,0,0,0,4,16,None
memory_bank_thrash,5.29,0,61,0,226.962,1740,0,0,0,4,16,None
memory_bank_thrash,6.29,0,61,0,226.491,1740,0,0,0,4,16,None
memory_bank_thrash,7.3,0,61,0,225.494,1740,0,0,0,4,16,None
memory_bank_thrash,8.3,0,61,0,226.262,1740,0,0,0,4,16,None
memory_bank_thrash,9.43,0,61,0,224.194,1740,0,0,0,4,16,None
memory_bank_thrash,10.43,0,61,0,227.217,1740,0,0,0,4,16,None
memory_bank_thrash,11.44,0,62,0,225.788,1740,0,0,0,4,16,None
memory_bank_thrash,12.44,0,62,0,225.877,1740,0,0,0,4,16,None
memory_bank_thrash,13.61,0,61,0,224.969,1740,0,0,0,4,16,None
memory_bank_thrash,14.61,0,62,0,224.58,1740,0,0,0,4,16,None
memory_bank_thrash,15.61,0,62,0,226.497,1740,0,0,0,4,16,None
memory_bank_thrash,16.61,0,62,0,226.878,1740,0,0,0,4,16,None
memory_bank_thrash,17.76,0,62,0,226.779,1740,0,0,0,4,16,None
memory_bank_thrash,18.76,0,62,0,227.161,1740,0,0,0,4,16,None
memory_bank_thrash,19.76,0,62,0,226.19,1740,0,0,0,4,16,None
memory_bank_thrash,20.77,0,62,0,226.751,1740,0,0,0,4,16,None
memory_bank_thrash,21.89,0,62,0,227.399,1740,0,0,0,4,16,None
memory_bank_thrash,22.89,0,62,0,228.972,1740,0,0,0,4,16,None
memory_bank_thrash,23.9,0,62,0,226.745,1740,0,0,0,4,16,None
memory_bank_thrash,24.9,0,62,0,227.497,1740,0,0,0,4,16,None
memory_bank_thrash,26.05,0,62,0,226.39,1740,0,0,0,4,16,None
memory_bank_thrash,27.05,0,62,0,228.488,1740,0,0,0,4,16,None
memory_bank_thrash,28.05,0,62,0,228.646,1740,0,0,0,4,16,None
memory_bank_thrash,29.06,0,62,0,225.684,1740,0,0,0,4,16,None
memory_bank_thrash,30.22,0,62,0,225.906,1740,0,0,0,4,16,None
memory_bank_thrash,31.22,0,63,0,226.45,1740,0,0,0,4,16,None
memory_bank_thrash,32.22,0,62,0,230.162,1740,0,0,0,4,16,None
memory_bank_thrash,33.23,0,63,0,227.915,1740,0,0,0,4,16,None
memory_bank_thrash,34.35,0,63,0,228.665,1740,0,0,0,4,16,None
memory_bank_thrash,35.35,0,62,0,227.543,1740,0,0,0,4,16,None
memory_bank_thrash,36.35,0,63,0,227.822,1740,0,0,0,4,16,None
memory_bank_thrash,37.36,0,63,0,227.222,1740,0,0,0,4,16,None
memory_bank_thrash,38.49,0,63,0,229.342,1740,0,0,0,4,16,None
memory_bank_thrash,39.49,0,63,0,229.094,1740,0,0,0,4,16,None
memory_bank_thrash,40.49,0,63,0,227.596,1740,0,0,0,4,16,None
memory_bank_thrash,41.49,0,63,0,229.238,1740,0,0,0,4,16,None
memory_bank_thrash,42.65,0,63,0,226.846,1740,0,0,0,4,16,None
memory_bank_thrash,43.65,0,63,0,228.889,1740,0,0,0,4,16,None
memory_bank_thrash,44.65,0,63,0,229.919,1740,0,0,0,4,16,None
memory_bank_thrash,45.66,0,63,0,227.672,1740,0,0,0,4,16,None
memory_bank_thrash,46.81,0,63,0,227.005,1740,0,0,0,4,16,None
memory_bank_thrash,47.81,0,63,0,227.024,1740,0,0,0,4,16,None
memory_bank_thrash,48.81,0,63,0,227.901,1740,0,0,0,4,16,None
memory_bank_thrash,49.81,0,63,0,228.114,1740,0,0,0,4,16,None
memory_bank_thrash,50.95,0,63,0,228.284,1740,0,0,0,4,16,None
memory_bank_thrash,51.95,0,63,0,229.683,1740,0,0,0,4,16,None
memory_bank_thrash,52.95,0,63,0,227.71,1740,0,0,0,4,16,None
memory_bank_thrash,53.96,0,63,0,228.935,1740,0,0,0,4,16,None
memory_bank_thrash,55.1,0,63,0,227.375,1740,0,0,0,4,16,None
memory_bank_thrash,56.1,0,63,0,228.165,1740,0,0,0,4,16,None
memory_bank_thrash,57.1,0,63,0,229.469,1740,0,0,0,4,16,None
memory_bank_thrash,58.11,0,63,0,229.288,1740,0,0,0,4,16,None
memory_bank_thrash,59.25,0,63,0,227.739,1740,0,0,0,4,16,None
memory_bank_thrash,60.25,0,63,0,230.521,1740,0,0,0,4,16,None
memory_bank_thrash,61.25,0,63,0,228.803,1740,0,0,0,4,16,None
memory_bank_thrash,62.26,0,63,0,229.734,1740,0,0,0,4,16,None
memory_bank_thrash,63.38,0,64,0,228.866,1740,0,0,0,4,16,None
memory_bank_thrash,64.39,0,63,0,230.519,1740,0,0,0,4,16,None
memory_bank_thrash,65.39,0,63,0,228.035,1740,0,0,0,4,16,None
memory_bank_thrash,66.39,0,64,0,228.925,1740,0,0,0,4,16,None
memory_bank_thrash,67.53,0,64,0,227.797,1740,0,0,0,4,16,None
memory_bank_thrash,68.54,0,64,0,230.472,1740,0,0,0,4,16,None
memory_bank_thrash,69.54,0,64,0,229.674,1740,0,0,0,4,16,None
memory_bank_thrash,70.54,0,64,0,231.295,1740,0,0,0,4,16,None
memory_bank_thrash,71.7,0,64,0,229.407,1740,0,0,0,4,16,None
memory_bank_thrash,72.7,0,64,0,228.665,1740,0,0,0,4,16,None
memory_bank_thrash,73.71,0,63,0,229.144,1740,0,0,0,4,16,None
memory_bank_thrash,74.71,0,64,0,229.9,1740,0,0,0,4,16,None
memory_bank_thrash,75.85,0,64,0,227.124,1740,0,0,0,4,16,None
memory_bank_thrash,76.85,0,64,0,230.57,1740,0,0,0,4,16,None
memory_bank_thrash,77.85,0,64,0,228.915,1740,0,0,0,4,16,None
memory_bank_thrash,78.85,0,64,0,229.279,1740,0,0,0,4,16,None
memory_bank_thrash,79.98,0,64,0,229.014,1740,0,0,0,4,16,None
memory_bank_thrash,80.98,0,64,0,228.084,1740,0,0,0,4,16,None
memory_bank_thrash,81.99,0,64,0,232.126,1740,0,0,0,4,16,None
memory_bank_thrash,82.99,0,64,0,230.641,1740,0,0,0,4,16,None
memory_bank_thrash,84.13,0,64,0,230.129,1740,0,0,0,4,16,None
memory_bank_thrash,85.13,0,64,0,229.556,1740,0,0,0,4,16,None
memory_bank_thrash,86.13,0,64,0,228.855,1740,0,0,0,4,16,None
memory_bank_thrash,87.13,0,64,0,230.51,1740,0,0,0,4,16,None
memory_bank_thrash,88.29,0,64,0,230.339,1740,0,0,0,4,16,None
memory_bank_thrash,89.29,0,64,0,229.746,1740,0,0,0,4,16,None
memory_bank_thrash,90.29,0,64,0,229.596,1740,0,0,0,4,16,None
memory_bank_thrash,91.29,0,64,0,231.367,1740,0,0,0,4,16,None
memory_bank_thrash,92.42,0,64,0,228.115,1740,0,0,0,4,16,None
memory_bank_thrash,93.42,0,64,0,231.474,1740,0,0,0,4,16,None
memory_bank_thrash,94.43,0,64,0,229.713,1740,0,0,0,4,16,None
memory_bank_thrash,95.43,0,64,0,229.587,1740,0,0,0,4,16,None
memory_bank_thrash,96.58,0,64,0,229.968,1740,0,0,0,4,16,None
memory_bank_thrash,97.58,0,64,0,229.243,1740,0,0,0,4,16,None
memory_bank_thrash,98.58,0,64,0,231.603,1740,0,0,0,4,16,None
memory_bank_thrash,99.59,0,64,0,229.397,1740,0,0,0,4,16,None
memory_bank_thrash,100.75,0,64,0,230.641,1740,0,0,0,4,16,None
memory_bank_thrash,101.75,0,64,0,229.66,1740,0,0,0,4,16,None
memory_bank_thrash,102.76,0,64,0,231.178,1740,0,0,0,4,16,None
memory_bank_thrash,103.76,0,64,0,232.569,1740,0,0,0,4,16,None
memory_bank_thrash,104.89,0,64,0,228.842,1740,0,0,0,4,16,None
memory_bank_thrash,105.89,0,64,0,229.494,1740,0,0,0,4,16,None
memory_bank_thrash,106.89,0,64,0,231.365,1740,0,0,0,4,16,None
memory_bank_thrash,107.89,0,64,0,230.194,1740,0,0,0,4,16,None
memory_bank_thrash,109.05,0,64,0,230.846,1740,0,0,0,4,16,None
memory_bank_thrash,110.05,0,64,0,229.747,1740,0,0,0,4,16,None
memory_bank_thrash,111.05,0,64,0,229.865,1740,0,0,0,4,16,None
memory_bank_thrash,112.06,0,64,0,229.751,1740,0,0,0,4,16,None
memory_bank_thrash,113.22,0,64,0,231.227,1740,0,0,0,4,16,None
memory_bank_thrash,114.22,0,64,0,229.968,1740,0,0,0,4,16,None
memory_bank_thrash,115.22,0,64,0,229.658,1740,0,0,0,4,16,None
memory_bank_thrash,116.23,0,64,0,231.595,1740,0,0,0,4,16,None
memory_bank_thrash,117.36,0,64,0,229.009,1740,0,0,0,4,16,None
memory_bank_thrash,118.36,0,64,0,230.118,1740,0,0,0,4,16,None
memory_bank_thrash,119.36,0,64,0,231.501,1740,0,0,0,4,16,None
memory_bank_thrash,120.37,0,64,0,228.843,1740,0,0,0,4,16,None
memory_bank_thrash,121.51,0,64,0,229.371,1740,0,0,0,4,16,None
memory_bank_thrash,122.51,0,64,0,229.316,1740,0,0,0,4,16,None
memory_bank_thrash,123.51,0,64,0,231.089,1740,0,0,0,4,16,None
memory_tsv_thrasher,0.0,0,61,0,144.327,1740,0,0,0,4,16,None
memory_tsv_thrasher,1.03,0,62,0,127.351,1740,0,0,0,4,16,None
memory_tsv_thrasher,2.03,0,62,0,190.903,1740,0,0,0,4,16,None
memory_tsv_thrasher,3.03,0,62,0,191.049,1740,0,0,0,4,16,None
memory_tsv_thrasher,4.03,0,62,0,190.886,1740,0,0,0,4,16,None
memory_tsv_thrasher,5.26,0,62,0,190.341,1740,0,0,0,4,16,None
memory_tsv_thrasher,6.26,0,62,0,190.966,1740,0,0,0,4,16,None
memory_tsv_thrasher,7.26,0,62,0,190.817,1740,0,0,0,4,16,None
memory_tsv_thrasher,8.27,0,62,0,190.413,1740,0,0,0,4,16,None
memory_tsv_thrasher,9.5,0,62,0,190.064,1740,0,0,0,4,16,None
memory_tsv_thrasher,10.5,0,62,0,190.319,1740,0,0,0,4,16,None
memory_tsv_thrasher,11.51,0,62,0,190.635,1740,0,0,0,4,16,None
memory_tsv_thrasher,12.51,0,62,0,190.188,1740,0,0,0,4,16,None
memory_tsv_thrasher,13.74,0,61,0,189.524,1740,0,0,0,4,16,None
memory_tsv_thrasher,14.74,0,61,0,190.276,1740,0,0,0,4,16,None
memory_tsv_thrasher,15.75,0,61,0,190.109,1740,0,0,0,4,16,None
memory_tsv_thrasher,16.75,0,61,0,189.763,1740,0,0,0,4,16,None
memory_tsv_thrasher,17.98,0,61,0,189.381,1740,0,0,0,4,16,None
memory_tsv_thrasher,18.98,0,61,0,189.708,1740,0,0,0,4,16,None
memory_tsv_thrasher,19.98,0,61,0,190.046,1740,0,0,0,4,16,None
memory_tsv_thrasher,20.99,0,61,0,189.254,1740,0,0,0,4,16,None
memory_tsv_thrasher,22.23,0,61,0,188.662,1740,0,0,0,4,16,None
memory_tsv_thrasher,23.23,0,61,0,189.648,1740,0,0,0,4,16,None
memory_tsv_thrasher,24.23,0,61,0,189.21,1740,0,0,0,4,16,None
memory_tsv_thrasher,25.23,0,61,0,188.95,1740,0,0,0,4,16,None
memory_tsv_thrasher,26.46,0,61,0,188.612,1740,0,0,0,4,16,None
memory_tsv_thrasher,27.46,0,61,0,189.078,1740,0,0,0,4,16,None
memory_tsv_thrasher,28.47,0,61,0,189.274,1740,0,0,0,4,16,None
memory_tsv_thrasher,29.47,0,60,0,188.829,1740,0,0,0,4,16,None
memory_tsv_thrasher,30.7,0,60,0,188.359,1740,0,0,0,4,16,None
memory_tsv_thrasher,31.7,0,60,0,189.058,1740,0,0,0,4,16,None
memory_tsv_thrasher,32.7,0,60,0,189.089,1740,0,0,0,4,16,None
memory_tsv_thrasher,33.71,0,60,0,188.659,1740,0,0,0,4,16,None
memory_tsv_thrasher,34.93,0,60,0,188.064,1740,0,0,0,4,16,None
memory_tsv_thrasher,35.94,0,60,0,188.724,1740,0,0,0,4,16,None
memory_tsv_thrasher,36.94,0,60,0,188.966,1740,0,0,0,4,16,None
memory_tsv_thrasher,37.94,0,60,0,188.474,1740,0,0,0,4,16,None
memory_tsv_thrasher,39.18,0,60,0,188.266,1740,0,0,0,4,16,None
memory_tsv_thrasher,40.18,0,60,0,188.708,1740,0,0,0,4,16,None
memory_tsv_thrasher,41.18,0,60,0,188.834,1740,0,0,0,4,16,None
memory_tsv_thrasher,42.19,0,60,0,188.398,1740,0,0,0,4,16,None
memory_tsv_thrasher,43.42,0,60,0,187.709,1740,0,0,0,4,16,None
memory_tsv_thrasher,44.42,0,60,0,188.331,1740,0,0,0,4,16,None
memory_tsv_thrasher,45.42,0,60,0,188.452,1740,0,0,0,4,16,None
memory_tsv_thrasher,46.42,0,60,0,188.031,1740,0,0,0,4,16,None
memory_tsv_thrasher,47.66,0,60,0,187.636,1740,0,0,0,4,16,None
memory_tsv_thrasher,48.66,0,60,0,188.278,1740,0,0,0,4,16,None
memory_tsv_thrasher,49.66,0,60,0,188.155,1740,0,0,0,4,16,None
memory_tsv_thrasher,50.67,0,60,0,188.014,1740,0,0,0,4,16,None
memory_tsv_thrasher,51.89,0,60,0,187.314,1740,0,0,0,4,16,None
memory_tsv_thrasher,52.9,0,60,0,188.0,1740,0,0,0,4,16,None
memory_tsv_thrasher,53.9,0,60,0,188.334,1740,0,0,0,4,16,None
memory_tsv_thrasher,54.9,0,60,0,187.655,1740,0,0,0,4,16,None
memory_tsv_thrasher,56.13,0,59,0,187.328,1740,0,0,0,4,16,None
memory_tsv_thrasher,57.14,0,59,0,187.735,1740,0,0,0,4,16,None
memory_tsv_thrasher,58.14,0,59,0,188.077,1740,0,0,0,4,16,None
memory_tsv_thrasher,59.14,0,59,0,187.686,1740,0,0,0,4,16,None
memory_tsv_thrasher,60.37,0,59,0,187.504,1740,0,0,0,4,16,None
memory_tsv_thrasher,61.37,0,59,0,187.861,1740,0,0,0,4,16,None
memory_tsv_thrasher,62.37,0,59,0,188.016,1740,0,0,0,4,16,None
memory_tsv_thrasher,63.37,0,59,0,187.749,1740,0,0,0,4,16,None
memory_tsv_thrasher,64.61,0,59,0,186.986,1740,0,0,0,4,16,None
memory_tsv_thrasher,65.61,0,59,0,187.501,1740,0,0,0,4,16,None
memory_tsv_thrasher,66.61,0,59,0,187.762,1740,0,0,0,4,16,None
memory_tsv_thrasher,67.61,0,59,0,187.439,1740,0,0,0,4,16,None
memory_tsv_thrasher,68.85,0,59,0,186.792,1740,0,0,0,4,16,None
memory_tsv_thrasher,69.86,0,59,0,187.63,1740,0,0,0,4,16,None
memory_tsv_thrasher,70.86,0,59,0,187.509,1740,0,0,0,4,16,None
memory_tsv_thrasher,71.87,0,59,0,187.514,1740,0,0,0,4,16,None
memory_tsv_thrasher,73.1,0,59,0,186.719,1740,0,0,0,4,16,None
memory_tsv_thrasher,74.1,0,59,0,187.162,1740,0,0,0,4,16,None
memory_tsv_thrasher,75.1,0,59,0,187.743,1740,0,0,0,4,16,None
memory_tsv_thrasher,76.11,0,59,0,186.951,1740,0,0,0,4,16,None
memory_tsv_thrasher,77.33,0,59,0,186.852,1740,0,0,0,4,16,None
memory_tsv_thrasher,78.33,0,59,0,187.24,1740,0,0,0,4,16,None
memory_tsv_thrasher,79.33,0,59,0,187.349,1740,0,0,0,4,16,None
memory_tsv_thrasher,80.34,0,59,0,187.304,1740,0,0,0,4,16,None
memory_tsv_thrasher,81.57,0,59,0,186.677,1740,0,0,0,4,16,None
memory_tsv_thrasher,82.58,0,59,0,186.875,1740,0,0,0,4,16,None
memory_tsv_thrasher,83.58,0,59,0,187.469,1740,0,0,0,4,16,None
memory_tsv_thrasher,84.58,0,59,0,186.994,1740,0,0,0,4,16,None
memory_tsv_thrasher,85.83,0,59,0,186.674,1740,0,0,0,4,16,None
memory_tsv_thrasher,86.83,0,59,0,187.307,1740,0,0,0,4,16,None
memory_tsv_thrasher,87.83,0,59,0,187.336,1740,0,0,0,4,16,None
memory_tsv_thrasher,88.83,0,59,0,187.165,1740,0,0,0,4,16,None
memory_tsv_thrasher,90.06,0,59,0,186.212,1740,0,0,0,4,16,None
memory_tsv_thrasher,91.06,0,59,0,186.884,1740,0,0,0,4,16,None
memory_tsv_thrasher,92.07,0,59,0,187.172,1740,0,0,0,4,16,None
memory_tsv_thrasher,93.07,0,59,0,186.995,1740,0,0,0,4,16,None
memory_tsv_thrasher,94.3,0,59,0,186.451,1740,0,0,0,4,16,None
memory_tsv_thrasher,95.3,0,59,0,186.924,1740,0,0,0,4,16,None
memory_tsv_thrasher,96.3,0,59,0,187.094,1740,0,0,0,4,16,None
memory_tsv_thrasher,97.3,0,59,0,186.838,1740,0,0,0,4,16,None
memory_tsv_thrasher,98.54,0,59,0,186.511,1740,0,0,0,4,16,None
memory_tsv_thrasher,99.54,0,59,0,186.759,1740,0,0,0,4,16,None
memory_tsv_thrasher,100.54,0,59,0,187.319,1740,0,0,0,4,16,None
memory_tsv_thrasher,101.55,0,59,0,186.669,1740,0,0,0,4,16,None
memory_tsv_thrasher,102.77,0,59,0,186.236,1740,0,0,0,4,16,None
memory_tsv_thrasher,103.78,0,59,0,186.922,1740,0,0,0,4,16,None
memory_tsv_thrasher,104.78,0,59,0,187.012,1740,0,0,0,4,16,None
memory_tsv_thrasher,105.78,0,59,0,186.947,1740,0,0,0,4,16,None
memory_tsv_thrasher,107.01,0,59,0,186.393,1740,0,0,0,4,16,None
memory_tsv_thrasher,108.02,0,59,0,186.942,1740,0,0,0,4,16,None
memory_tsv_thrasher,109.02,0,59,0,187.023,1740,0,0,0,4,16,None
memory_tsv_thrasher,110.02,0,59,0,186.863,1740,0,0,0,4,16,None
memory_tsv_thrasher,111.25,0,59,0,186.126,1740,0,0,0,4,16,None
memory_tsv_thrasher,112.25,0,59,0,186.595,1740,0,0,0,4,16,None
memory_tsv_thrasher,113.25,0,59,0,187.154,1740,0,0,0,4,16,None
memory_tsv_thrasher,114.25,0,58,0,186.66,1740,0,0,0,4,16,None
memory_tsv_thrasher,115.58,0,58,0,185.995,1740,0,0,0,4,16,None
memory_tsv_thrasher,116.58,0,58,0,186.832,1740,0,0,0,4,16,None
memory_tsv_thrasher,117.59,0,58,0,186.67,1740,0,0,0,4,16,None
memory_tsv_thrasher,118.59,0,58,0,186.413,1740,0,0,0,4,16,None
memory_tsv_thrasher,119.81,0,58,0,186.031,1740,0,0,0,4,16,None
memory_tsv_thrasher,120.82,0,58,0,186.612,1740,0,0,0,4,16,None
memory_tsv_thrasher,121.82,0,58,0,186.844,1740,0,0,0,4,16,None
memory_tsv_thrasher,122.82,0,58,0,186.486,1740,0,0,0,4,16,None
memory_tsv_thrasher,124.05,0,58,0,185.965,1740,0,0,0,4,16,None
memory_tsv_thrasher,125.05,0,58,0,186.772,1740,0,0,0,4,16,None
tlb_avalanche,0.0,0,56,0,151.619,1740,0,0,0,4,16,None
tlb_avalanche,1.0,0,58,0,136.52,1740,0,0,0,4,16,None
tlb_avalanche,2.18,0,59,0,215.646,1740,0,0,0,4,16,None
tlb_avalanche,3.18,0,59,0,216.209,1740,0,0,0,4,16,None
tlb_avalanche,4.18,0,59,0,216.757,1740,0,0,0,4,16,None
tlb_avalanche,5.18,0,59,0,216.58,1740,0,0,0,4,16,None
tlb_avalanche,6.18,0,59,0,216.658,1740,0,0,0,4,16,None
tlb_avalanche,7.18,0,60,0,217.226,1740,0,0,0,4,16,None
tlb_avalanche,8.19,0,60,0,216.941,1740,0,0,0,4,16,None
tlb_avalanche,9.19,0,60,0,217.609,1740,0,0,0,4,16,None
tlb_avalanche,10.19,0,60,0,217.38,1740,0,0,0,4,16,None
tlb_avalanche,11.19,0,60,0,217.835,1740,0,0,0,4,16,None
tlb_avalanche,12.2,0,60,0,217.532,1740,0,0,0,4,16,None
tlb_avalanche,13.2,0,60,0,217.785,1740,0,0,0,4,16,None
tlb_avalanche,14.2,0,60,0,218.028,1740,0,0,0,4,16,None
tlb_avalanche,15.2,0,60,0,217.186,1740,0,0,0,4,16,None
tlb_avalanche,16.2,0,60,0,218.135,1740,0,0,0,4,16,None
tlb_avalanche,17.21,0,60,0,217.446,1740,0,0,0,4,16,None
tlb_avalanche,18.21,0,60,0,218.096,1740,0,0,0,4,16,None
tlb_avalanche,19.21,0,60,0,218.103,1740,0,0,0,4,16,None
tlb_avalanche,20.22,0,60,0,218.471,1740,0,0,0,4,16,None
tlb_avalanche,21.22,0,60,0,218.36,1740,0,0,0,4,16,None
tlb_avalanche,22.22,0,60,0,218.467,1740,0,0,0,4,16,None
tlb_avalanche,23.22,0,60,0,218.298,1740,0,0,0,4,16,None
tlb_avalanche,24.22,0,60,0,217.964,1740,0,0,0,4,16,None
tlb_avalanche,25.23,0,60,0,218.733,1740,0,0,0,4,16,None
tlb_avalanche,26.23,0,61,0,218.337,1740,0,0,0,4,16,None
tlb_avalanche,27.23,0,61,0,218.834,1740,0,0,0,4,16,None
tlb_avalanche,28.23,0,61,0,218.403,1740,0,0,0,4,16,None
tlb_avalanche,29.23,0,61,0,218.925,1740,0,0,0,4,16,None
tlb_avalanche,30.23,0,61,0,218.04,1740,0,0,0,4,16,None
tlb_avalanche,31.24,0,61,0,218.939,1740,0,0,0,4,16,None
tlb_avalanche,32.24,0,61,0,218.735,1740,0,0,0,4,16,None
tlb_avalanche,33.24,0,61,0,218.37,1740,0,0,0,4,16,None
tlb_avalanche,34.24,0,61,0,219.2,1740,0,0,0,4,16,None
tlb_avalanche,35.24,0,61,0,218.885,1740,0,0,0,4,16,None
tlb_avalanche,36.24,0,61,0,219.327,1740,0,0,0,4,16,None
tlb_avalanche,37.24,0,61,0,219.163,1740,0,0,0,4,16,None
tlb_avalanche,38.25,0,61,0,219.045,1740,0,0,0,4,16,None
tlb_avalanche,39.25,0,61,0,218.573,1740,0,0,0,4,16,None
tlb_avalanche,40.25,0,61,0,219.472,1740,0,0,0,4,16,None
tlb_avalanche,41.25,0,61,0,219.359,1740,0,0,0,4,16,None
tlb_avalanche,42.25,0,61,0,218.767,1740,0,0,0,4,16,None
tlb_avalanche,43.25,0,61,0,219.517,1740,0,0,0,4,16,None
tlb_avalanche,44.26,0,61,0,219.354,1740,0,0,0,4,16,None
tlb_avalanche,45.26,0,61,0,219.824,1740,0,0,0,4,16,None
tlb_avalanche,46.26,0,61,0,219.348,1740,0,0,0,4,16,None
tlb_avalanche,47.26,0,61,0,219.583,1740,0,0,0,4,16,None
tlb_avalanche,48.27,0,61,0,218.976,1740,0,0,0,4,16,None
tlb_avalanche,49.27,0,62,0,219.825,1740,0,0,0,4,16,None
tlb_avalanche,50.27,0,62,0,219.905,1740,0,0,0,4,16,None
tlb_avalanche,51.27,0,62,0,219.524,1740,0,0,0,4,16,None
tlb_avalanche,52.27,0,62,0,219.66,1740,0,0,0,4,16,None
tlb_avalanche,53.27,0,62,0,219.765,1740,0,0,0,4,16,None
tlb_avalanche,54.27,0,62,0,220.069,1740,0,0,0,4,16,None
tlb_avalanche,55.28,0,62,0,219.308,1740,0,0,0,4,16,None
tlb_avalanche,56.28,0,62,0,220.043,1740,0,0,0,4,16,None
tlb_avalanche,57.28,0,62,0,219.832,1740,0,0,0,4,16,None
tlb_avalanche,58.28,0,62,0,219.733,1740,0,0,0,4,16,None
tlb_avalanche,59.28,0,62,0,220.044,1740,0,0,0,4,16,None
tlb_avalanche,60.28,0,62,0,220.033,1740,0,0,0,4,16,None
tlb_avalanche,61.29,0,62,0,220.215,1740,0,0,0,4,16,None
tlb_avalanche,62.29,0,62,0,219.992,1740,0,0,0,4,16,None
tlb_avalanche,63.29,0,62,0,220.164,1740,0,0,0,4,16,None
tlb_avalanche,64.29,0,62,0,219.774,1740,0,0,0,4,16,None
tlb_avalanche,65.29,0,62,0,220.425,1740,0,0,0,4,16,None
tlb_avalanche,66.29,0,62,0,220.315,1740,0,0,0,4,16,None
tlb_avalanche,67.3,0,62,0,219.941,1740,0,0,0,4,16,None
tlb_avalanche,68.3,0,62,0,220.487,1740,0,0,0,4,16,None
tlb_avalanche,69.3,0,62,0,220.231,1740,0,0,0,4,16,None
tlb_avalanche,70.3,0,62,0,220.382,1740,0,0,0,4,16,None
tlb_avalanche,71.3,0,62,0,219.539,1740,0,0,0,4,16,None
tlb_avalanche,72.3,0,62,0,220.084,1740,0,0,0,4,16,None
tlb_avalanche,73.31,0,62,0,219.779,1740,0,0,0,4,16,None
tlb_avalanche,74.31,0,62,0,220.726,1740,0,0,0,4,16,None
tlb_avalanche,75.31,0,62,0,220.547,1740,0,0,0,4,16,None
tlb_avalanche,76.31,0,62,0,220.545,1740,0,0,0,4,16,None
tlb_avalanche,77.31,0,62,0,220.628,1740,0,0,0,4,16,None
tlb_avalanche,78.31,0,62,0,220.54,1740,0,0,0,4,16,None
tlb_avalanche,79.32,0,62,0,220.827,1740,0,0,0,4,16,None
tlb_avalanche,80.32,0,62,0,219.873,1740,0,0,0,4,16,None
tlb_avalanche,81.32,0,62,0,220.753,1740,0,0,0,4,16,None
tlb_avalanche,82.32,0,62,0,220.548,1740,0,0,0,4,16,None
tlb_avalanche,83.32,0,62,0,220.764,1740,0,0,0,4,16,None
tlb_avalanche,84.32,0,62,0,220.805,1740,0,0,0,4,16,None
tlb_avalanche,85.33,0,62,0,220.739,1740,0,0,0,4,16,None
tlb_avalanche,86.33,0,62,0,220.974,1740,0,0,0,4,16,None
tlb_avalanche,87.33,0,62,0,220.428,1740,0,0,0,4,16,None
tlb_avalanche,88.33,0,63,0,220.84,1740,0,0,0,4,16,None
tlb_avalanche,89.33,0,63,0,220.388,1740,0,0,0,4,16,None
tlb_avalanche,90.33,0,63,0,220.908,1740,0,0,0,4,16,None
tlb_avalanche,91.34,0,63,0,220.483,1740,0,0,0,4,16,None
tlb_avalanche,92.34,0,62,0,220.615,1740,0,0,0,4,16,None
tlb_avalanche,93.55,0,63,0,220.75,1740,0,0,0,4,16,None
tlb_avalanche,94.55,0,63,0,220.949,1740,0,0,0,4,16,None
tlb_avalanche,95.56,0,63,0,220.111,1740,0,0,0,4,16,None
tlb_avalanche,96.56,0,63,0,220.201,1740,0,0,0,4,16,None
tlb_avalanche,97.56,0,63,0,221.013,1740,0,0,0,4,16,None
tlb_avalanche,98.56,0,63,0,220.428,1740,0,0,0,4,16,None
tlb_avalanche,99.56,0,63,0,221.076,1740,0,0,0,4,16,None
tlb_avalanche,100.56,0,63,0,220.848,1740,0,0,0,4,16,None
tlb_avalanche,101.57,0,63,0,221.309,1740,0,0,0,4,16,None
tlb_avalanche,102.57,0,63,0,221.015,1740,0,0,0,4,16,None
tlb_avalanche,103.57,0,63,0,220.705,1740,0,0,0,4,16,None
tlb_avalanche,104.57,0,63,0,221.213,1740,0,0,0,4,16,None
tlb_avalanche,105.57,0,63,0,220.6,1740,0,0,0,4,16,None
tlb_avalanche,106.57,0,63,0,221.213,1740,0,0,0,4,16,None
tlb_avalanche,107.57,0,63,0,220.701,1740,0,0,0,4,16,None
tlb_avalanche,108.58,0,63,0,221.012,1740,0,0,0,4,16,None
tlb_avalanche,109.58,0,63,0,220.852,1740,0,0,0,4,16,None
tlb_avalanche,110.58,0,63,0,221.461,1740,0,0,0,4,16,None
tlb_avalanche,111.58,0,63,0,220.397,1740,0,0,0,4,16,None
tlb_avalanche,112.58,0,63,0,221.34,1740,0,0,0,4,16,None
tlb_avalanche,113.58,0,63,0,221.145,1740,0,0,0,4,16,None
tlb_avalanche,114.59,0,63,0,220.667,1740,0,0,0,4,16,None
tlb_avalanche,115.59,0,63,0,221.512,1740,0,0,0,4,16,None
tlb_avalanche,116.59,0,63,0,221.065,1740,0,0,0,4,16,None
tlb_avalanche,117.59,0,63,0,221.569,1740,0,0,0,4,16,None
tlb_avalanche,118.59,0,63,0,221.233,1740,0,0,0,4,16,None
tlb_avalanche,119.59,0,63,0,221.318,1740,0,0,0,4,16,None
tlb_avalanche,120.6,0,63,0,220.637,1740,0,0,0,4,16,None
tlb_avalanche,121.6,0,63,0,221.528,1740,0,0,0,4,16,None
tlb_avalanche,122.6,0,63,0,221.567,1740,0,0,0,4,16,None
tlb_avalanche,123.6,0,63,0,220.811,1740,0,0,0,4,16,None
ras_validator,0.17,0,60,0,142.372,1740,0,0,0,4,16,None
ras_validator,1.18,0,63,0,181.049,1740,0,0,0,4,16,None
ras_validator,2.33,0,63,0,202.703,1740,0,0,0,4,16,None
ras_validator,3.34,0,64,0,236.891,1740,0,0,0,4,16,None
ras_validator,4.49,0,64,0,236.712,1740,0,0,0,4,16,None
ras_validator,5.5,0,64,0,236.296,1740,0,0,0,4,16,None
ras_validator,6.67,0,64,0,235.958,1740,0,0,0,4,16,None
ras_validator,7.68,0,64,0,236.207,1740,0,0,0,4,16,None
ras_validator,8.68,0,64,0,236.092,1740,0,0,0,4,16,None
ras_validator,9.69,0,64,0,235.933,1740,0,0,0,4,16,None
ras_validator,10.69,0,64,0,235.176,1740,0,0,0,4,16,None
ras_validator,11.7,0,64,0,235.762,1740,0,0,0,4,16,None
ras_validator,12.71,0,64,0,234.93,1740,0,0,0,4,16,None
ras_validator,13.72,0,65,0,235.974,1740,0,0,0,4,16,None
ras_validator,14.72,0,65,0,235.706,1740,0,0,0,4,16,None
ras_validator,15.73,0,65,0,235.265,1740,0,0,0,4,16,None
ras_validator,16.74,0,65,0,234.683,1740,0,0,0,4,16,None
ras_validator,17.74,0,65,0,235.345,1740,0,0,0,4,16,None
ras_validator,18.75,0,65,0,235.406,1740,0,0,0,4,16,None
ras_validator,19.75,0,65,0,236.289,1740,0,0,0,4,16,None
ras_validator,20.76,0,65,0,235.154,1740,0,0,0,4,16,None
ras_validator,21.76,0,65,0,236.402,1740,0,0,0,4,16,None
ras_validator,22.77,0,65,0,236.468,1740,0,0,0,4,16,None
ras_validator,23.78,0,65,0,237.447,1740,0,0,0,4,16,None
ras_validator,24.78,0,65,0,237.47,1740,0,0,0,4,16,None
ras_validator,25.79,0,65,0,237.955,1740,0,0,0,4,16,None
ras_validator,26.79,0,65,0,238.253,1740,0,0,0,4,16,None
ras_validator,27.8,0,65,0,237.783,1740,0,0,0,4,16,None
ras_validator,28.8,0,65,0,238.113,1740,0,0,0,4,16,None
ras_validator,29.81,0,65,0,238.522,1740,0,0,0,4,16,None
ras_validator,30.82,0,65,0,237.96,1740,0,0,0,4,16,None
ras_validator,31.82,0,65,0,238.642,1740,0,0,0,4,16,None
ras_validator,32.83,0,65,0,237.708,1740,0,0,0,4,16,None
ras_validator,33.83,0,65,0,238.51,1740,0,0,0,4,16,None
ras_validator,34.84,0,65,0,237.84,1740,0,0,0,4,16,None
ras_validator,35.84,0,65,0,238.395,1740,0,0,0,4,16,None
ras_validator,36.85,0,65,0,238.563,1740,0,0,0,4,16,None
ras_validator,37.86,0,65,0,238.087,1740,0,0,0,4,16,None
ras_validator,38.86,0,65,0,237.952,1740,0,0,0,4,16,None
ras_validator,39.87,0,65,0,238.132,1740,0,0,0,4,16,None
ras_validator,40.87,0,65,0,238.19,1740,0,0,0,4,16,None
ras_validator,41.88,0,65,0,238.248,1740,0,0,0,4,16,None
ras_validator,42.88,0,65,0,238.334,1740,0,0,0,4,16,None
ras_validator,43.89,0,65,0,238.992,1740,0,0,0,4,16,None
ras_validator,44.89,0,65,0,238.774,1740,0,0,0,4,16,None
ras_validator,45.9,0,65,0,239.474,1740,0,0,0,4,16,None
ras_validator,46.91,0,65,0,238.692,1740,0,0,0,4,16,None
ras_validator,47.91,0,65,0,238.337,1740,0,0,0,4,16,None
ras_validator,48.92,0,65,0,238.919,1740,0,0,0,4,16,None
ras_validator,49.92,0,65,0,238.443,1740,0,0,0,4,16,None
ras_validator,50.93,0,65,0,238.564,1740,0,0,0,4,16,None
ras_validator,51.93,0,65,0,238.716,1740,0,0,0,4,16,None
ras_validator,52.94,0,65,0,238.249,1740,0,0,0,4,16,None
ras_validator,53.95,0,65,0,238.898,1740,0,0,0,4,16,None
ras_validator,54.95,0,65,0,238.475,1740,0,0,0,4,16,None
ras_validator,55.95,0,65,0,238.358,1740,0,0,0,4,16,None
ras_validator,56.96,0,65,0,238.78,1740,0,0,0,4,16,None
ras_validator,57.97,0,65,0,238.487,1740,0,0,0,4,16,None
ras_validator,58.97,0,66,0,238.754,1740,0,0,0,4,16,None
ras_validator,59.98,0,65,0,238.533,1740,0,0,0,4,16,None
ras_validator,60.98,0,66,0,239.457,1740,0,0,0,4,16,None
ras_validator,61.99,0,66,0,238.91,1740,0,0,0,4,16,None
ras_validator,62.99,0,65,0,239.21,1740,0,0,0,4,16,None
ras_validator,64.0,0,65,0,238.404,1740,0,0,0,4,16,None
ras_validator,65.01,0,66,0,238.507,1740,0,0,0,4,16,None
ras_validator,66.01,0,65,0,237.643,1740,0,0,0,4,16,None
ras_validator,67.02,0,65,0,238.792,1740,0,0,0,4,16,None
ras_validator,68.03,0,66,0,238.869,1740,0,0,0,4,16,None
ras_validator,69.03,0,66,0,238.813,1740,0,0,0,4,16,None
ras_validator,70.04,0,65,0,238.443,1740,0,0,0,4,16,None
ras_validator,71.04,0,66,0,238.463,1740,0,0,0,4,16,None
ras_validator,72.05,0,66,0,239.048,1740,0,0,0,4,16,None
ras_validator,73.06,0,66,0,239.08,1740,0,0,0,4,16,None
ras_validator,74.06,0,66,0,239.582,1740,0,0,0,4,16,None
ras_validator,75.07,0,66,0,239.218,1740,0,0,0,4,16,None
ras_validator,76.07,0,66,0,237.849,1740,0,0,0,4,16,None
ras_validator,77.08,0,66,0,238.622,1740,0,0,0,4,16,None
ras_validator,78.08,0,66,0,239.027,1740,0,0,0,4,16,None
ras_validator,79.09,0,66,0,238.987,1740,0,0,0,4,16,None
ras_validator,80.1,0,66,0,238.41,1740,0,0,0,4,16,None
ras_validator,81.1,0,66,0,238.542,1740,0,0,0,4,16,None
ras_validator,82.11,0,66,0,238.594,1740,0,0,0,4,16,None
ras_validator,83.11,0,66,0,238.736,1740,0,0,0,4,16,None
ras_validator,84.12,0,66,0,238.243,1740,0,0,0,4,16,None
ras_validator,85.12,0,66,0,238.236,1740,0,0,0,4,16,None
ras_validator,86.13,0,66,0,238.14,1740,0,0,0,4,16,None
ras_validator,87.13,0,66,0,237.047,1740,0,0,0,4,16,None
ras_validator,88.14,0,66,0,237.655,1740,0,0,0,4,16,None
ras_validator,89.15,0,66,0,238.134,1740,0,0,0,4,16,None
ras_validator,90.15,0,66,0,238.231,1740,0,0,0,4,16,None
ras_validator,91.16,0,66,0,237.636,1740,0,0,0,4,16,None
ras_validator,92.16,0,66,0,238.016,1740,0,0,0,4,16,None
ras_validator,93.17,0,66,0,237.684,1740,0,0,0,4,16,None
ras_validator,94.17,0,66,0,238.33,1740,0,0,0,4,16,None
ras_validator,95.18,0,66,0,236.27,1740,0,0,0,4,16,None
ras_validator,96.18,0,66,0,238.042,1740,0,0,0,4,16,None
ras_validator,97.19,0,66,0,238.025,1740,0,0,0,4,16,None
ras_validator,98.19,0,66,0,238.572,1740,0,0,0,4,16,None
ras_validator,99.2,0,66,0,238.695,1740,0,0,0,4,16,None
ras_validator,100.2,0,66,0,239.309,1740,0,0,0,4,16,None
ras_validator,101.21,0,66,0,238.636,1740,0,0,0,4,16,None
ras_validator,102.22,0,66,0,238.33,1740,0,0,0,4,16,None
ras_validator,103.22,0,66,0,239.112,1740,0,0,0,4,16,None
ras_validator,104.23,0,66,0,239.383,1740,0,0,0,4,16,None
ras_validator,105.23,0,66,0,239.715,1740,0,0,0,4,16,None
ras_validator,106.24,0,66,0,239.182,1740,0,0,0,4,16,None
ras_validator,107.24,0,66,0,239.173,1740,0,0,0,4,16,None
ras_validator,108.25,0,66,0,239.062,1740,0,0,0,4,16,None
ras_validator,109.26,0,66,0,238.022,1740,0,0,0,4,16,None
ras_validator,110.26,0,66,0,239.092,1740,0,0,0,4,16,None
ras_validator,111.27,0,66,0,238.762,1740,0,0,0,4,16,None
ras_validator,112.27,0,66,0,239.308,1740,0,0,0,4,16,None
ras_validator,113.28,0,66,0,239.135,1740,0,0,0,4,16,None
ras_validator,114.28,0,66,0,238.668,1740,0,0,0,4,16,None
ras_validator,115.29,0,66,0,239.5,1740,0,0,0,4,16,None
ras_validator,116.29,0,66,0,239.618,1740,0,0,0,4,16,None
ras_validator,117.3,0,66,0,239.127,1740,0,0,0,4,16,None
ras_validator,118.3,0,66,0,239.165,1740,0,0,0,4,16,None
ras_validator,119.31,0,66,0,239.107,1740,0,0,0,4,16,None
ras_validator,120.32,0,66,0,238.152,1740,0,0,0,4,16,None
ras_validator,121.32,0,66,0,238.906,1740,0,0,0,4,16,None
ras_validator,122.33,0,66,0,238.524,1740,0,0,0,4,16,None
ras_validator,123.33,0,66,0,239.465,1740,0,0,0,4,16,None
ras_validator,124.34,0,66,0,239.256,1740,0,0,0,4,16,None
int_virus,0.0,0,62,0,160.774,1740,0,0,0,4,16,None
int_virus,1.0,0,68,0,194.972,1620,0,0,0,4,16,Power
int_virus,2.0,0,70,0,293.329,1620,0,0,0,4,16,Power
int_virus,3.01,0,71,0,295.887,1605,0,0,0,4,16,Power
int_virus,4.01,0,71,0,296.913,1620,0,0,0,4,16,Power
int_virus,5.01,0,71,0,296.963,1620,0,0,0,4,16,Power
int_virus,6.01,0,71,0,295.594,1620,0,0,0,4,16,Power
int_virus,7.01,0,72,0,296.015,1605,0,0,0,4,16,Power
int_virus,8.01,0,72,0,297.408,1605,0,0,0,4,16,Power
int_virus,9.01,0,72,0,297.427,1605,0,0,0,4,16,Power
int_virus,10.01,0,72,0,296.279,1605,0,0,0,4,16,Power
int_virus,11.01,0,72,0,297.12,1605,0,0,0,4,16,Power
int_virus,12.02,0,72,0,297.774,1605,0,0,0,4,16,Power
int_virus,13.02,0,72,0,296.12,1605,0,0,0,4,16,Power
int_virus,14.02,0,73,0,297.684,1605,0,0,0,4,16,Power
int_virus,15.02,0,73,0,296.378,1605,0,0,0,4,16,Power
int_virus,16.02,0,73,0,296.758,1620,0,0,0,4,16,Power
int_virus,17.02,0,73,0,297.267,1590,0,0,0,4,16,Power
int_virus,18.02,0,73,0,295.988,1605,0,0,0,4,16,Power
int_virus,19.02,0,73,0,296.931,1605,0,0,0,4,16,Power
int_virus,20.02,0,73,0,297.5,1590,0,0,0,4,16,Power
int_virus,21.03,0,73,0,295.074,1605,0,0,0,4,16,Power
int_virus,22.03,0,73,0,297.335,1605,0,0,0,4,16,Power
int_virus,23.03,0,73,0,298.47,1590,0,0,0,4,16,Power
int_virus,24.03,0,73,0,296.54,1605,0,0,0,4,16,Power
int_virus,25.03,0,73,0,295.041,1605,0,0,0,4,16,Power
int_virus,26.03,0,73,0,296.748,1605,0,0,0,4,16,Power
int_virus,27.03,0,74,0,296.851,1605,0,0,0,4,16,Power
int_virus,28.03,0,74,0,296.973,1590,0,0,0,4,16,Power
int_virus,29.03,0,74,0,297.548,1605,0,0,0,4,16,Power
int_virus,30.04,0,74,0,296.253,1590,0,0,0,4,16,Power
int_virus,31.04,0,74,0,296.221,1590,0,0,0,4,16,Power
int_virus,32.04,0,74,0,296.735,1605,0,0,0,4,16,Power
int_virus,33.04,0,74,0,295.243,1605,0,0,0,4,16,Power
int_virus,34.04,0,74,0,296.454,1605,0,0,0,4,16,Power
int_virus,35.04,0,74,0,295.152,1605,0,0,0,4,16,Power
int_virus,36.04,0,74,0,296.63,1590,0,0,0,4,16,Power
int_virus,37.04,0,74,0,295.839,1590,0,0,0,4,16,Power
int_virus,38.04,0,74,0,296.354,1590,0,0,0,4,16,Power
int_virus,39.04,0,74,0,296.357,1590,0,0,0,4,16,Power
int_virus,40.05,0,74,0,295.75,1605,0,0,0,4,16,Power
int_virus,41.05,0,74,0,295.94,1605,0,0,0,4,16,Power
int_virus,42.05,0,74,0,297.033,1605,0,0,0,4,16,Power
int_virus,43.05,0,74,0,295.078,1605,0,0,0,4,16,Power
int_virus,44.05,0,74,0,296.38,1590,0,0,0,4,16,Power
int_virus,45.05,0,74,0,296.467,1605,0,0,0,4,16,Power
int_virus,46.05,0,74,0,297.853,1605,0,0,0,4,16,Power
int_virus,47.05,0,74,0,296.706,1605,0,0,0,4,16,Power
int_virus,48.05,0,74,0,295.645,1590,0,0,0,4,16,Power
int_virus,49.05,0,74,0,294.544,1590,0,0,0,4,16,Power
int_virus,50.06,0,74,0,295.237,1605,0,0,0,4,16,Power
int_virus,51.06,0,74,0,296.521,1605,0,0,0,4,16,Power
int_virus,52.06,0,74,0,295.504,1605,0,0,0,4,16,Power
int_virus,53.06,0,74,0,297.129,1590,0,0,0,4,16,Power
int_virus,54.06,0,74,0,297.626,1605,0,0,0,4,16,Power
int_virus,55.06,0,74,0,296.607,1590,0,0,0,4,16,Power
int_virus,56.06,0,74,0,296.264,1590,0,0,0,4,16,Power
int_virus,57.06,0,74,0,294.836,1605,0,0,0,4,16,Power
int_virus,58.06,0,75,0,296.599,1590,0,0,0,4,16,Power
int_virus,59.07,0,74,0,295.678,1590,0,0,0,4,16,Power
int_virus,60.07,0,74,0,296.886,1590,0,0,0,4,16,Power
int_virus,61.07,0,75,0,296.512,1605,0,0,0,4,16,Power
int_virus,62.07,0,74,0,295.516,1605,0,0,0,4,16,Power
int_virus,63.07,0,74,0,295.594,1590,0,0,0,4,16,Power
int_virus,64.07,0,74,0,295.91,1605,0,0,0,4,16,Power
int_virus,65.07,0,75,0,296.171,1590,0,0,0,4,16,Power
int_virus,66.07,0,74,0,295.267,1605,0,0,0,4,16,Power
int_virus,67.07,0,75,0,296.377,1605,0,0,0,4,16,Power
int_virus,68.08,0,75,0,296.804,1590,0,0,0,4,16,Power
int_virus,69.08,0,74,0,295.242,1590,0,0,0,4,16,Power
int_virus,70.08,0,75,0,295.685,1590,0,0,0,4,16,Power
int_virus,71.08,0,75,0,296.23,1590,0,0,0,4,16,Power
int_virus,72.08,0,75,0,295.161,1605,0,0,0,4,16,Power
int_virus,73.08,0,75,0,294.662,1590,0,0,0,4,16,Power
int_virus,74.08,0,75,0,295.591,1605,0,0,0,4,16,Power
int_virus,75.08,0,75,0,294.545,1605,0,0,0,4,16,Power
int_virus,76.09,0,74,0,295.652,1605,0,0,0,4,16,Power
int_virus,77.09,0,75,0,294.68,1605,0,0,0,4,16,Power
int_virus,78.09,0,75,0,296.932,1590,0,0,0,4,16,Power
int_virus,79.09,0,75,0,295.908,1590,0,0,0,4,16,Power
int_virus,80.09,0,75,0,295.446,1605,0,0,0,4,16,Power
int_virus,81.09,0,75,0,295.147,1605,0,0,0,4,16,Power
int_virus,82.09,0,75,0,295.069,1590,0,0,0,4,16,Power
int_virus,83.09,0,75,0,296.063,1590,0,0,0,4,16,Power
int_virus,84.09,0,75,0,294.44,1590,0,0,0,4,16,Power
int_virus,85.09,0,75,0,295.828,1605,0,0,0,4,16,Power
int_virus,86.1,0,75,0,296.104,1605,0,0,0,4,16,Power
int_virus,87.1,0,75,0,293.93,1605,0,0,0,4,16,Power
int_virus,88.1,0,75,0,295.899,1590,0,0,0,4,16,Power
int_virus,89.1,0,75,0,295.151,1590,0,0,0,4,16,Power
int_virus,90.1,0,75,0,295.935,1590,0,0,0,4,16,Power
int_virus,91.1,0,75,0,295.487,1590,0,0,0,4,16,Power
int_virus,92.1,0,75,0,295.772,1590,0,0,0,4,16,Power
int_virus,93.1,0,75,0,295.212,1605,0,0,0,4,16,Power
int_virus,94.1,0,75,0,295.041,1605,0,0,0,4,16,Power
int_virus,95.11,0,75,0,295.677,1605,0,0,0,4,16,Power
int_virus,96.11,0,75,0,295.381,1605,0,0,0,4,16,Power
int_virus,97.11,0,75,0,295.718,1605,0,0,0,4,16,Power
int_virus,98.11,0,75,0,294.763,1605,0,0,0,4,16,Power
int_virus,99.11,0,75,0,294.777,1605,0,0,0,4,16,Power
int_virus,100.11,0,75,0,294.994,1605,0,0,0,4,16,Power
int_virus,101.11,0,75,0,295.912,1605,0,0,0,4,16,Power
int_virus,102.11,0,75,0,296.932,1590,0,0,0,4,16,Power
int_virus,103.11,0,75,0,296.688,1590,0,0,0,4,16,Power
int_virus,104.12,0,75,0,295.499,1605,0,0,0,4,16,Power
int_virus,105.12,0,75,0,294.937,1605,0,0,0,4,16,Power
int_virus,106.12,0,75,0,295.101,1605,0,0,0,4,16,Power
int_virus,107.12,0,75,0,294.823,1605,0,0,0,4,16,Power
int_virus,108.12,0,75,0,295.172,1590,0,0,0,4,16,Power
int_virus,109.12,0,75,0,295.851,1590,0,0,0,4,16,Power
int_virus,110.12,0,75,0,294.912,1590,0,0,0,4,16,Power
int_virus,111.12,0,75,0,294.468,1605,0,0,0,4,16,Power
int_virus,112.12,0,75,0,295.162,1605,0,0,0,4,16,Power
int_virus,113.13,0,75,0,293.959,1605,0,0,0,4,16,Power
int_virus,114.13,0,75,0,294.461,1605,0,0,0,4,16,Power
int_virus,115.13,0,75,0,295.606,1605,0,0,0,4,16,Power
int_virus,116.13,0,75,0,297.235,1590,0,0,0,4,16,Power
int_virus,117.13,0,75,0,294.665,1605,0,0,0,4,16,Power
int_virus,118.13,0,75,0,294.983,1590,0,0,0,4,16,Power
int_virus,119.13,0,75,0,295.887,1605,0,0,0,4,16,Power
int_virus,120.13,0,75,0,294.586,1605,0,0,0,4,16,Power
scheduler,0.0,0,67,0,213.461,1740,0,0,0,4,16,None
scheduler,1.0,0,65,0,112.347,1740,0,0,0,4,16,None
scheduler,2.0,0,64,0,109.598,1740,0,0,0,4,16,None
scheduler,3.0,0,63,0,108.482,1740,0,0,0,4,16,None
scheduler,4.01,0,62,0,107.678,1740,0,0,0,4,16,None
scheduler,5.01,0,61,0,106.993,1740,0,0,0,4,16,None
scheduler,6.01,0,61,0,106.456,1740,0,0,0,4,16,None
scheduler,7.01,0,60,0,105.702,1740,0,0,0,4,16,None
scheduler,8.01,0,60,0,105.411,1740,0,0,0,4,16,None
scheduler,9.01,0,59,0,104.743,1740,0,0,0,4,16,None
scheduler,10.01,0,59,0,104.315,1740,0,0,0,4,16,None
scheduler,11.01,0,59,0,103.89,1740,0,0,0,4,16,None
scheduler,12.02,0,58,0,103.579,1740,0,0,0,4,16,None
scheduler,13.02,0,58,0,103.311,1740,0,0,0,4,16,None
scheduler,14.02,0,58,0,102.984,1740,0,0,0,4,16,None
scheduler,15.02,0,57,0,102.733,1740,0,0,0,4,16,None
scheduler,16.02,0,57,0,102.476,1740,0,0,0,4,16,None
scheduler,17.02,0,57,0,102.192,1740,0,0,0,4,16,None
scheduler,18.02,0,57,0,101.976,1740,0,0,0,4,16,None
scheduler,19.02,0,56,0,101.769,1740,0,0,0,4,16,None
scheduler,20.02,0,56,0,101.524,1740,0,0,0,4,16,None
scheduler,21.02,0,56,0,101.37,1740,0,0,0,4,16,None
scheduler,22.03,0,55,0,101.165,1740,0,0,0,4,16,None
scheduler,23.03,0,55,0,100.88,1740,0,0,0,4,16,None
scheduler,24.03,0,55,0,100.577,1740,0,0,0,4,16,None
scheduler,25.03,0,55,0,100.176,1740,0,0,0,4,16,None
scheduler,26.03,0,54,0,99.185,1740,0,0,0,4,16,None
scheduler,27.03,0,54,0,98.946,1740,0,0,0,4,16,None
scheduler,28.03,0,54,0,98.847,1740,0,0,0,4,16,None
scheduler,29.03,0,54,0,98.969,1740,0,0,0,4,16,None
scheduler,30.03,0,53,0,98.809,1740,0,0,0,4,16,None
scheduler,31.04,0,53,0,98.409,1740,0,0,0,4,16,None
scheduler,32.04,0,53,0,98.109,1740,0,0,0,4,16,None
scheduler,33.04,0,53,0,97.945,1740,0,0,0,4,16,None
scheduler,34.04,0,53,0,97.859,1740,0,0,0,4,16,None
scheduler,35.04,0,52,0,97.987,1740,0,0,0,4,16,None
scheduler,36.04,0,52,0,97.783,1740,0,0,0,4,16,None
scheduler,37.04,0,52,0,97.473,1740,0,0,0,4,16,None
scheduler,38.04,0,52,0,97.334,1740,0,0,0,4,16,None
scheduler,39.04,0,52,0,97.334,1740,0,0,0,4,16,None
scheduler,40.05,0,51,0,97.334,1740,0,0,0,4,16,None
scheduler,41.05,0,51,0,97.219,1740,0,0,0,4,16,None
scheduler,42.05,0,51,0,97.097,1740,0,0,0,4,16,None
scheduler,43.05,0,51,0,96.988,1740,0,0,0,4,16,None
scheduler,44.05,0,51,0,96.766,1740,0,0,0,4,16,None
scheduler,45.05,0,51,0,96.798,1740,0,0,0,4,16,None
scheduler,46.05,0,51,0,96.63,1740,0,0,0,4,16,None
scheduler,47.05,0,50,0,96.548,1740,0,0,0,4,16,None
scheduler,48.05,0,50,0,96.446,1740,0,0,0,4,16,None
scheduler,49.06,0,50,0,96.344,1740,0,0,0,4,16,None
scheduler,50.06,0,50,0,96.28,1740,0,0,0,4,16,None
scheduler,51.06,0,50,0,97.145,1740,0,0,0,4,16,None
scheduler,52.06,0,50,0,98.73,1740,0,0,0,4,16,None
scheduler,53.06,0,50,0,98.664,1740,0,0,0,4,16,None
scheduler,54.06,0,50,0,98.539,1740,0,0,0,4,16,None
scheduler,55.06,0,49,0,98.504,1740,0,0,0,4,16,None
scheduler,56.06,0,49,0,98.382,1740,0,0,0,4,16,None
scheduler,57.06,0,49,0,98.167,1740,0,0,0,4,16,None
scheduler,58.07,0,49,0,98.155,1740,0,0,0,4,16,None
scheduler,59.07,0,49,0,98.196,1740,0,0,0,4,16,None
scheduler,60.07,0,49,0,98.116,1740,0,0,0,4,16,None
scheduler,61.07,0,49,0,98.096,1740,0,0,0,4,16,None
scheduler,62.07,0,49,0,98.077,1740,0,0,0,4,16,None
scheduler,63.07,0,48,0,97.948,1740,0,0,0,4,16,None
scheduler,64.07,0,48,0,97.892,1740,0,0,0,4,16,None
scheduler,65.07,0,48,0,97.714,1740,0,0,0,4,16,None
scheduler,66.07,0,48,0,97.65,1740,0,0,0,4,16,None
scheduler,67.07,0,48,0,97.501,1740,0,0,0,4,16,None
scheduler,68.07,0,48,0,97.599,1740,0,0,0,4,16,None
scheduler,69.08,0,48,0,97.536,1740,0,0,0,4,16,None
scheduler,70.08,0,48,0,97.477,1740,0,0,0,4,16,None
scheduler,71.08,0,48,0,97.408,1740,0,0,0,4,16,None
scheduler,72.08,0,47,0,97.293,1740,0,0,0,4,16,None
scheduler,73.08,0,47,0,97.071,1740,0,0,0,4,16,None
scheduler,74.08,0,47,0,97.123,1740,0,0,0,4,16,None
scheduler,75.08,0,47,0,97.08,1740,0,0,0,4,16,None
scheduler,76.08,0,47,0,97.086,1740,0,0,0,4,16,None
scheduler,77.08,0,47,0,97.044,1740,0,0,0,4,16,None
scheduler,78.09,0,47,0,96.981,1740,0,0,0,4,16,None
scheduler,79.09,0,47,0,96.986,1740,0,0,0,4,16,None
scheduler,80.09,0,47,0,96.915,1740,0,0,0,4,16,None
scheduler,81.09,0,47,0,96.866,1740,0,0,0,4,16,None
scheduler,82.09,0,47,0,96.846,1740,0,0,0,4,16,None
scheduler,83.09,0,46,0,96.76,1740,0,0,0,4,16,None
scheduler,84.09,0,46,0,96.571,1740,0,0,0,4,16,None
scheduler,85.1,0,46,0,96.633,1740,0,0,0,4,16,None
scheduler,86.1,0,46,0,96.66,1740,0,0,0,4,16,None
scheduler,87.1,0,46,0,96.546,1740,0,0,0,4,16,None
scheduler,88.1,0,46,0,96.387,1740,0,0,0,4,16,None
scheduler,89.1,0,46,0,96.317,1740,0,0,0,4,16,None
scheduler,90.1,0,46,0,96.373,1740,0,0,0,4,16,None
scheduler,91.11,0,46,0,96.35,1740,0,0,0,4,16,None
scheduler,92.11,0,46,0,96.403,1740,0,0,0,4,16,None
scheduler,93.11,0,46,0,96.268,1740,0,0,0,4,16,None
scheduler,94.11,0,46,0,96.283,1740,0,0,0,4,16,None
scheduler,95.11,0,46,0,96.224,1740,0,0,0,4,16,None
scheduler,96.11,0,45,0,96.232,1740,0,0,0,4,16,None
scheduler,97.11,0,45,0,96.212,1740,0,0,0,4,16,None
scheduler,98.11,0,45,0,96.167,1740,0,0,0,4,16,None
scheduler,99.11,0,45,0,96.1,1740,0,0,0,4,16,None
scheduler,100.12,0,45,0,96.055,1740,0,0,0,4,16,None
scheduler,101.12,0,45,0,96.057,1740,0,0,0,4,16,None
scheduler,102.12,0,45,0,96.001,1740,0,0,0,4,16,None
scheduler,103.12,0,45,0,95.972,1740,0,0,0,4,16,None
scheduler,104.12,0,45,0,95.927,1740,0,0,0,4,16,None
scheduler,105.12,0,45,0,95.928,1740,0,0,0,4,16,None
scheduler,106.12,0,45,0,95.887,1740,0,0,0,4,16,None
scheduler,107.12,0,45,0,95.835,1740,0,0,0,4,16,None
scheduler,108.12,0,45,0,95.809,1740,0,0,0,4,16,None
scheduler,109.13,0,45,0,95.767,1740,0,0,0,4,16,None
scheduler,110.13,0,45,0,95.705,1740,0,0,0,4,16,None
scheduler,111.13,0,45,0,94.669,1740,0,0,0,4,16,None
scheduler,112.13,0,45,0,94.143,1740,0,0,0,4,16,None
scheduler,113.13,0,44,0,94.188,1740,0,0,0,4,16,None
scheduler,114.13,0,44,0,94.188,1740,0,0,0,4,16,None
scheduler,115.13,0,44,0,94.108,1740,0,0,0,4,16,None
scheduler,116.13,0,44,0,94.107,1740,0,0,0,4,16,None
scheduler,117.14,0,44,0,94.128,1740,0,0,0,4,16,None
scheduler,118.14,0,44,0,94.149,1740,0,0,0,4,16,None
scheduler,119.14,0,44,0,94.11,1740,0,0,0,4,16,None
scheduler,120.14,0,44,0,94.043,1740,0,0,0,4,16,None
mma_virus,0.0,0,44,0,92.05,1740,0,0,0,4,16,None
mma_virus,1.0,0,49,0,152.072,1740,0,0,0,4,16,None
mma_virus,2.0,0,50,0,174.553,1740,0,0,0,4,16,None
mma_virus,3.0,0,51,0,178.33,1740,0,0,0,4,16,None
mma_virus,4.01,0,51,0,178.683,1740,0,0,0,4,16,None
mma_virus,5.01,0,51,0,178.793,1740,0,0,0,4,16,None
mma_virus,6.01,0,52,0,179.215,1740,0,0,0,4,16,None
mma_virus,7.01,0,52,0,179.502,1740,0,0,0,4,16,None
mma_virus,8.01,0,52,0,179.583,1740,0,0,0,4,16,None
mma_virus,9.01,0,52,0,179.707,1740,0,0,0,4,16,None
mma_virus,10.01,0,53,0,180.059,1740,0,0,0,4,16,None
mma_virus,11.01,0,53,0,180.018,1740,0,0,0,4,16,None
mma_virus,12.01,0,53,0,180.548,1740,0,0,0,4,16,None
mma_virus,13.02,0,53,0,180.564,1740,0,0,0,4,16,None
mma_virus,14.02,0,53,0,180.429,1740,0,0,0,4,16,None
mma_virus,15.02,0,54,0,180.886,1740,0,0,0,4,16,None
mma_virus,16.02,0,54,0,180.754,1740,0,0,0,4,16,None
mma_virus,17.02,0,54,0,180.932,1740,0,0,0,4,16,None
mma_virus,18.02,0,54,0,181.166,1740,0,0,0,4,16,None
mma_virus,19.02,0,54,0,181.265,1740,0,0,0,4,16,None
mma_virus,20.02,0,54,0,181.541,1740,0,0,0,4,16,None
mma_virus,21.02,0,54,0,181.454,1740,0,0,0,4,16,None
mma_virus,22.03,0,54,0,181.667,1740,0,0,0,4,16,None
mma_virus,23.03,0,55,0,181.552,1740,0,0,0,4,16,None
mma_virus,24.03,0,55,0,180.731,1740,0,0,0,4,16,None
mma_virus,25.03,0,54,0,175.166,1740,0,0,0,4,16,None
mma_virus,26.03,0,54,0,175.274,1740,0,0,0,4,16,None
mma_virus,27.03,0,55,0,175.347,1740,0,0,0,4,16,None
mma_virus,28.03,0,55,0,175.305,1740,0,0,0,4,16,None
mma_virus,29.03,0,55,0,175.453,1740,0,0,0,4,16,None
mma_virus,30.03,0,55,0,175.477,1740,0,0,0,4,16,None
mma_virus,31.04,0,55,0,175.654,1740,0,0,0,4,16,None
mma_virus,32.04,0,55,0,175.64,1740,0,0,0,4,16,None
mma_virus,33.04,0,55,0,175.535,1740,0,0,0,4,16,None
mma_virus,34.04,0,55,0,175.804,1740,0,0,0,4,16,None
mma_virus,35.04,0,55,0,175.897,1740,0,0,0,4,16,None
mma_virus,36.04,0,55,0,176.073,1740,0,0,0,4,16,None
mma_virus,37.04,0,55,0,176.036,1740,0,0,0,4,16,None
mma_virus,38.04,0,55,0,176.122,1740,0,0,0,4,16,None
mma_virus,39.04,0,55,0,176.203,1740,0,0,0,4,16,None
mma_virus,40.04,0,56,0,176.203,1740,0,0,0,4,16,None
mma_virus,41.05,0,56,0,176.281,1740,0,0,0,4,16,None
mma_virus,42.05,0,56,0,176.402,1740,0,0,0,4,16,None
mma_virus,43.05,0,56,0,176.457,1740,0,0,0,4,16,None
mma_virus,44.05,0,56,0,176.309,1740,0,0,0,4,16,None
mma_virus,45.05,0,56,0,176.558,1740,0,0,0,4,16,None
mma_virus,46.05,0,56,0,176.532,1740,0,0,0,4,16,None
mma_virus,47.05,0,56,0,176.669,1740,0,0,0,4,16,None
mma_virus,48.05,0,56,0,176.607,1740,0,0,0,4,16,None
mma_virus,49.05,0,56,0,176.792,1740,0,0,0,4,16,None
mma_virus,50.06,0,56,0,176.881,1740,0,0,0,4,16,None
mma_virus,51.06,0,56,0,176.954,1740,0,0,0,4,16,None
mma_virus,52.06,0,56,0,177.17,1740,0,0,0,4,16,None
mma_virus,53.06,0,56,0,176.923,1740,0,0,0,4,16,None
mma_virus,54.06,0,56,0,177.029,1740,0,0,0,4,16,None
mma_virus,55.06,0,56,0,176.912,1740,0,0,0,4,16,None
mma_virus,56.06,0,57,0,176.96,1740,0,0,0,4,16,None
mma_virus,57.06,0,56,0,177.022,1740,0,0,0,4,16,None
mma_virus,58.06,0,57,0,177.053,1740,0,0,0,4,16,None
mma_virus,59.06,0,57,0,177.003,1740,0,0,0,4,16,None
mma_virus,60.07,0,57,0,177.208,1740,0,0,0,4,16,None
mma_virus,61.07,0,57,0,177.331,1740,0,0,0,4,16,None
mma_virus,62.07,0,57,0,177.283,1740,0,0,0,4,16,None
mma_virus,63.07,0,57,0,177.199,1740,0,0,0,4,16,None
mma_virus,64.07,0,57,0,177.155,1740,0,0,0,4,16,None
mma_virus,65.07,0,57,0,177.243,1740,0,0,0,4,16,None
mma_virus,66.07,0,57,0,177.205,1740,0,0,0,4,16,None
mma_virus,67.07,0,57,0,177.196,1740,0,0,0,4,16,None
mma_virus,68.08,0,57,0,177.362,1740,0,0,0,4,16,None
mma_virus,69.08,0,57,0,177.524,1740,0,0,0,4,16,None
mma_virus,70.08,0,57,0,177.47,1740,0,0,0,4,16,None
mma_virus,71.08,0,57,0,177.483,1740,0,0,0,4,16,None
mma_virus,72.08,0,57,0,177.675,1740,0,0,0,4,16,None
mma_virus,73.08,0,57,0,177.643,1740,0,0,0,4,16,None
mma_virus,74.08,0,57,0,177.574,1740,0,0,0,4,16,None
mma_virus,75.08,0,57,0,177.653,1740,0,0,0,4,16,None
mma_virus,76.09,0,57,0,177.746,1740,0,0,0,4,16,None
mma_virus,77.09,0,57,0,177.789,1740,0,0,0,4,16,None
mma_virus,78.09,0,57,0,177.762,1740,0,0,0,4,16,None
mma_virus,79.09,0,57,0,177.804,1740,0,0,0,4,16,None
mma_virus,80.09,0,57,0,177.741,1740,0,0,0,4,16,None
mma_virus,81.09,0,57,0,177.896,1740,0,0,0,4,16,None
mma_virus,82.1,0,58,0,177.852,1740,0,0,0,4,16,None
mma_virus,83.1,0,57,0,177.918,1740,0,0,0,4,16,None
mma_virus,84.1,0,58,0,177.813,1740,0,0,0,4,16,None
mma_virus,85.1,0,58,0,177.859,1740,0,0,0,4,16,None
mma_virus,86.1,0,58,0,178.011,1740,0,0,0,4,16,None
mma_virus,87.1,0,58,0,177.899,1740,0,0,0,4,16,None
mma_virus,88.1,0,58,0,178.055,1740,0,0,0,4,16,None
mma_virus,89.1,0,58,0,178.077,1740,0,0,0,4,16,None
mma_virus,90.1,0,58,0,177.682,1740,0,0,0,4,16,None
mma_virus,91.11,0,58,0,178.157,1740,0,0,0,4,16,None
mma_virus,92.11,0,58,0,177.974,1740,0,0,0,4,16,None
mma_virus,93.11,0,58,0,178.302,1740,0,0,0,4,16,None
mma_virus,94.11,0,58,0,178.256,1740,0,0,0,4,16,None
mma_virus,95.11,0,58,0,178.261,1740,0,0,0,4,16,None
mma_virus,96.11,0,58,0,178.136,1740,0,0,0,4,16,None
mma_virus,97.11,0,58,0,178.296,1740,0,0,0,4,16,None
mma_virus,98.11,0,58,0,178.427,1740,0,0,0,4,16,None
mma_virus,99.11,0,58,0,178.245,1740,0,0,0,4,16,None
mma_virus,100.4,0,58,0,178.726,1740,0,0,0,4,16,None
mma_virus,101.41,0,58,0,178.739,1740,0,0,0,4,16,None
mma_virus,102.41,0,58,0,178.746,1740,0,0,0,4,16,None
mma_virus,103.41,0,58,0,178.691,1740,0,0,0,4,16,None
mma_virus,104.41,0,58,0,178.531,1740,0,0,0,4,16,None
mma_virus,105.41,0,58,0,178.835,1740,0,0,0,4,16,None
mma_virus,106.41,0,58,0,178.782,1740,0,0,0,4,16,None
mma_virus,107.41,0,58,0,178.6,1740,0,0,0,4,16,None
mma_virus,108.42,0,58,0,178.684,1740,0,0,0,4,16,None
mma_virus,109.42,0,58,0,178.523,1740,0,0,0,4,16,None
mma_virus,110.42,0,58,0,178.666,1740,0,0,0,4,16,None
mma_virus,111.42,0,58,0,178.698,1740,0,0,0,4,16,None
mma_virus,112.42,0,58,0,178.788,1740,0,0,0,4,16,None
mma_virus,113.42,0,58,0,178.572,1740,0,0,0,4,16,None
mma_virus,114.42,0,58,0,178.791,1740,0,0,0,4,16,None
mma_virus,115.42,0,58,0,178.68,1740,0,0,0,4,16,None
mma_virus,116.43,0,58,0,178.81,1740,0,0,0,4,16,None
mma_virus,117.43,0,58,0,178.726,1740,0,0,0,4,16,None
mma_virus,118.43,0,58,0,178.94,1740,0,0,0,4,16,None
mma_virus,119.43,0,58,0,179.294,1740,0,0,0,4,16,None
mma_virus,120.43,0,58,0,179.099,1740,0,0,0,4,16,None
fp64_virus,0.0,0,54,0,104.515,1740,0,0,0,4,16,None
fp64_virus,1.01,0,55,0,115.653,1740,0,0,0,4,16,None
fp64_virus,2.01,0,54,0,123.066,1740,0,0,0,4,16,None
fp64_virus,3.01,0,54,0,122.91,1740,0,0,0,4,16,None
fp64_virus,4.01,0,54,0,122.728,1740,0,0,0,4,16,None
fp64_virus,5.01,0,54,0,122.607,1740,0,0,0,4,16,None
fp64_virus,6.01,0,54,0,122.512,1740,0,0,0,4,16,None
fp64_virus,7.01,0,53,0,122.364,1740,0,0,0,4,16,None
fp64_virus,8.01,0,53,0,122.281,1740,0,0,0,4,16,None
fp64_virus,9.01,0,53,0,122.169,1740,0,0,0,4,16,None
fp64_virus,10.02,0,53,0,122.063,1740,0,0,0,4,16,None
fp64_virus,11.02,0,53,0,121.949,1740,0,0,0,4,16,None
fp64_virus,12.02,0,53,0,121.882,1740,0,0,0,4,16,None
fp64_virus,13.02,0,53,0,121.729,1740,0,0,0,4,16,None
fp64_virus,14.02,0,53,0,121.705,1740,0,0,0,4,16,None
fp64_virus,15.02,0,52,0,121.579,1740,0,0,0,4,16,None
fp64_virus,16.02,0,52,0,121.502,1740,0,0,0,4,16,None
fp64_virus,17.02,0,52,0,121.439,1740,0,0,0,4,16,None
fp64_virus,18.02,0,52,0,121.297,1740,0,0,0,4,16,None
fp64_virus,19.03,0,52,0,121.194,1740,0,0,0,4,16,None
fp64_virus,20.03,0,52,0,121.234,1740,0,0,0,4,16,None
fp64_virus,21.03,0,52,0,121.104,1740,0,0,0,4,16,None
fp64_virus,22.03,0,52,0,121.094,1740,0,0,0,4,16,None
fp64_virus,23.03,0,52,0,120.987,1740,0,0,0,4,16,None
fp64_virus,24.03,0,52,0,120.974,1740,0,0,0,4,16,None
fp64_virus,25.03,0,52,0,120.831,1740,0,0,0,4,16,None
fp64_virus,26.03,0,51,0,120.8,1740,0,0,0,4,16,None
fp64_virus,27.03,0,51,0,120.717,1740,0,0,0,4,16,None
fp64_virus,28.03,0,51,0,120.715,1740,0,0,0,4,16,None
fp64_virus,29.04,0,51,0,120.498,1740,0,0,0,4,16,None
fp64_virus,30.04,0,51,0,120.575,1740,0,0,0,4,16,None
fp64_virus,31.04,0,51,0,120.536,1740,0,0,0,4,16,None
fp64_virus,32.04,0,51,0,120.501,1740,0,0,0,4,16,None
fp64_virus,33.04,0,51,0,120.429,1740,0,0,0,4,16,None
fp64_virus,34.04,0,51,0,120.39,1740,0,0,0,4,16,None
fp64_virus,35.04,0,51,0,120.369,1740,0,0,0,4,16,None
fp64_virus,36.04,0,51,0,120.585,1740,0,0,0,4,16,None
fp64_virus,37.04,0,51,0,120.48,1740,0,0,0,4,16,None
fp64_virus,38.04,0,51,0,120.493,1740,0,0,0,4,16,None
fp64_virus,39.05,0,51,0,120.39,1740,0,0,0,4,16,None
fp64_virus,40.05,0,50,0,120.091,1740,0,0,0,4,16,None
fp64_virus,41.05,0,50,0,120.076,1740,0,0,0,4,16,None
fp64_virus,42.05,0,50,0,120.02,1740,0,0,0,4,16,None
fp64_virus,43.05,0,50,0,119.962,1740,0,0,0,4,16,None
fp64_virus,44.05,0,50,0,119.898,1740,0,0,0,4,16,None
fp64_virus,45.05,0,50,0,119.906,1740,0,0,0,4,16,None
fp64_virus,46.05,0,50,0,119.863,1740,0,0,0,4,16,None
fp64_virus,47.05,0,50,0,119.831,1740,0,0,0,4,16,None
fp64_virus,48.06,0,50,0,119.79,1740,0,0,0,4,16,None
fp64_virus,49.06,0,50,0,119.743,1740,0,0,0,4,16,None
fp64_virus,50.06,0,50,0,119.7,1740,0,0,0,4,16,None
fp64_virus,51.06,0,50,0,121.702,1740,0,0,0,4,16,None
fp64_virus,52.06,0,50,0,123.591,1740,0,0,0,4,16,None
fp64_virus,53.06,0,50,0,123.677,1740,0,0,0,4,16,None
fp64_virus,54.06,0,50,0,123.59,1740,0,0,0,4,16,None
fp64_virus,55.06,0,50,0,123.65,1740,0,0,0,4,16,None
fp64_virus,56.06,0,50,0,123.562,1740,0,0,0,4,16,None
fp64_virus,57.07,0,50,0,123.597,1740,0,0,0,4,16,None
fp64_virus,58.07,0,50,0,123.489,1740,0,0,0,4,16,None
fp64_virus,59.07,0,50,0,123.528,1740,0,0,0,4,16,None
fp64_virus,60.07,0,50,0,123.439,1740,0,0,0,4,16,None
fp64_virus,61.07,0,50,0,123.528,1740,0,0,0,4,16,None
fp64_virus,62.07,0,50,0,123.414,1740,0,0,0,4,16,None
fp64_virus,63.07,0,50,0,123.417,1740,0,0,0,4,16,None
fp64_virus,64.07,0,50,0,123.436,1740,0,0,0,4,16,None
fp64_virus,65.08,0,50,0,123.4,1740,0,0,0,4,16,None
fp64_virus,66.08,0,50,0,123.315,1740,0,0,0,4,16,None
fp64_virus,67.08,0,50,0,123.338,1740,0,0,0,4,16,None
fp64_virus,68.08,0,50,0,123.336,1740,0,0,0,4,16,None
fp64_virus,69.08,0,50,0,123.362,1740,0,0,0,4,16,None
fp64_virus,70.08,0,49,0,123.217,1740,0,0,0,4,16,None
fp64_virus,71.08,0,49,0,123.259,1740,0,0,0,4,16,None
fp64_virus,72.08,0,49,0,123.249,1740,0,0,0,4,16,None
fp64_virus,73.08,0,49,0,123.311,1740,0,0,0,4,16,None
fp64_virus,74.09,0,49,0,123.248,1740,0,0,0,4,16,None
fp64_virus,75.09,0,49,0,123.196,1740,0,0,0,4,16,None
fp64_virus,76.09,0,49,0,123.2,1740,0,0,0,4,16,None
fp64_virus,77.09,0,49,0,123.22,1740,0,0,0,4,16,None
fp64_virus,78.09,0,49,0,123.189,1740,0,0,0,4,16,None
fp64_virus,79.09,0,49,0,123.079,1740,0,0,0,4,16,None
fp64_virus,80.09,0,49,0,123.166,1740,0,0,0,4,16,None
fp64_virus,81.09,0,49,0,123.123,1740,0,0,0,4,16,None
fp64_virus,82.09,0,49,0,123.135,1740,0,0,0,4,16,None
fp64_virus,83.1,0,49,0,123.097,1740,0,0,0,4,16,None
fp64_virus,84.1,0,49,0,123.101,1740,0,0,0,4,16,None
fp64_virus,85.1,0,49,0,123.019,1740,0,0,0,4,16,None
fp64_virus,86.1,0,49,0,123.067,1740,0,0,0,4,16,None
fp64_virus,87.1,0,49,0,123.001,1740,0,0,0,4,16,None
fp64_virus,88.1,0,49,0,123.035,1740,0,0,0,4,16,None
fp64_virus,89.1,0,49,0,122.996,1740,0,0,0,4,16,None
fp64_virus,90.1,0,49,0,123.013,1740,0,0,0,4,16,None
fp64_virus,91.11,0,49,0,122.966,1740,0,0,0,4,16,None
fp64_virus,92.11,0,49,0,123.04,1740,0,0,0,4,16,None
fp64_virus,93.11,0,49,0,122.912,1740,0,0,0,4,16,None
fp64_virus,94.11,0,49,0,122.969,1740,0,0,0,4,16,None
fp64_virus,95.11,0,49,0,122.936,1740,0,0,0,4,16,None
fp64_virus,96.11,0,49,0,122.996,1740,0,0,0,4,16,None
fp64_virus,97.11,0,49,0,122.923,1740,0,0,0,4,16,None
fp64_virus,98.11,0,49,0,122.897,1740,0,0,0,4,16,None
fp64_virus,99.11,0,49,0,122.905,1740,0,0,0,4,16,None
fp64_virus,100.12,0,49,0,122.96,1740,0,0,0,4,16,None
fp64_virus,101.12,0,49,0,122.889,1740,0,0,0,4,16,None
fp64_virus,102.12,0,49,0,122.885,1740,0,0,0,4,16,None
fp64_virus,103.12,0,49,0,122.822,1740,0,0,0,4,16,None
fp64_virus,104.12,0,49,0,122.922,1740,0,0,0,4,16,None
fp64_virus,105.12,0,49,0,122.858,1740,0,0,0,4,16,None
fp64_virus,106.12,0,49,0,122.858,1740,0,0,0,4,16,None
fp64_virus,107.12,0,49,0,122.787,1740,0,0,0,4,16,None
fp64_virus,108.13,0,49,0,122.784,1740,0,0,0,4,16,None
fp64_virus,109.13,0,49,0,122.717,1740,0,0,0,4,16,None
fp64_virus,110.13,0,49,0,122.811,1740,0,0,0,4,16,None
fp64_virus,111.13,0,49,0,122.787,1740,0,0,0,4,16,None
fp64_virus,112.13,0,49,0,122.781,1740,0,0,0,4,16,None
fp64_virus,113.13,0,49,0,122.749,1740,0,0,0,4,16,None
fp64_virus,114.13,0,49,0,122.79,1740,0,0,0,4,16,None
fp64_virus,115.13,0,49,0,122.788,1740,0,0,0,4,16,None
fp64_virus,116.14,0,49,0,122.719,1740,0,0,0,4,16,None
fp64_virus,117.14,0,49,0,122.722,1740,0,0,0,4,16,None
fp64_virus,118.14,0,49,0,122.65,1740,0,0,0,4,16,None
fp64_virus,119.14,0,49,0,122.664,1740,0,0,0,4,16,None
fp64_virus,120.14,0,49,0,122.693,1740,0,0,0,4,16,None
fp64_virus,121.14,0,49,0,122.73,1740,0,0,0,4,16,None
fp64_virus,122.14,0,49,0,122.774,1740,0,0,0,4,16,None
fp64_virus,123.14,0,49,0,122.668,1740,0,0,0,4,16,None
memory_write,0.0,0,47,0,97.923,1740,0,0,0,4,16,None
memory_write,1.0,0,52,0,198.671,1740,0,0,0,4,16,None
memory_write,2.01,0,53,0,239.342,1740,0,0,0,4,16,None
memory_write,3.01,0,54,0,240.234,1740,0,0,0,4,16,None
memory_write,4.01,0,55,0,240.727,1740,0,0,0,4,16,None
memory_write,5.01,0,55,0,237.232,1740,0,0,0,4,16,None
memory_write,6.01,0,55,0,235.031,1740,0,0,0,4,16,None
memory_write,7.02,0,55,0,235.448,1740,0,0,0,4,16,None
memory_write,8.02,0,56,0,235.343,1740,0,0,0,4,16,None
memory_write,9.02,0,56,0,235.632,1740,0,0,0,4,16,None
memory_write,10.02,0,56,0,235.885,1740,0,0,0,4,16,None
memory_write,11.03,0,56,0,235.792,1740,0,0,0,4,16,None
memory_write,12.03,0,56,0,236.566,1740,0,0,0,4,16,None
memory_write,13.03,0,57,0,235.816,1740,0,0,0,4,16,None
memory_write,14.03,0,57,0,235.917,1740,0,0,0,4,16,None
memory_write,15.04,0,57,0,236.797,1740,0,0,0,4,16,None
memory_write,16.04,0,57,0,236.46,1740,0,0,0,4,16,None
memory_write,17.04,0,58,0,237.118,1740,0,0,0,4,16,None
memory_write,18.04,0,58,0,237.823,1740,0,0,0,4,16,None
memory_write,19.04,0,58,0,237.232,1740,0,0,0,4,16,None
memory_write,20.05,0,58,0,237.296,1740,0,0,0,4,16,None
memory_write,21.05,0,58,0,237.41,1740,0,0,0,4,16,None
memory_write,22.05,0,58,0,237.609,1740,0,0,0,4,16,None
memory_write,23.05,0,59,0,238.042,1740,0,0,0,4,16,None
memory_write,24.06,0,59,0,237.592,1740,0,0,0,4,16,None
memory_write,25.06,0,59,0,237.665,1740,0,0,0,4,16,None
memory_write,26.06,0,59,0,238.39,1740,0,0,0,4,16,None
memory_write,27.06,0,59,0,238.441,1740,0,0,0,4,16,None
memory_write,28.07,0,59,0,239.049,1740,0,0,0,4,16,None
memory_write,29.07,0,60,0,239.217,1740,0,0,0,4,16,None
memory_write,30.07,0,60,0,239.217,1740,0,0,0,4,16,None
memory_write,31.07,0,60,0,240.829,1740,0,0,0,4,16,None
memory_write,32.07,0,60,0,241.811,1740,0,0,0,4,16,None
memory_write,33.08,0,60,0,241.917,1740,0,0,0,4,16,None
memory_write,34.08,0,60,0,242.718,1740,0,0,0,4,16,None
memory_write,35.08,0,61,0,242.213,1740,0,0,0,4,16,None
memory_write,36.08,0,61,0,241.009,1740,0,0,0,4,16,None
memory_write,37.09,0,61,0,242.756,1740,0,0,0,4,16,None
memory_write,38.09,0,61,0,242.407,1740,0,0,0,4,16,None
memory_write,39.09,0,61,0,243.135,1740,0,0,0,4,16,None
memory_write,40.09,0,61,0,242.956,1740,0,0,0,4,16,None
memory_write,41.1,0,61,0,243.256,1740,0,0,0,4,16,None
memory_write,42.1,0,62,0,243.588,1740,0,0,0,4,16,None
memory_write,43.1,0,62,0,243.517,1740,0,0,0,4,16,None
memory_write,44.1,0,62,0,243.914,1740,0,0,0,4,16,None
memory_write,45.1,0,62,0,244.087,1740,0,0,0,4,16,None
memory_write,46.11,0,62,0,244.084,1740,0,0,0,4,16,None
memory_write,47.11,0,62,0,244.287,1740,0,0,0,4,16,None
memory_write,48.11,0,62,0,244.466,1740,0,0,0,4,16,None
memory_write,49.11,0,62,0,244.298,1740,0,0,0,4,16,None
memory_write,50.12,0,62,0,244.995,1740,0,0,0,4,16,None
memory_write,51.12,0,63,0,244.455,1740,0,0,0,4,16,None
memory_write,52.12,0,63,0,244.724,1740,0,0,0,4,16,None
memory_write,53.12,0,63,0,245.191,1740,0,0,0,4,16,None
memory_write,54.13,0,63,0,245.335,1740,0,0,0,4,16,None
memory_write,55.13,0,63,0,245.625,1740,0,0,0,4,16,None
memory_write,56.13,0,63,0,245.669,1740,0,0,0,4,16,None
memory_write,57.13,0,63,0,245.579,1740,0,0,0,4,16,None
memory_write,58.13,0,63,0,245.814,1740,0,0,0,4,16,None
memory_write,59.14,0,63,0,245.981,1740,0,0,0,4,16,None
memory_write,60.14,0,63,0,246.043,1740,0,0,0,4,16,None
memory_write,61.14,0,64,0,246.325,1740,0,0,0,4,16,None
memory_write,62.14,0,64,0,245.25,1740,0,0,0,4,16,None
memory_write,63.15,0,64,0,245.807,1740,0,0,0,4,16,None
memory_write,64.15,0,64,0,246.477,1740,0,0,0,4,16,None
memory_write,65.15,0,64,0,246.266,1740,0,0,0,4,16,None
memory_write,66.15,0,64,0,246.994,1740,0,0,0,4,16,None
memory_write,67.16,0,64,0,246.821,1740,0,0,0,4,16,None
memory_write,68.16,0,64,0,246.932,1740,0,0,0,4,16,None
memory_write,69.16,0,64,0,247.035,1740,0,0,0,4,16,None
memory_write,70.16,0,64,0,247.264,1740,0,0,0,4,16,None
memory_write,71.16,0,64,0,247.393,1740,0,0,0,4,16,None
memory_write,72.17,0,64,0,247.661,1740,0,0,0,4,16,None
memory_write,73.17,0,64,0,247.525,1740,0,0,0,4,16,None
memory_write,74.17,0,64,0,246.691,1740,0,0,0,4,16,None
memory_write,75.17,0,65,0,247.816,1740,0,0,0,4,16,None
memory_write,76.18,0,65,0,247.599,1740,0,0,0,4,16,None
memory_write,77.18,0,65,0,248.125,1740,0,0,0,4,16,None
memory_write,78.18,0,65,0,247.816,1740,0,0,0,4,16,None
memory_write,79.18,0,65,0,248.593,1740,0,0,0,4,16,None
memory_write,80.18,0,65,0,249.414,1740,0,0,0,4,16,None
memory_write,81.19,0,65,0,249.476,1740,0,0,0,4,16,None
memory_write,82.19,0,65,0,249.561,1740,0,0,0,4,16,None
memory_write,83.19,0,65,0,249.676,1740,0,0,0,4,16,None
memory_write,84.19,0,65,0,249.54,1740,0,0,0,4,16,None
memory_write,85.2,0,65,0,249.596,1740,0,0,0,4,16,None
memory_write,86.2,0,65,0,249.76,1740,0,0,0,4,16,None
memory_write,87.2,0,65,0,249.417,1740,0,0,0,4,16,None
memory_write,88.2,0,65,0,250.11,1740,0,0,0,4,16,None
memory_write,89.2,0,66,0,249.511,1740,0,0,0,4,16,None
memory_write,90.21,0,66,0,249.837,1740,0,0,0,4,16,None
memory_write,91.21,0,66,0,250.16,1740,0,0,0,4,16,None
memory_write,92.21,0,66,0,250.101,1740,0,0,0,4,16,None
memory_write,93.21,0,66,0,250.433,1740,0,0,0,4,16,None
memory_write,94.22,0,66,0,250.527,1740,0,0,0,4,16,None
memory_write,95.22,0,66,0,250.392,1740,0,0,0,4,16,None
memory_write,96.22,0,66,0,250.492,1740,0,0,0,4,16,None
memory_write,97.22,0,66,0,250.565,1740,0,0,0,4,16,None
memory_write,98.23,0,66,0,249.977,1740,0,0,0,4,16,None
memory_write,99.23,0,66,0,250.8,1740,0,0,0,4,16,None
memory_write,100.23,0,66,0,250.366,1740,0,0,0,4,16,None
memory_write,101.23,0,66,0,250.381,1740,0,0,0,4,16,None
memory_write,102.23,0,66,0,250.767,1740,0,0,0,4,16,None
memory_write,103.24,0,66,0,250.756,1740,0,0,0,4,16,None
memory_write,104.24,0,66,0,250.903,1740,0,0,0,4,16,None
memory_write,105.24,0,66,0,251.073,1740,0,0,0,4,16,None
memory_write,106.24,0,66,0,250.965,1740,0,0,0,4,16,None
memory_write,107.25,0,66,0,251.04,1740,0,0,0,4,16,None
memory_write,108.25,0,66,0,251.135,1740,0,0,0,4,16,None
memory_write,109.25,0,66,0,251.096,1740,0,0,0,4,16,None
memory_write,110.25,0,66,0,251.41,1740,0,0,0,4,16,None
memory_write,111.26,0,66,0,250.705,1740,0,0,0,4,16,None
memory_write,112.26,0,66,0,250.944,1740,0,0,0,4,16,None
memory_write,113.26,0,67,0,251.478,1740,0,0,0,4,16,None
memory_write,114.26,0,67,0,251.481,1740,0,0,0,4,16,None
memory_write,115.27,0,67,0,251.613,1740,0,0,0,4,16,None
memory_write,116.27,0,67,0,251.39,1740,0,0,0,4,16,None
memory_write,117.27,0,67,0,251.472,1740,0,0,0,4,16,None
memory_write,118.27,0,67,0,251.725,1740,0,0,0,4,16,None
memory_write,119.27,0,67,0,251.757,1740,0,0,0,4,16,None
memory_write,120.28,0,67,0,251.85,1740,0,0,0,4,16,None
memory_write,121.28,0,67,0,250.995,1740,0,0,0,4,16,None
memory_write,122.28,0,67,0,250.828,1740,0,0,0,4,16,None
memory_write,123.28,0,67,0,251.316,1740,0,0,0,4,16,None
memory_write,124.29,0,67,0,251.853,1740,0,0,0,4,16,None
memory_write_agg,0.0,0,62,0,176.002,1740,0,0,0,4,16,None
memory_write_agg,1.0,0,65,0,151.253,1740,0,0,0,4,16,None
memory_write_agg,2.01,0,66,0,250.665,1740,0,0,0,4,16,None
memory_write_agg,3.01,0,66,0,251.682,1740,0,0,0,4,16,None
memory_write_agg,4.01,0,66,0,251.844,1740,0,0,0,4,16,None
memory_write_agg,5.01,0,67,0,252.005,1740,0,0,0,4,16,None
memory_write_agg,6.02,0,67,0,251.829,1740,0,0,0,4,16,None
memory_write_agg,7.02,0,67,0,252.056,1740,0,0,0,4,16,None
memory_write_agg,8.02,0,67,0,252.235,1740,0,0,0,4,16,None
memory_write_agg,9.02,0,67,0,252.405,1740,0,0,0,4,16,None
memory_write_agg,10.03,0,67,0,252.294,1740,0,0,0,4,16,None
memory_write_agg,11.03,0,67,0,251.838,1740,0,0,0,4,16,None
memory_write_agg,12.03,0,67,0,252.364,1740,0,0,0,4,16,None
memory_write_agg,13.04,0,67,0,252.1,1740,0,0,0,4,16,None
memory_write_agg,14.04,0,67,0,252.736,1740,0,0,0,4,16,None
memory_write_agg,15.04,0,67,0,252.342,1740,0,0,0,4,16,None
memory_write_agg,16.04,0,67,0,252.566,1740,0,0,0,4,16,None
memory_write_agg,17.04,0,67,0,252.457,1740,0,0,0,4,16,None
memory_write_agg,18.05,0,67,0,252.645,1740,0,0,0,4,16,None
memory_write_agg,19.05,0,67,0,252.78,1740,0,0,0,4,16,None
memory_write_agg,20.05,0,67,0,252.806,1740,0,0,0,4,16,None
memory_write_agg,21.05,0,67,0,252.973,1740,0,0,0,4,16,None
memory_write_agg,22.06,0,67,0,252.167,1740,0,0,0,4,16,None
memory_write_agg,23.06,0,67,0,252.8,1740,0,0,0,4,16,None
memory_write_agg,24.06,0,67,0,252.53,1740,0,0,0,4,16,None
memory_write_agg,25.06,0,67,0,253.083,1740,0,0,0,4,16,None
memory_write_agg,26.07,0,67,0,252.54,1740,0,0,0,4,16,None
memory_write_agg,27.07,0,67,0,252.9,1740,0,0,0,4,16,None
memory_write_agg,28.07,0,67,0,252.726,1740,0,0,0,4,16,None
memory_write_agg,29.07,0,67,0,253.128,1740,0,0,0,4,16,None
memory_write_agg,30.08,0,67,0,253.08,1740,0,0,0,4,16,None
memory_write_agg,31.08,0,67,0,253.106,1740,0,0,0,4,16,None
memory_write_agg,32.08,0,67,0,253.073,1740,0,0,0,4,16,None
memory_write_agg,33.08,0,67,0,252.922,1740,0,0,0,4,16,None
memory_write_agg,34.09,0,67,0,253.153,1740,0,0,0,4,16,None
memory_write_agg,35.09,0,67,0,252.59,1740,0,0,0,4,16,None
memory_write_agg,36.09,0,67,0,253.338,1740,0,0,0,4,16,None
memory_write_agg,37.09,0,67,0,252.886,1740,0,0,0,4,16,None
memory_write_agg,38.1,0,67,0,253.129,1740,0,0,0,4,16,None
memory_write_agg,39.1,0,67,0,253.268,1740,0,0,0,4,16,None
memory_write_agg,40.1,0,67,0,253.118,1740,0,0,0,4,16,None
memory_write_agg,41.1,0,67,0,253.335,1740,0,0,0,4,16,None
memory_write_agg,42.11,0,67,0,253.423,1740,0,0,0,4,16,None
memory_write_agg,43.11,0,67,0,253.4,1740,0,0,0,4,16,None
memory_write_agg,44.11,0,67,0,253.333,1740,0,0,0,4,16,None
memory_write_agg,45.11,0,68,0,253.302,1740,0,0,0,4,16,None
memory_write_agg,46.11,0,68,0,252.551,1740,0,0,0,4,16,None
memory_write_agg,47.12,0,67,0,253.567,1740,0,0,0,4,16,None
memory_write_agg,48.12,0,68,0,252.904,1740,0,0,0,4,16,None
memory_write_agg,49.12,0,68,0,253.145,1740,0,0,0,4,16,None
memory_write_agg,50.12,0,68,0,253.496,1740,0,0,0,4,16,None
memory_write_agg,51.13,0,68,0,253.274,1740,0,0,0,4,16,None
memory_write_agg,52.13,0,68,0,253.67,1740,0,0,0,4,16,None
memory_write_agg,53.13,0,68,0,253.602,1740,0,0,0,4,16,None
memory_write_agg,54.13,0,68,0,253.52,1740,0,0,0,4,16,None
memory_write_agg,55.14,0,68,0,253.494,1740,0,0,0,4,16,None
memory_write_agg,56.14,0,68,0,253.603,1740,0,0,0,4,16,None
memory_write_agg,57.14,0,68,0,253.62,1740,0,0,0,4,16,None
memory_write_agg,58.14,0,68,0,253.652,1740,0,0,0,4,16,None
memory_write_agg,59.15,0,68,0,252.895,1740,0,0,0,4,16,None
memory_write_agg,60.15,0,68,0,253.313,1740,0,0,0,4,16,None
memory_write_agg,61.15,0,68,0,253.656,1740,0,0,0,4,16,None
memory_write_agg,62.16,0,68,0,253.498,1740,0,0,0,4,16,None
memory_write_agg,63.16,0,68,0,253.789,1740,0,0,0,4,16,None
memory_write_agg,64.16,0,68,0,253.69,1740,0,0,0,4,16,None
memory_write_agg,65.16,0,68,0,253.784,1740,0,0,0,4,16,None
memory_write_agg,66.17,0,68,0,253.588,1740,0,0,0,4,16,None
memory_write_agg,67.17,0,68,0,253.741,1740,0,0,0,4,16,None
memory_write_agg,68.17,0,68,0,253.77,1740,0,0,0,4,16,None
memory_write_agg,69.17,0,68,0,253.929,1740,0,0,0,4,16,None
memory_write_agg,70.17,0,68,0,253.83,1740,0,0,0,4,16,None
memory_write_agg,71.18,0,68,0,253.337,1740,0,0,0,4,16,None
memory_write_agg,72.18,0,68,0,253.684,1740,0,0,0,4,16,None
memory_write_agg,73.18,0,68,0,253.496,1740,0,0,0,4,16,None
memory_write_agg,74.18,0,68,0,254.036,1740,0,0,0,4,16,None
memory_write_agg,75.19,0,68,0,253.707,1740,0,0,0,4,16,None
memory_write_agg,76.19,0,68,0,253.719,1740,0,0,0,4,16,None
memory_write_agg,77.19,0,68,0,253.825,1740,0,0,0,4,16,None
memory_write_agg,78.19,0,68,0,253.911,1740,0,0,0,4,16,None
memory_write_agg,79.2,0,68,0,253.943,1740,0,0,0,4,16,None
memory_write_agg,80.2,0,68,0,254.069,1740,0,0,0,4,16,None
memory_write_agg,81.2,0,68,0,253.842,1740,0,0,0,4,16,None
memory_write_agg,82.2,0,68,0,252.947,1740,0,0,0,4,16,None
memory_write_agg,83.21,0,68,0,253.993,1740,0,0,0,4,16,None
memory_write_agg,84.21,0,68,0,253.554,1740,0,0,0,4,16,None
memory_write_agg,85.21,0,68,0,254.157,1740,0,0,0,4,16,None
memory_write_agg,86.21,0,68,0,253.757,1740,0,0,0,4,16,None
memory_write_agg,87.22,0,68,0,253.846,1740,0,0,0,4,16,None
memory_write_agg,88.22,0,68,0,253.969,1740,0,0,0,4,16,None
memory_write_agg,89.22,0,68,0,254.075,1740,0,0,0,4,16,None
memory_write_agg,90.22,0,68,0,253.971,1740,0,0,0,4,16,None
memory_write_agg,91.23,0,68,0,254.141,1740,0,0,0,4,16,None
memory_write_agg,92.23,0,68,0,254.007,1740,0,0,0,4,16,None
memory_write_agg,93.23,0,68,0,253.775,1740,0,0,0,4,16,None
memory_write_agg,94.23,0,68,0,253.963,1740,0,0,0,4,16,None
memory_write_agg,95.24,0,68,0,253.388,1740,0,0,0,4,16,None
memory_write_agg,96.24,0,68,0,254.159,1740,0,0,0,4,16,None
memory_write_agg,97.24,0,68,0,253.642,1740,0,0,0,4,16,None
memory_write_agg,98.24,0,68,0,253.872,1740,0,0,0,4,16,None
memory_write_agg,99.25,0,68,0,254.059,1740,0,0,0,4,16,None
memory_write_agg,100.25,0,68,0,253.965,1740,0,0,0,4,16,None
memory_write_agg,101.25,0,68,0,254.155,1740,0,0,0,4,16,None
memory_write_agg,102.25,0,68,0,254.136,1740,0,0,0,4,16,None
memory_write_agg,103.26,0,68,0,254.097,1740,0,0,0,4,16,None
memory_write_agg,104.26,0,68,0,254.009,1740,0,0,0,4,16,None
memory_write_agg,105.26,0,68,0,254.041,1740,0,0,0,4,16,None
memory_write_agg,106.26,0,68,0,253.54,1740,0,0,0,4,16,None
memory_write_agg,107.27,0,68,0,254.054,1740,0,0,0,4,16,None
memory_write_agg,108.27,0,68,0,253.774,1740,0,0,0,4,16,None
memory_write_agg,109.27,0,68,0,253.877,1740,0,0,0,4,16,None
memory_write_agg,110.27,0,68,0,253.872,1740,0,0,0,4,16,None
memory_write_agg,111.27,0,68,0,253.849,1740,0,0,0,4,16,None
memory_write_agg,112.28,0,68,0,254.112,1740,0,0,0,4,16,None
memory_write_agg,113.28,0,68,0,254.043,1740,0,0,0,4,16,None
memory_write_agg,114.28,0,68,0,253.966,1740,0,0,0,4,16,None
memory_write_agg,115.28,0,68,0,253.99,1740,0,0,0,4,16,None
memory_write_agg,116.29,0,68,0,253.93,1740,0,0,0,4,16,None
memory_write_agg,117.29,0,68,0,253.849,1740,0,0,0,4,16,None
memory_write_agg,118.29,0,68,0,254.198,1740,0,0,0,4,16,None
memory_write_agg,119.29,0,68,0,253.432,1740,0,0,0,4,16,None
memory_write_agg,120.3,0,68,0,253.58,1740,0,0,0,4,16,None
memory_write_agg,121.3,0,68,0,254.088,1740,0,0,0,4,16,None
memory_write_agg,122.3,0,68,0,253.901,1740,0,0,0,4,16,None
memory_write_agg,123.3,0,68,0,254.069,1740,0,0,0,4,16,None
memory_write_agg,124.31,0,68,0,254.007,1740,0,0,0,4,16,None
memory_write_agg,125.36,0,66,0,240.837,1740,0,0,0,4,16,None
memory_read,0.0,0,62,0,116.404,1740,0,0,0,4,16,None
memory_read,1.01,0,67,0,212.754,1740,0,0,0,4,16,None
memory_read,2.01,0,67,0,259.476,1740,0,0,0,4,16,None
memory_read,3.02,0,67,0,260.097,1740,0,0,0,4,16,None
memory_read,4.02,0,67,0,260.547,1740,0,0,0,4,16,None
memory_read,5.03,0,67,0,260.589,1740,0,0,0,4,16,None
memory_read,6.03,0,67,0,260.128,1740,0,0,0,4,16,None
memory_read,7.04,0,68,0,260.374,1740,0,0,0,4,16,None
memory_read,8.05,0,68,0,260.746,1740,0,0,0,4,16,None
memory_read,9.05,0,68,0,260.688,1740,0,0,0,4,16,None
memory_read,10.06,0,68,0,259.969,1740,0,0,0,4,16,None
memory_read,11.06,0,68,0,260.043,1740,0,0,0,4,16,None
memory_read,12.07,0,68,0,260.618,1740,0,0,0,4,16,None
memory_read,13.07,0,68,0,260.545,1740,0,0,0,4,16,None
memory_read,14.08,0,68,0,259.156,1740,0,0,0,4,16,None
memory_read,15.08,0,68,0,260.263,1740,0,0,0,4,16,None
memory_read,16.09,0,68,0,260.067,1740,0,0,0,4,16,None
memory_read,17.09,0,68,0,260.64,1740,0,0,0,4,16,None
memory_read,18.1,0,68,0,259.757,1740,0,0,0,4,16,None
memory_read,19.1,0,68,0,260.89,1740,0,0,0,4,16,None
memory_read,20.11,0,68,0,260.839,1740,0,0,0,4,16,None
memory_read,21.12,0,68,0,260.78,1740,0,0,0,4,16,None
memory_read,22.12,0,68,0,260.002,1740,0,0,0,4,16,None
memory_read,23.13,0,68,0,260.923,1740,0,0,0,4,16,None
memory_read,24.13,0,68,0,260.954,1740,0,0,0,4,16,None
memory_read,25.14,0,68,0,260.999,1740,0,0,0,4,16,None
memory_read,26.14,0,68,0,260.236,1740,0,0,0,4,16,None
memory_read,27.15,0,68,0,261.106,1740,0,0,0,4,16,None
memory_read,28.16,0,68,0,261.184,1740,0,0,0,4,16,None
memory_read,29.16,0,68,0,260.66,1740,0,0,0,4,16,None
memory_read,30.17,0,68,0,260.594,1740,0,0,0,4,16,None
memory_read,31.17,0,68,0,261.322,1740,0,0,0,4,16,None
memory_read,32.18,0,68,0,261.22,1740,0,0,0,4,16,None
memory_read,33.18,0,68,0,260.603,1740,0,0,0,4,16,None
memory_read,34.19,0,68,0,260.557,1740,0,0,0,4,16,None
memory_read,35.2,0,68,0,261.318,1740,0,0,0,4,16,None
memory_read,36.2,0,68,0,261.328,1740,0,0,0,4,16,None
memory_read,37.21,0,68,0,260.797,1740,0,0,0,4,16,None
memory_read,38.21,0,68,0,260.794,1740,0,0,0,4,16,None
memory_read,39.22,0,68,0,261.41,1740,0,0,0,4,16,None
memory_read,40.22,0,68,0,261.517,1740,0,0,0,4,16,None
memory_read,41.23,0,68,0,260.943,1740,0,0,0,4,16,None
memory_read,42.24,0,68,0,260.932,1740,0,0,0,4,16,None
memory_read,43.24,0,68,0,261.395,1740,0,0,0,4,16,None
memory_read,44.25,0,68,0,261.534,1740,0,0,0,4,16,None
memory_read,45.25,0,68,0,260.997,1740,0,0,0,4,16,None
memory_read,46.26,0,68,0,261.342,1740,0,0,0,4,16,None
memory_read,47.26,0,68,0,261.488,1740,0,0,0,4,16,None
memory_read,48.27,0,68,0,261.524,1740,0,0,0,4,16,None
memory_read,49.27,0,68,0,260.889,1740,0,0,0,4,16,None
memory_read,50.28,0,68,0,261.402,1740,0,0,0,4,16,None
memory_read,51.28,0,68,0,261.644,1740,0,0,0,4,16,None
memory_read,52.29,0,68,0,261.74,1740,0,0,0,4,16,None
memory_read,53.3,0,68,0,260.859,1740,0,0,0,4,16,None
memory_read,54.3,0,68,0,260.86,1740,0,0,0,4,16,None
memory_read,55.31,0,68,0,261.512,1740,0,0,0,4,16,None
memory_read,56.31,0,68,0,261.379,1740,0,0,0,4,16,None
memory_read,57.32,0,68,0,260.48,1740,0,0,0,4,16,None
memory_read,58.32,0,68,0,260.236,1740,0,0,0,4,16,None
memory_read,59.33,0,68,0,261.081,1740,0,0,0,4,16,None
memory_read,60.33,0,68,0,261.031,1740,0,0,0,4,16,None
memory_read,61.34,0,68,0,259.593,1740,0,0,0,4,16,None
memory_read,62.34,0,68,0,260.339,1740,0,0,0,4,16,None
memory_read,63.35,0,68,0,261.384,1740,0,0,0,4,16,None
memory_read,64.35,0,68,0,261.454,1740,0,0,0,4,16,None
memory_read,65.36,0,68,0,260.422,1740,0,0,0,4,16,None
memory_read,66.37,0,68,0,261.324,1740,0,0,0,4,16,None
memory_read,67.37,0,68,0,261.427,1740,0,0,0,4,16,None
memory_read,68.38,0,68,0,261.474,1740,0,0,0,4,16,None
memory_read,69.38,0,68,0,260.771,1740,0,0,0,4,16,None
memory_read,70.39,0,68,0,261.656,1740,0,0,0,4,16,None
memory_read,71.39,0,68,0,261.766,1740,0,0,0,4,16,None
memory_read,72.4,0,68,0,261.838,1740,0,0,0,4,16,None
memory_read,73.4,0,68,0,261.091,1740,0,0,0,4,16,None
memory_read,74.41,0,68,0,261.791,1740,0,0,0,4,16,None
memory_read,75.41,0,68,0,261.783,1740,0,0,0,4,16,None
memory_read,76.41,0,68,0,261.759,1740,0,0,0,4,16,None
memory_read,77.42,0,68,0,261.143,1740,0,0,0,4,16,None
memory_read,78.43,0,68,0,261.751,1740,0,0,0,4,16,None
memory_read,79.43,0,68,0,261.633,1740,0,0,0,4,16,None
memory_read,80.44,0,68,0,261.751,1740,0,0,0,4,16,None
memory_read,81.44,0,68,0,261.094,1740,0,0,0,4,16,None
memory_read,82.45,0,68,0,261.75,1740,0,0,0,4,16,None
memory_read,83.45,0,68,0,261.785,1740,0,0,0,4,16,None
memory_read,84.46,0,68,0,261.401,1740,0,0,0,4,16,None
memory_read,85.46,0,68,0,261.414,1740,0,0,0,4,16,None
memory_read,86.47,0,68,0,261.964,1740,0,0,0,4,16,None
memory_read,87.48,0,68,0,262.014,1740,0,0,0,4,16,None
memory_read,88.48,0,68,0,261.477,1740,0,0,0,4,16,None
memory_read,89.49,0,68,0,261.377,1740,0,0,0,4,16,None
memory_read,90.49,0,68,0,261.945,1740,0,0,0,4,16,None
memory_read,91.5,0,68,0,261.994,1740,0,0,0,4,16,None
memory_read,92.5,0,68,0,261.812,1740,0,0,0,4,16,None
memory_read,93.51,0,68,0,261.624,1740,0,0,0,4,16,None
memory_read,94.51,0,69,0,262.12,1740,0,0,0,4,16,None
memory_read,95.52,0,68,0,262.13,1740,0,0,0,4,16,None
memory_read,96.53,0,68,0,261.668,1740,0,0,0,4,16,None
memory_read,97.53,0,68,0,261.316,1740,0,0,0,4,16,None
memory_read,98.54,0,69,0,262.056,1740,0,0,0,4,16,None
memory_read,99.54,0,69,0,261.909,1740,0,0,0,4,16,None
memory_read,100.55,0,68,0,261.251,1740,0,0,0,4,16,None
memory_read,101.55,0,68,0,261.348,1740,0,0,0,4,16,None
memory_read,102.56,0,69,0,261.826,1740,0,0,0,4,16,None
memory_read,103.56,0,68,0,261.735,1740,0,0,0,4,16,None
memory_read,104.57,0,68,0,260.246,1740,0,0,0,4,16,None
memory_read,105.58,0,69,0,260.043,1740,0,0,0,4,16,None
memory_read,106.58,0,69,0,260.995,1740,0,0,0,4,16,None
memory_read,107.59,0,69,0,261.715,1740,0,0,0,4,16,None
memory_read,108.59,0,68,0,260.843,1740,0,0,0,4,16,None
memory_read,109.6,0,69,0,260.828,1740,0,0,0,4,16,None
memory_read,110.6,0,69,0,261.826,1740,0,0,0,4,16,None
memory_read,111.61,0,69,0,261.764,1740,0,0,0,4,16,None
memory_read,112.62,0,68,0,260.861,1740,0,0,0,4,16,None
memory_read,113.62,0,68,0,260.929,1740,0,0,0,4,16,None
memory_read,114.63,0,69,0,261.935,1740,0,0,0,4,16,None
memory_read,115.63,0,69,0,262.006,1740,0,0,0,4,16,None
memory_read,116.64,0,69,0,261.362,1740,0,0,0,4,16,None
memory_read,117.64,0,69,0,262.105,1740,0,0,0,4,16,None
memory_read,118.65,0,69,0,262.05,1740,0,0,0,4,16,None
memory_read,119.65,0,69,0,262.117,1740,0,0,0,4,16,None
memory_read,120.66,0,69,0,261.463,1740,0,0,0,4,16,None
memory_read,121.66,0,69,0,262.11,1740,0,0,0,4,16,None
memory_read,122.67,0,69,0,262.211,1740,0,0,0,4,16,None
memory_read,123.67,0,69,0,262.173,1740,0,0,0,4,16,None
memory_read,124.68,0,68,0,260.709,1740,0,0,0,4,16,None
memory_read_agg,0.0,0,63,0,130.026,1740,0,0,0,4,16,None
memory_read_agg,1.01,0,67,0,205.232,1740,0,0,0,4,16,None
memory_read_agg,2.01,0,68,0,259.374,1740,0,0,0,4,16,None
memory_read_agg,3.02,0,68,0,259.864,1740,0,0,0,4,16,None
memory_read_agg,4.02,0,68,0,260.949,1740,0,0,0,4,16,None
memory_read_agg,5.03,0,68,0,261.096,1740,0,0,0,4,16,None
memory_read_agg,6.03,0,68,0,260.307,1740,0,0,0,4,16,None
memory_read_agg,7.04,0,68,0,260.38,1740,0,0,0,4,16,None
memory_read_agg,8.04,0,68,0,261.383,1740,0,0,0,4,16,None
memory_read_agg,9.05,0,68,0,261.486,1740,0,0,0,4,16,None
memory_read_agg,10.06,0,68,0,260.741,1740,0,0,0,4,16,None
memory_read_agg,11.06,0,68,0,261.585,1740,0,0,0,4,16,None
memory_read_agg,12.07,0,68,0,261.585,1740,0,0,0,4,16,None
memory_read_agg,13.07,0,68,0,261.713,1740,0,0,0,4,16,None
memory_read_agg,14.08,0,68,0,261.001,1740,0,0,0,4,16,None
memory_read_agg,15.08,0,68,0,261.709,1740,0,0,0,4,16,None
memory_read_agg,16.09,0,68,0,261.772,1740,0,0,0,4,16,None
memory_read_agg,17.09,0,68,0,261.659,1740,0,0,0,4,16,None
memory_read_agg,18.1,0,68,0,260.909,1740,0,0,0,4,16,None
memory_read_agg,19.1,0,68,0,261.63,1740,0,0,0,4,16,None
memory_read_agg,20.11,0,68,0,261.692,1740,0,0,0,4,16,None
memory_read_agg,21.11,0,68,0,261.712,1740,0,0,0,4,16,None
memory_read_agg,22.12,0,68,0,261.269,1740,0,0,0,4,16,None
memory_read_agg,23.12,0,68,0,261.82,1740,0,0,0,4,16,None
memory_read_agg,24.13,0,68,0,261.897,1740,0,0,0,4,16,None
memory_read_agg,25.13,0,68,0,261.873,1740,0,0,0,4,16,None
memory_read_agg,26.14,0,68,0,261.131,1740,0,0,0,4,16,None
memory_read_agg,27.14,0,68,0,261.759,1740,0,0,0,4,16,None
memory_read_agg,28.15,0,68,0,261.768,1740,0,0,0,4,16,None
memory_read_agg,29.15,0,68,0,261.18,1740,0,0,0,4,16,None
memory_read_agg,30.16,0,68,0,261.281,1740,0,0,0,4,16,None
memory_read_agg,31.16,0,68,0,261.85,1740,0,0,0,4,16,None
memory_read_agg,32.17,0,68,0,261.937,1740,0,0,0,4,16,None
memory_read_agg,33.17,0,68,0,261.724,1740,0,0,0,4,16,None
memory_read_agg,34.18,0,68,0,261.257,1740,0,0,0,4,16,None
memory_read_agg,35.19,0,68,0,261.901,1740,0,0,0,4,16,None
memory_read_agg,36.19,0,69,0,261.832,1740,0,0,0,4,16,None
memory_read_agg,37.2,0,69,0,261.718,1740,0,0,0,4,16,None
memory_read_agg,38.2,0,68,0,261.122,1740,0,0,0,4,16,None
memory_read_agg,39.21,0,69,0,261.768,1740,0,0,0,4,16,None
memory_read_agg,40.21,0,69,0,261.685,1740,0,0,0,4,16,None
memory_read_agg,41.22,0,69,0,261.437,1740,0,0,0,4,16,None
memory_read_agg,42.22,0,68,0,259.774,1740,0,0,0,4,16,None
memory_read_agg,43.23,0,69,0,261.025,1740,0,0,0,4,16,None
memory_read_agg,44.24,0,69,0,261.609,1740,0,0,0,4,16,None
memory_read_agg,45.24,0,68,0,260.688,1740,0,0,0,4,16,None
memory_read_agg,46.25,0,69,0,260.794,1740,0,0,0,4,16,None
memory_read_agg,47.25,0,69,0,261.717,1740,0,0,0,4,16,None
memory_read_agg,48.26,0,69,0,261.782,1740,0,0,0,4,16,None
memory_read_agg,49.26,0,68,0,260.984,1740,0,0,0,4,16,None
memory_read_agg,50.27,0,69,0,260.987,1740,0,0,0,4,16,None
memory_read_agg,51.27,0,69,0,261.861,1740,0,0,0,4,16,None
memory_read_agg,52.28,0,69,0,261.999,1740,0,0,0,4,16,None
memory_read_agg,53.28,0,68,0,261.199,1740,0,0,0,4,16,None
memory_read_agg,54.29,0,69,0,261.222,1740,0,0,0,4,16,None
memory_read_agg,55.29,0,69,0,261.988,1740,0,0,0,4,16,None
memory_read_agg,56.3,0,69,0,261.991,1740,0,0,0,4,16,None
memory_read_agg,57.31,0,68,0,261.489,1740,0,0,0,4,16,None
memory_read_agg,58.31,0,69,0,261.413,1740,0,0,0,4,16,None
memory_read_agg,59.32,0,69,0,262.01,1740,0,0,0,4,16,None
memory_read_agg,60.32,0,69,0,262.146,1740,0,0,0,4,16,None
memory_read_agg,61.33,0,68,0,261.362,1740,0,0,0,4,16,None
memory_read_agg,62.33,0,69,0,261.95,1740,0,0,0,4,16,None
memory_read_agg,63.34,0,69,0,262.002,1740,0,0,0,4,16,None
memory_read_agg,64.34,0,69,0,262.067,1740,0,0,0,4,16,None
memory_read_agg,65.35,0,69,0,261.505,1740,0,0,0,4,16,None
memory_read_agg,66.35,0,69,0,262.202,1740,0,0,0,4,16,None
memory_read_agg,67.36,0,69,0,262.211,1740,0,0,0,4,16,None
memory_read_agg,68.37,0,69,0,262.273,1740,0,0,0,4,16,None
memory_read_agg,69.37,0,69,0,261.648,1740,0,0,0,4,16,None
memory_read_agg,70.38,0,69,0,262.078,1740,0,0,0,4,16,None
memory_read_agg,71.38,0,69,0,262.179,1740,0,0,0,4,16,None
memory_read_agg,72.39,0,69,0,262.181,1740,0,0,0,4,16,None
memory_read_agg,73.39,0,69,0,261.574,1740,0,0,0,4,16,None
memory_read_agg,74.4,0,69,0,261.979,1740,0,0,0,4,16,None
memory_read_agg,75.4,0,69,0,262.328,1740,0,0,0,4,16,None
memory_read_agg,76.41,0,69,0,262.164,1740,0,0,0,4,16,None
memory_read_agg,77.42,0,69,0,261.546,1740,0,0,0,4,16,None
memory_read_agg,78.42,0,69,0,261.764,1740,0,0,0,4,16,None
memory_read_agg,79.43,0,69,0,262.12,1740,0,0,0,4,16,None
memory_read_agg,80.43,0,69,0,261.793,1740,0,0,0,4,16,None
memory_read_agg,81.44,0,69,0,261.207,1740,0,0,0,4,16,None
memory_read_agg,82.44,0,69,0,261.942,1740,0,0,0,4,16,None
memory_read_agg,83.45,0,69,0,261.899,1740,0,0,0,4,16,None
memory_read_agg,84.45,0,69,0,261.706,1740,0,0,0,4,16,None
memory_read_agg,85.46,0,69,0,260.431,1740,0,0,0,4,16,None
memory_read_agg,86.46,0,69,0,261.459,1740,0,0,0,4,16,None
memory_read_agg,87.47,0,69,0,261.507,1740,0,0,0,4,16,None
memory_read_agg,88.47,0,69,0,261.709,1740,0,0,0,4,16,None
memory_read_agg,89.48,0,69,0,260.908,1740,0,0,0,4,16,None
memory_read_agg,90.48,0,69,0,261.932,1740,0,0,0,4,16,None
memory_read_agg,91.49,0,69,0,261.92,1740,0,0,0,4,16,None
memory_read_agg,92.5,0,69,0,261.911,1740,0,0,0,4,16,None
memory_read_agg,93.5,0,69,0,260.934,1740,0,0,0,4,16,None
memory_read_agg,94.51,0,69,0,261.83,1740,0,0,0,4,16,None
memory_read_agg,95.51,0,69,0,261.987,1740,0,0,0,4,16,None
memory_read_agg,96.52,0,68,0,262.011,1740,0,0,0,4,16,None
memory_read_agg,97.52,0,69,0,261.304,1740,0,0,0,4,16,None
memory_read_agg,98.53,0,69,0,262.04,1740,0,0,0,4,16,None
memory_read_agg,99.53,0,69,0,262.182,1740,0,0,0,4,16,None
memory_read_agg,100.54,0,69,0,261.43,1740,0,0,0,4,16,None
memory_read_agg,101.55,0,69,0,261.501,1740,0,0,0,4,16,None
memory_read_agg,102.55,0,69,0,262.16,1740,0,0,0,4,16,None
memory_read_agg,103.56,0,69,0,262.276,1740,0,0,0,4,16,None
memory_read_agg,104.56,0,69,0,261.701,1740,0,0,0,4,16,None
memory_read_agg,105.57,0,69,0,261.519,1740,0,0,0,4,16,None
memory_read_agg,106.57,0,69,0,262.161,1740,0,0,0,4,16,None
memory_read_agg,107.58,0,69,0,262.107,1740,0,0,0,4,16,None
memory_read_agg,108.58,0,69,0,261.522,1740,0,0,0,4,16,None
memory_read_agg,109.59,0,69,0,261.692,1740,0,0,0,4,16,None
memory_read_agg,110.6,0,69,0,262.255,1740,0,0,0,4,16,None
memory_read_agg,111.6,0,69,0,262.357,1740,0,0,0,4,16,None
memory_read_agg,112.61,0,69,0,261.76,1740,0,0,0,4,16,None
memory_read_agg,113.61,0,69,0,261.789,1740,0,0,0,4,16,None
memory_read_agg,114.62,0,69,0,262.388,1740,0,0,0,4,16,None
memory_read_agg,115.62,0,69,0,262.325,1740,0,0,0,4,16,None
memory_read_agg,116.63,0,69,0,261.641,1740,0,0,0,4,16,None
memory_read_agg,117.63,0,69,0,262.123,1740,0,0,0,4,16,None
memory_read_agg,118.64,0,69,0,262.297,1740,0,0,0,4,16,None
memory_read_agg,119.65,0,69,0,262.304,1740,0,0,0,4,16,None
memory_read_agg,120.65,0,69,0,261.889,1740,0,0,0,4,16,None
memory_read_agg,121.66,0,69,0,262.339,1740,0,0,0,4,16,None
memory_read_agg,122.66,0,69,0,262.37,1740,0,0,0,4,16,None
memory_read_agg,123.67,0,69,0,262.317,1740,0,0,0,4,16,None
memory_read_agg,124.68,0,69,0,259.996,1740,0,0,0,4,16,None
voltage,0.0,0,63,0,128.938,1740,0,0,0,4,16,None
voltage,1.0,0,67,0,173.731,1740,0,0,0,4,16,None
voltage,2.0,0,67,0,205.07,1740,0,0,0,4,16,None
voltage,3.0,0,67,0,200.726,1740,0,0,0,4,16,None
voltage,4.01,0,67,0,197.943,1740,0,0,0,4,16,None
voltage,5.01,0,67,0,204.457,1740,0,0,0,4,16,None
voltage,6.01,0,67,0,199.489,1740,0,0,0,4,16,None
voltage,7.01,0,67,0,196.719,1740,0,0,0,4,16,None
voltage,8.01,0,67,0,196.562,1740,0,0,0,4,16,None
voltage,9.01,0,66,0,193.986,1740,0,0,0,4,16,None
voltage,10.01,0,66,0,197.032,1740,0,0,0,4,16,None
voltage,11.01,0,67,0,197.949,1740,0,0,0,4,16,None
voltage,12.01,0,66,0,199.789,1740,0,0,0,4,16,None
voltage,13.02,0,66,0,193.614,1740,0,0,0,4,16,None
voltage,14.02,0,66,0,194.368,1740,0,0,0,4,16,None
voltage,15.02,0,66,0,193.207,1740,0,0,0,4,16,None
voltage,16.02,0,66,0,192.878,1740,0,0,0,4,16,None
voltage,17.02,0,66,0,192.743,1740,0,0,0,4,16,None
voltage,18.02,0,65,0,193.689,1740,0,0,0,4,16,None
voltage,19.02,0,66,0,192.564,1740,0,0,0,4,16,None
voltage,20.02,0,65,0,193.228,1740,0,0,0,4,16,None
voltage,21.02,0,65,0,193.7,1740,0,0,0,4,16,None
voltage,22.03,0,65,0,193.082,1740,0,0,0,4,16,None
voltage,23.03,0,65,0,192.335,1740,0,0,0,4,16,None
voltage,24.03,0,65,0,193.399,1740,0,0,0,4,16,None
voltage,25.03,0,65,0,194.748,1740,0,0,0,4,16,None
voltage,26.03,0,65,0,192.697,1740,0,0,0,4,16,None
voltage,27.03,0,65,0,192.84,1740,0,0,0,4,16,None
voltage,28.03,0,65,0,202.125,1740,0,0,0,4,16,None
voltage,29.03,0,64,0,190.831,1740,0,0,0,4,16,None
voltage,30.03,0,64,0,188.491,1740,0,0,0,4,16,None
voltage,31.04,0,64,0,189.597,1740,0,0,0,4,16,None
voltage,32.04,0,64,0,187.347,1740,0,0,0,4,16,None
voltage,33.04,0,64,0,193.421,1740,0,0,0,4,16,None
voltage,34.04,0,64,0,190.393,1740,0,0,0,4,16,None
voltage,35.04,0,64,0,189.048,1740,0,0,0,4,16,None
voltage,36.04,0,64,0,190.878,1740,0,0,0,4,16,None
voltage,37.04,0,64,0,195.405,1740,0,0,0,4,16,None
voltage,38.04,0,64,0,194.475,1740,0,0,0,4,16,None
voltage,39.04,0,64,0,192.375,1740,0,0,0,4,16,None
voltage,40.04,0,64,0,196.372,1740,0,0,0,4,16,None
voltage,41.05,0,64,0,189.952,1740,0,0,0,4,16,None
voltage,42.05,0,64,0,194.955,1740,0,0,0,4,16,None
voltage,43.05,0,64,0,196.434,1740,0,0,0,4,16,None
voltage,44.05,0,64,0,196.526,1740,0,0,0,4,16,None
voltage,45.05,0,64,0,201.195,1740,0,0,0,4,16,None
voltage,46.05,0,64,0,203.289,1740,0,0,0,4,16,None
voltage,47.05,0,64,0,198.252,1740,0,0,0,4,16,None
voltage,48.05,0,64,0,195.714,1740,0,0,0,4,16,None
voltage,49.05,0,63,0,193.135,1740,0,0,0,4,16,None
voltage,50.05,0,63,0,192.041,1740,0,0,0,4,16,None
voltage,51.05,0,63,0,190.783,1740,0,0,0,4,16,None
voltage,52.06,0,63,0,193.849,1740,0,0,0,4,16,None
voltage,53.06,0,63,0,195.417,1740,0,0,0,4,16,None
voltage,54.06,0,63,0,197.486,1740,0,0,0,4,16,None
voltage,55.06,0,63,0,197.612,1740,0,0,0,4,16,None
voltage,56.06,0,63,0,194.313,1740,0,0,0,4,16,None
voltage,57.06,0,63,0,198.508,1740,0,0,0,4,16,None
voltage,58.06,0,63,0,196.245,1740,0,0,0,4,16,None
voltage,59.06,0,63,0,195.767,1740,0,0,0,4,16,None
voltage,60.06,0,63,0,200.35,1740,0,0,0,4,16,None
voltage,61.07,0,63,0,196.937,1740,0,0,0,4,16,None
voltage,62.07,0,63,0,199.82,1740,0,0,0,4,16,None
voltage,63.07,0,63,0,196.649,1740,0,0,0,4,16,None
voltage,64.07,0,62,0,188.87,1740,0,0,0,4,16,None
voltage,65.07,0,62,0,189.428,1740,0,0,0,4,16,None
voltage,66.07,0,63,0,195.658,1740,0,0,0,4,16,None
voltage,67.07,0,63,0,195.934,1740,0,0,0,4,16,None
voltage,68.07,0,63,0,193.064,1740,0,0,0,4,16,None
voltage,69.07,0,62,0,187.24,1740,0,0,0,4,16,None
voltage,70.08,0,62,0,188.004,1740,0,0,0,4,16,None
voltage,71.08,0,62,0,191.87,1740,0,0,0,4,16,None
voltage,72.08,0,62,0,194.735,1740,0,0,0,4,16,None
voltage,73.08,0,63,0,198.02,1740,0,0,0,4,16,None
voltage,74.08,0,63,0,199.54,1740,0,0,0,4,16,None
voltage,75.08,0,62,0,196.827,1740,0,0,0,4,16,None
voltage,76.08,0,62,0,195.15,1740,0,0,0,4,16,None
voltage,77.08,0,62,0,197.107,1740,0,0,0,4,16,None
voltage,78.08,0,62,0,197.604,1740,0,0,0,4,16,None
voltage,79.08,0,62,0,190.516,1740,0,0,0,4,16,None
voltage,80.09,0,62,0,194.425,1740,0,0,0,4,16,None
voltage,81.09,0,62,0,196.265,1740,0,0,0,4,16,None
voltage,82.09,0,62,0,195.782,1740,0,0,0,4,16,None
voltage,83.09,0,62,0,191.422,1740,0,0,0,4,16,None
voltage,84.09,0,62,0,193.647,1740,0,0,0,4,16,None
voltage,85.09,0,62,0,193.095,1740,0,0,0,4,16,None
voltage,86.09,0,62,0,190.011,1740,0,0,0,4,16,None
voltage,87.09,0,62,0,192.475,1740,0,0,0,4,16,None
voltage,88.09,0,62,0,191.493,1740,0,0,0,4,16,None
voltage,89.09,0,62,0,190.151,1740,0,0,0,4,16,None
voltage,90.1,0,62,0,189.907,1740,0,0,0,4,16,None
voltage,91.1,0,62,0,188.529,1740,0,0,0,4,16,None
voltage,92.1,0,62,0,187.988,1740,0,0,0,4,16,None
voltage,93.1,0,62,0,193.251,1740,0,0,0,4,16,None
voltage,94.1,0,62,0,196.664,1740,0,0,0,4,16,None
voltage,95.1,0,62,0,194.804,1740,0,0,0,4,16,None
voltage,96.1,0,62,0,201.147,1740,0,0,0,4,16,None
voltage,97.1,0,62,0,193.035,1740,0,0,0,4,16,None
voltage,98.1,0,62,0,193.71,1740,0,0,0,4,16,None
voltage,99.11,0,62,0,191.776,1740,0,0,0,4,16,None
voltage,100.11,0,61,0,191.672,1740,0,0,0,4,16,None
voltage,101.11,0,62,0,194.713,1740,0,0,0,4,16,None
voltage,102.11,0,61,0,189.304,1740,0,0,0,4,16,None
voltage,103.11,0,61,0,189.105,1740,0,0,0,4,16,None
voltage,104.11,0,62,0,193.232,1740,0,0,0,4,16,None
voltage,105.11,0,61,0,186.25,1740,0,0,0,4,16,None
voltage,106.11,0,61,0,187.887,1740,0,0,0,4,16,None
voltage,107.11,0,61,0,191.886,1740,0,0,0,4,16,None
voltage,108.11,0,61,0,189.362,1740,0,0,0,4,16,None
voltage,109.11,0,61,0,188.321,1740,0,0,0,4,16,None
voltage,110.12,0,61,0,192.201,1740,0,0,0,4,16,None
voltage,111.12,0,61,0,191.447,1740,0,0,0,4,16,None
voltage,112.12,0,61,0,189.979,1740,0,0,0,4,16,None
voltage,113.12,0,61,0,192.532,1740,0,0,0,4,16,None
voltage,114.12,0,61,0,192.286,1740,0,0,0,4,16,None
voltage,115.12,0,61,0,190.334,1740,0,0,0,4,16,None
voltage,116.12,0,61,0,188.463,1740,0,0,0,4,16,None
voltage,117.12,0,61,0,195.524,1740,0,0,0,4,16,None
voltage,118.13,0,61,0,195.349,1740,0,0,0,4,16,None
voltage,119.13,0,62,0,195.562,1740,0,0,0,4,16,None
voltage,120.13,0,61,0,190.218,1740,0,0,0,4,16,None
incinerator,0.0,0,57,0,122.169,1740,0,0,0,4,16,None
incinerator,1.0,0,64,0,237.815,1740,0,0,0,4,16,None
incinerator,2.0,0,66,0,294.296,1740,0,0,0,4,16,None
incinerator,3.0,0,66,0,295.111,1740,0,0,0,4,16,None
incinerator,4.01,0,67,0,295.248,1740,0,0,0,4,16,None
incinerator,5.01,0,67,0,293.805,1725,0,0,0,4,16,Power
incinerator,6.01,0,67,0,291.463,1740,0,0,0,4,16,None
incinerator,7.01,0,68,0,298.207,1725,0,0,0,4,16,Power
incinerator,8.01,0,68,0,290.518,1740,0,0,0,4,16,None
incinerator,9.01,0,68,0,298.198,1725,0,0,0,4,16,Power
incinerator,10.01,0,68,0,296.658,1725,0,0,0,4,16,Power
incinerator,11.01,0,68,0,291.969,1740,0,0,0,4,16,None
incinerator,12.01,0,69,0,294.607,1740,0,0,0,4,16,None
incinerator,13.02,0,69,0,294.322,1725,0,0,0,4,16,Power
incinerator,14.02,0,69,0,293.027,1725,0,0,0,4,16,Power
incinerator,15.02,0,69,0,291.46,1725,0,0,0,4,16,Power
incinerator,16.02,0,70,0,294.591,1740,0,0,0,4,16,None
incinerator,17.02,0,70,0,295.409,1710,0,0,0,4,16,Power
incinerator,18.02,0,70,0,295.996,1725,0,0,0,4,16,Power
incinerator,19.02,0,70,0,297.044,1725,0,0,0,4,16,Power
incinerator,20.02,0,70,0,295.335,1725,0,0,0,4,16,Power
incinerator,21.02,0,71,0,298.063,1710,0,0,0,4,16,Power
incinerator,22.03,0,71,0,299.408,1725,0,0,0,4,16,Power
incinerator,23.03,0,71,0,298.549,1725,0,0,0,4,16,Power
incinerator,24.03,0,71,0,297.441,1710,0,0,0,4,16,Power
incinerator,25.03,0,71,0,295.923,1725,0,0,0,4,16,Power
incinerator,26.03,0,71,0,298.906,1695,0,0,0,4,16,Power
incinerator,27.03,0,71,0,298.149,1725,0,0,0,4,16,Power
incinerator,28.03,0,71,0,296.94,1710,0,0,0,4,16,Power
incinerator,29.03,0,71,0,296.261,1710,0,0,0,4,16,Power
incinerator,30.03,0,72,0,295.868,1725,0,0,0,4,16,Power
incinerator,31.04,0,72,0,298.703,1695,0,0,0,4,16,Power
incinerator,32.04,0,72,0,297.989,1725,0,0,0,4,16,Power
incinerator,33.04,0,72,0,297.159,1725,0,0,0,4,16,Power
incinerator,34.04,0,72,0,296.982,1710,0,0,0,4,16,Power
incinerator,35.04,0,72,0,300.648,1710,0,0,0,4,16,Power
incinerator,36.04,0,72,0,298.527,1710,0,0,0,4,16,Power
incinerator,37.04,0,72,0,298.466,1710,0,0,0,4,16,Power
incinerator,38.04,0,73,0,296.772,1710,0,0,0,4,16,Power
incinerator,39.05,0,73,0,299.753,1710,0,0,0,4,16,Power
incinerator,40.05,0,73,0,297.635,1725,0,0,0,4,16,Power
incinerator,41.05,0,73,0,298.208,1710,0,0,0,4,16,Power
incinerator,42.05,0,73,0,298.633,1710,0,0,0,4,16,Power
incinerator,43.05,0,73,0,298.619,1725,0,0,0,4,16,Power
incinerator,44.05,0,73,0,298.351,1725,0,0,0,4,16,Power
incinerator,45.05,0,73,0,296.09,1725,0,0,0,4,16,Power
incinerator,46.05,0,73,0,299.496,1695,0,0,0,4,16,Power
incinerator,47.05,0,73,0,298.975,1710,0,0,0,4,16,Power
incinerator,48.06,0,73,0,297.351,1710,0,0,0,4,16,Power
incinerator,49.06,0,73,0,296.573,1725,0,0,0,4,16,Power
incinerator,50.06,0,73,0,299.425,1710,0,0,0,4,16,Power
incinerator,51.06,0,73,0,298.322,1710,0,0,0,4,16,Power
incinerator,52.06,0,73,0,300.28,1710,0,0,0,4,16,Power
incinerator,53.06,0,74,0,299.077,1710,0,0,0,4,16,Power
incinerator,54.06,0,74,0,298.466,1710,0,0,0,4,16,Power
incinerator,55.06,0,74,0,299.446,1710,0,0,0,4,16,Power
incinerator,56.06,0,74,0,297.483,1725,0,0,0,4,16,Power
incinerator,57.07,0,74,0,300.153,1695,0,0,0,4,16,Power
incinerator,58.07,0,74,0,297.539,1710,0,0,0,4,16,Power
incinerator,59.07,0,74,0,297.151,1725,0,0,0,4,16,Power
incinerator,60.07,0,74,0,298.024,1695,0,0,0,4,16,Power
incinerator,61.07,0,74,0,297.747,1710,0,0,0,4,16,Power
incinerator,62.07,0,74,0,300.779,1710,0,0,0,4,16,Power
incinerator,63.07,0,74,0,299.435,1695,0,0,0,4,16,Power
incinerator,64.07,0,74,0,298.669,1725,0,0,0,4,16,Power
incinerator,65.07,0,74,0,299.034,1725,0,0,0,4,16,Power
incinerator,66.07,0,74,0,298.532,1710,0,0,0,4,16,Power
incinerator,67.07,0,74,0,300.487,1710,0,0,0,4,16,Power
incinerator,68.08,0,74,0,299.486,1725,0,0,0,4,16,Power
incinerator,69.08,0,74,0,299.353,1710,0,0,0,4,16,Power
incinerator,70.08,0,74,0,300.41,1710,0,0,0,4,16,Power
incinerator,71.08,0,74,0,299.666,1710,0,0,0,4,16,Power
incinerator,72.08,0,74,0,301.542,1695,0,0,0,4,16,Power
incinerator,73.08,0,74,0,299.554,1725,0,0,0,4,16,Power
incinerator,74.08,0,74,0,299.781,1725,0,0,0,4,16,Power
incinerator,75.08,0,74,0,300.547,1725,0,0,0,4,16,Power
incinerator,76.08,0,74,0,300.774,1725,0,0,0,4,16,Power
incinerator,77.09,0,74,0,300.169,1725,0,0,0,4,16,Power
incinerator,78.09,0,74,0,300.102,1725,0,0,0,4,16,Power
incinerator,79.09,0,74,0,297.644,1710,0,0,0,4,16,Power
incinerator,80.09,0,75,0,302.019,1710,0,0,0,4,16,Power
incinerator,81.09,0,74,0,303.5,1725,0,0,0,4,16,Power
incinerator,82.09,0,75,0,301.65,1710,0,0,0,4,16,Power
incinerator,83.09,0,74,0,300.23,1710,0,0,0,4,16,Power
incinerator,84.09,0,75,0,301.617,1695,0,0,0,4,16,Power
incinerator,85.1,0,75,0,299.637,1725,0,0,0,4,16,Power
incinerator,86.1,0,75,0,301.601,1710,0,0,0,4,16,Power
incinerator,87.1,0,75,0,299.475,1725,0,0,0,4,16,Power
incinerator,88.1,0,75,0,301.153,1695,0,0,0,4,16,Power
incinerator,89.1,0,75,0,302.395,1710,0,0,0,4,16,Power
incinerator,90.1,0,75,0,302.011,1710,0,0,0,4,16,Power
incinerator,91.1,0,75,0,303.154,1710,0,0,0,4,16,Power
incinerator,92.1,0,75,0,303.924,1725,0,0,0,4,16,Power
incinerator,93.1,0,75,0,304.733,1725,0,0,0,4,16,Power
incinerator,94.11,0,75,0,305.607,1710,0,0,0,4,16,Power
incinerator,95.11,0,75,0,303.86,1710,0,0,0,4,16,Power
incinerator,96.11,0,75,0,303.439,1710,0,0,0,4,16,Power
incinerator,97.11,0,75,0,305.303,1695,0,0,0,4,16,Power
incinerator,98.11,0,75,0,304.426,1725,0,0,0,4,16,Power
incinerator,99.11,0,75,0,304.557,1710,0,0,0,4,16,Power
incinerator,100.11,0,75,0,307.199,1725,0,0,0,4,16,Power
incinerator,101.11,0,75,0,303.781,1695,0,0,0,4,16,Power
incinerator,102.11,0,75,0,301.488,1695,0,0,0,4,16,Power
incinerator,103.11,0,75,0,302.071,1695,0,0,0,4,16,Power
incinerator,104.12,0,75,0,300.936,1695,0,0,0,4,16,Power
incinerator,105.12,0,75,0,304.468,1710,0,0,0,4,16,Power
incinerator,106.12,0,75,0,305.376,1695,0,0,0,4,16,Power
incinerator,107.12,0,75,0,299.369,1695,0,0,0,4,16,Power
incinerator,108.12,0,75,0,304.747,1710,0,0,0,4,16,Power
incinerator,109.12,0,75,0,305.664,1710,0,0,0,4,16,Power
incinerator,110.12,0,75,0,308.026,1710,0,0,0,4,16,Power
incinerator,111.13,0,75,0,307.755,1710,0,0,0,4,16,Power
incinerator,112.13,0,75,0,304.795,1710,0,0,0,4,16,Power
incinerator,113.13,0,75,0,304.401,1710,0,0,0,4,16,Power
incinerator,114.13,0,75,0,302.005,1695,0,0,0,4,16,Power
incinerator,115.13,0,75,0,301.597,1710,0,0,0,4,16,Power
incinerator,116.13,0,75,0,304.912,1710,0,0,0,4,16,Power
incinerator,117.13,0,75,0,305.278,1695,0,0,0,4,16,Power
incinerator,118.13,0,75,0,305.538,1710,0,0,0,4,16,Power
incinerator,119.13,0,75,0,306.915,1710,0,0,0,4,16,Power
incinerator,120.14,0,75,0,306.161,1710,0,0,0,4,16,Power
cache_lat,0.0,0,66,0,147.451,1740,0,0,0,4,16,None
cache_lat,1.0,0,69,0,205.333,1740,0,0,0,4,16,None
cache_lat,2.01,0,69,0,242.961,1740,0,0,0,4,16,None
cache_lat,3.01,0,68,0,242.633,1740,0,0,0,4,16,None
cache_lat,4.01,0,68,0,242.955,1740,0,0,0,4,16,None
cache_lat,5.02,0,68,0,242.847,1740,0,0,0,4,16,None
cache_lat,6.02,0,68,0,242.032,1740,0,0,0,4,16,None
cache_lat,7.02,0,68,0,242.121,1740,0,0,0,4,16,None
cache_lat,8.03,0,67,0,241.765,1740,0,0,0,4,16,None
cache_lat,9.03,0,67,0,241.462,1740,0,0,0,4,16,None
cache_lat,10.03,0,67,0,241.428,1740,0,0,0,4,16,None
cache_lat,11.04,0,67,0,242.518,1740,0,0,0,4,16,None
cache_lat,12.04,0,67,0,241.365,1740,0,0,0,4,16,None
cache_lat,13.06,0,67,0,241.095,1740,0,0,0,4,16,None
cache_lat,14.06,0,67,0,241.358,1740,0,0,0,4,16,None
cache_lat,15.07,0,67,0,240.007,1740,0,0,0,4,16,None
cache_lat,16.07,0,66,0,241.171,1740,0,0,0,4,16,None
cache_lat,17.07,0,66,0,240.631,1740,0,0,0,4,16,None
cache_lat,18.08,0,66,0,240.361,1740,0,0,0,4,16,None
cache_lat,19.08,0,66,0,239.929,1740,0,0,0,4,16,None
cache_lat,20.08,0,66,0,239.601,1740,0,0,0,4,16,None
cache_lat,21.09,0,66,0,240.239,1740,0,0,0,4,16,None
cache_lat,22.09,0,66,0,239.757,1740,0,0,0,4,16,None
cache_lat,23.09,0,66,0,239.898,1740,0,0,0,4,16,None
cache_lat,24.1,0,66,0,239.375,1740,0,0,0,4,16,None
cache_lat,25.1,0,66,0,239.333,1740,0,0,0,4,16,None
cache_lat,26.1,0,66,0,238.557,1740,0,0,0,4,16,None
cache_lat,27.11,0,66,0,239.072,1740,0,0,0,4,16,None
cache_lat,28.11,0,66,0,239.636,1740,0,0,0,4,16,None
cache_lat,29.11,0,65,0,238.97,1740,0,0,0,4,16,None
cache_lat,30.12,0,65,0,239.392,1740,0,0,0,4,16,None
cache_lat,31.12,0,65,0,239.706,1740,0,0,0,4,16,None
cache_lat,32.12,0,65,0,239.669,1740,0,0,0,4,16,None
cache_lat,33.13,0,65,0,239.442,1740,0,0,0,4,16,None
cache_lat,34.13,0,65,0,239.88,1740,0,0,0,4,16,None
cache_lat,35.13,0,65,0,239.407,1740,0,0,0,4,16,None
cache_lat,36.14,0,65,0,239.487,1740,0,0,0,4,16,None
cache_lat,37.14,0,65,0,239.472,1740,0,0,0,4,16,None
cache_lat,38.14,0,65,0,239.271,1740,0,0,0,4,16,None
cache_lat,39.15,0,65,0,238.652,1740,0,0,0,4,16,None
cache_lat,40.15,0,65,0,238.919,1740,0,0,0,4,16,None
cache_lat,41.15,0,65,0,239.129,1740,0,0,0,4,16,None
cache_lat,42.16,0,65,0,238.469,1740,0,0,0,4,16,None
cache_lat,43.16,0,65,0,239.042,1740,0,0,0,4,16,None
cache_lat,44.16,0,65,0,238.817,1740,0,0,0,4,16,None
cache_lat,45.16,0,65,0,238.551,1740,0,0,0,4,16,None
cache_lat,46.17,0,65,0,238.654,1740,0,0,0,4,16,None
cache_lat,47.17,0,65,0,238.624,1740,0,0,0,4,16,None
cache_lat,48.17,0,65,0,238.899,1740,0,0,0,4,16,None
cache_lat,49.18,0,65,0,238.475,1740,0,0,0,4,16,None
cache_lat,50.18,0,65,0,238.507,1740,0,0,0,4,16,None
cache_lat,51.18,0,65,0,238.563,1740,0,0,0,4,16,None
cache_lat,52.19,0,65,0,238.587,1740,0,0,0,4,16,None
cache_lat,53.19,0,65,0,238.578,1740,0,0,0,4,16,None
cache_lat,54.19,0,65,0,238.381,1740,0,0,0,4,16,None
cache_lat,55.2,0,65,0,238.189,1740,0,0,0,4,16,None
cache_lat,56.2,0,65,0,238.516,1740,0,0,0,4,16,None
cache_lat,57.2,0,65,0,238.777,1740,0,0,0,4,16,None
cache_lat,58.21,0,65,0,238.537,1740,0,0,0,4,16,None
cache_lat,59.21,0,65,0,237.788,1740,0,0,0,4,16,None
cache_lat,60.21,0,65,0,238.446,1740,0,0,0,4,16,None
cache_lat,61.22,0,65,0,238.61,1740,0,0,0,4,16,None
cache_lat,62.22,0,65,0,238.675,1740,0,0,0,4,16,None
cache_lat,63.22,0,65,0,238.425,1740,0,0,0,4,16,None
cache_lat,64.23,0,65,0,238.367,1740,0,0,0,4,16,None
cache_lat,65.23,0,65,0,238.842,1740,0,0,0,4,16,None
cache_lat,66.23,0,65,0,238.821,1740,0,0,0,4,16,None
cache_lat,67.24,0,65,0,238.445,1740,0,0,0,4,16,None
cache_lat,68.24,0,65,0,237.294,1740,0,0,0,4,16,None
cache_lat,69.24,0,65,0,237.97,1740,0,0,0,4,16,None
cache_lat,70.25,0,65,0,237.945,1740,0,0,0,4,16,None
cache_lat,71.25,0,65,0,238.475,1740,0,0,0,4,16,None
cache_lat,72.25,0,65,0,238.436,1740,0,0,0,4,16,None
cache_lat,73.25,0,64,0,238.349,1740,0,0,0,4,16,None
cache_lat,74.26,0,64,0,235.09,1740,0,0,0,4,16,None
cache_lat,75.26,0,64,0,234.252,1740,0,0,0,4,16,None
cache_lat,76.26,0,64,0,233.735,1740,0,0,0,4,16,None
cache_lat,77.27,0,64,0,233.929,1740,0,0,0,4,16,None
cache_lat,78.27,0,64,0,233.536,1740,0,0,0,4,16,None
cache_lat,79.27,0,64,0,233.685,1740,0,0,0,4,16,None
cache_lat,80.28,0,64,0,233.871,1740,0,0,0,4,16,None
cache_lat,81.28,0,64,0,234.274,1740,0,0,0,4,16,None
cache_lat,82.28,0,64,0,234.106,1740,0,0,0,4,16,None
cache_lat,83.29,0,64,0,233.688,1740,0,0,0,4,16,None
cache_lat,84.29,0,64,0,234.132,1740,0,0,0,4,16,None
cache_lat,85.29,0,64,0,233.615,1740,0,0,0,4,16,None
cache_lat,86.3,0,64,0,233.891,1740,0,0,0,4,16,None
cache_lat,87.3,0,64,0,233.911,1740,0,0,0,4,16,None
cache_lat,88.3,0,64,0,233.539,1740,0,0,0,4,16,None
cache_lat,89.31,0,64,0,234.297,1740,0,0,0,4,16,None
cache_lat,90.31,0,64,0,234.229,1740,0,0,0,4,16,None
cache_lat,91.31,0,64,0,234.147,1740,0,0,0,4,16,None
cache_lat,92.32,0,64,0,233.917,1740,0,0,0,4,16,None
cache_lat,93.32,0,64,0,234.092,1740,0,0,0,4,16,None
cache_lat,94.32,0,64,0,234.488,1740,0,0,0,4,16,None
cache_lat,95.33,0,64,0,233.662,1740,0,0,0,4,16,None
cache_lat,96.33,0,64,0,233.483,1740,0,0,0,4,16,None
cache_lat,97.33,0,64,0,233.18,1740,0,0,0,4,16,None
cache_lat,98.33,0,64,0,233.741,1740,0,0,0,4,16,None
cache_lat,99.34,0,64,0,233.8,1740,0,0,0,4,16,None
cache_lat,100.34,0,64,0,233.382,1740,0,0,0,4,16,None
cache_lat,101.34,0,64,0,233.074,1740,0,0,0,4,16,None
cache_lat,102.35,0,64,0,233.282,1740,0,0,0,4,16,None
cache_lat,103.35,0,64,0,233.539,1740,0,0,0,4,16,None
cache_lat,104.35,0,64,0,233.227,1740,0,0,0,4,16,None
cache_lat,105.36,0,64,0,233.874,1740,0,0,0,4,16,None
cache_lat,106.36,0,64,0,233.463,1740,0,0,0,4,16,None
cache_lat,107.36,0,64,0,233.35,1740,0,0,0,4,16,None
cache_lat,108.37,0,64,0,233.512,1740,0,0,0,4,16,None
cache_lat,109.37,0,64,0,234.144,1740,0,0,0,4,16,None
cache_lat,110.37,0,64,0,233.353,1740,0,0,0,4,16,None
cache_lat,111.38,0,64,0,233.325,1740,0,0,0,4,16,None
cache_lat,112.38,0,64,0,233.13,1740,0,0,0,4,16,None
cache_lat,113.38,0,64,0,233.788,1740,0,0,0,4,16,None
cache_lat,114.39,0,64,0,233.397,1740,0,0,0,4,16,None
cache_lat,115.39,0,64,0,233.318,1740,0,0,0,4,16,None
cache_lat,116.39,0,64,0,233.562,1740,0,0,0,4,16,None
cache_lat,117.39,0,64,0,232.997,1740,0,0,0,4,16,None
cache_lat,118.4,0,64,0,233.812,1740,0,0,0,4,16,None
cache_lat,119.4,0,64,0,233.909,1740,0,0,0,4,16,None
cache_lat,120.4,0,64,0,233.679,1740,0,0,0,4,16,None
cache_lat,121.41,0,64,0,233.806,1740,0,0,0,4,16,None
cache_lat,122.41,0,64,0,233.765,1740,0,0,0,4,16,None
cache_lat,123.41,0,61,0,201.532,1740,0,0,0,4,16,None
sfu_stress,0.0,0,59,0,107.933,1740,0,0,0,4,16,None
sfu_stress,1.0,0,67,0,221.309,1740,0,0,0,4,16,None
sfu_stress,2.0,0,68,0,292.918,1740,0,0,0,4,16,None
sfu_stress,3.0,0,69,0,296.413,1740,0,0,0,4,16,None
sfu_stress,4.01,0,70,0,297.362,1740,0,0,0,4,16,None
sfu_stress,5.01,0,70,0,297.013,1725,0,0,0,4,16,Power
sfu_stress,6.01,0,70,0,296.232,1725,0,0,0,4,16,Power
sfu_stress,7.01,0,71,0,295.417,1710,0,0,0,4,16,Power
sfu_stress,8.01,0,71,0,296.561,1710,0,0,0,4,16,Power
sfu_stress,9.01,0,71,0,296.836,1710,0,0,0,4,16,Power
sfu_stress,10.01,0,71,0,296.195,1725,0,0,0,4,16,Power
sfu_stress,11.01,0,71,0,297.472,1725,0,0,0,4,16,Power
sfu_stress,12.02,0,72,0,297.328,1725,0,0,0,4,16,Power
sfu_stress,13.02,0,72,0,296.925,1710,0,0,0,4,16,Power
sfu_stress,14.02,0,72,0,296.215,1725,0,0,0,4,16,Power
sfu_stress,15.02,0,72,0,296.314,1725,0,0,0,4,16,Power
sfu_stress,16.02,0,72,0,294.806,1710,0,0,0,4,16,Power
sfu_stress,17.02,0,72,0,296.231,1725,0,0,0,4,16,Power
sfu_stress,18.02,0,72,0,297.474,1710,0,0,0,4,16,Power
sfu_stress,19.02,0,72,0,294.588,1710,0,0,0,4,16,Power
sfu_stress,20.02,0,73,0,295.719,1695,0,0,0,4,16,Power
sfu_stress,21.03,0,73,0,297.298,1710,0,0,0,4,16,Power
sfu_stress,22.03,0,73,0,297.357,1710,0,0,0,4,16,Power
sfu_stress,23.03,0,73,0,296.621,1710,0,0,0,4,16,Power
sfu_stress,24.03,0,73,0,295.403,1710,0,0,0,4,16,Power
sfu_stress,25.03,0,73,0,296.884,1725,0,0,0,4,16,Power
sfu_stress,26.03,0,73,0,297.109,1710,0,0,0,4,16,Power
sfu_stress,27.03,0,73,0,296.095,1710,0,0,0,4,16,Power
sfu_stress,28.03,0,73,0,294.505,1710,0,0,0,4,16,Power
sfu_stress,29.03,0,73,0,296.084,1725,0,0,0,4,16,Power
sfu_stress,30.03,0,74,0,297.894,1725,0,0,0,4,16,Power
sfu_stress,31.04,0,74,0,297.255,1710,0,0,0,4,16,Power
sfu_stress,32.04,0,74,0,295.325,1710,0,0,0,4,16,Power
sfu_stress,33.04,0,74,0,296.225,1725,0,0,0,4,16,Power
sfu_stress,34.04,0,74,0,296.021,1710,0,0,0,4,16,Power
sfu_stress,35.04,0,74,0,297.349,1725,0,0,0,4,16,Power
sfu_stress,36.04,0,74,0,295.931,1725,0,0,0,4,16,Power
sfu_stress,37.04,0,74,0,297.298,1710,0,0,0,4,16,Power
sfu_stress,38.04,0,74,0,297.207,1710,0,0,0,4,16,Power
sfu_stress,39.04,0,74,0,297.493,1725,0,0,0,4,16,Power
sfu_stress,40.04,0,74,0,296.945,1725,0,0,0,4,16,Power
sfu_stress,41.05,0,74,0,295.749,1725,0,0,0,4,16,Power
sfu_stress,42.05,0,74,0,296.1,1710,0,0,0,4,16,Power
sfu_stress,43.05,0,74,0,297.611,1710,0,0,0,4,16,Power
sfu_stress,44.05,0,74,0,296.668,1710,0,0,0,4,16,Power
sfu_stress,45.05,0,74,0,296.496,1710,0,0,0,4,16,Power
sfu_stress,46.05,0,74,0,298.998,1710,0,0,0,4,16,Power
sfu_stress,47.05,0,74,0,298.935,1725,0,0,0,4,16,Power
sfu_stress,48.05,0,74,0,297.364,1710,0,0,0,4,16,Power
sfu_stress,49.05,0,75,0,295.711,1710,0,0,0,4,16,Power
sfu_stress,50.06,0,74,0,297.561,1710,0,0,0,4,16,Power
sfu_stress,51.06,0,74,0,297.844,1710,0,0,0,4,16,Power
sfu_stress,52.06,0,75,0,297.624,1710,0,0,0,4,16,Power
sfu_stress,53.06,0,75,0,295.397,1695,0,0,0,4,16,Power
sfu_stress,54.06,0,75,0,295.629,1695,0,0,0,4,16,Power
sfu_stress,55.06,0,75,0,296.345,1710,0,0,0,4,16,Power
sfu_stress,56.06,0,75,0,296.569,1725,0,0,0,4,16,Power
sfu_stress,57.06,0,75,0,297.501,1725,0,0,0,4,16,Power
sfu_stress,58.06,0,75,0,297.283,1710,0,0,0,4,16,Power
sfu_stress,59.07,0,75,0,295.559,1710,0,0,0,4,16,Power
sfu_stress,60.07,0,75,0,296.802,1710,0,0,0,4,16,Power
sfu_stress,61.07,0,75,0,296.835,1725,0,0,0,4,16,Power
sfu_stress,62.07,0,75,0,296.287,1710,0,0,0,4,16,Power
sfu_stress,63.07,0,75,0,297.767,1725,0,0,0,4,16,Power
sfu_stress,64.07,0,75,0,297.756,1710,0,0,0,4,16,Power
sfu_stress,65.07,0,75,0,298.524,1695,0,0,0,4,16,Power
sfu_stress,66.07,0,75,0,296.251,1710,0,0,0,4,16,Power
sfu_stress,67.07,0,75,0,294.43,1710,0,0,0,4,16,Power
sfu_stress,68.07,0,75,0,297.032,1710,0,0,0,4,16,Power
sfu_stress,69.08,0,75,0,297.867,1695,0,0,0,4,16,Power
sfu_stress,70.08,0,75,0,297.904,1695,0,0,0,4,16,Power
sfu_stress,71.08,0,75,0,297.912,1695,0,0,0,4,16,Power
sfu_stress,72.08,0,75,0,298.265,1710,0,0,0,4,16,Power
sfu_stress,73.08,0,75,0,297.7,1710,0,0,0,4,16,Power
sfu_stress,74.08,0,75,0,298.101,1710,0,0,0,4,16,Power
sfu_stress,75.09,0,75,0,298.543,1710,0,0,0,4,16,Power
sfu_stress,76.09,0,75,0,298.897,1710,0,0,0,4,16,Power
sfu_stress,77.09,0,75,0,297.108,1710,0,0,0,4,16,Power
sfu_stress,78.09,0,75,0,296.535,1695,0,0,0,4,16,Power
sfu_stress,79.09,0,75,0,297.874,1710,0,0,0,4,16,Power
sfu_stress,80.09,0,75,0,298.67,1695,0,0,0,4,16,Power
sfu_stress,81.09,0,75,0,297.446,1695,0,0,0,4,16,Power
sfu_stress,82.09,0,75,0,299.649,1695,0,0,0,4,16,Power
sfu_stress,83.09,0,75,0,297.832,1710,0,0,0,4,16,Power
sfu_stress,84.1,0,75,0,299.63,1710,0,0,0,4,16,Power
sfu_stress,85.1,0,75,0,298.336,1710,0,0,0,4,16,Power
sfu_stress,86.1,0,75,0,295.828,1710,0,0,0,4,16,Power
sfu_stress,87.1,0,75,0,296.659,1710,0,0,0,4,16,Power
sfu_stress,88.1,0,75,0,296.942,1710,0,0,0,4,16,Power
sfu_stress,89.1,0,75,0,300.385,1710,0,0,0,4,16,Power
sfu_stress,90.1,0,75,0,299.405,1710,0,0,0,4,16,Power
sfu_stress,91.1,0,75,0,298.09,1710,0,0,0,4,16,Power
sfu_stress,92.11,0,75,0,297.735,1695,0,0,0,4,16,Power
sfu_stress,93.11,0,75,0,295.847,1710,0,0,0,4,16,Power
sfu_stress,94.11,0,75,0,298.325,1710,0,0,0,4,16,Power
sfu_stress,95.11,0,75,0,298.277,1695,0,0,0,4,16,Power
sfu_stress,96.11,0,75,0,298.542,1710,0,0,0,4,16,Power
sfu_stress,97.11,0,75,0,296.03,1710,0,0,0,4,16,Power
sfu_stress,98.11,0,75,0,298.408,1710,0,0,0,4,16,Power
sfu_stress,99.11,0,75,0,299.981,1710,0,0,0,4,16,Power
sfu_stress,100.11,0,75,0,297.906,1725,0,0,0,4,16,Power
sfu_stress,101.11,0,75,0,299.1,1695,0,0,0,4,16,Power
sfu_stress,102.12,0,75,0,299.315,1710,0,0,0,4,16,Power
sfu_stress,103.12,0,75,0,297.524,1695,0,0,0,4,16,Power
sfu_stress,104.12,0,75,0,298.7,1695,0,0,0,4,16,Power
sfu_stress,105.12,0,75,0,298.622,1695,0,0,0,4,16,Power
sfu_stress,106.12,0,75,0,298.494,1695,0,0,0,4,16,Power
sfu_stress,107.12,0,75,0,297.468,1695,0,0,0,4,16,Power
sfu_stress,108.12,0,75,0,298.047,1695,0,0,0,4,16,Power
sfu_stress,109.13,0,75,0,300.393,1695,0,0,0,4,16,Power
sfu_stress,110.13,0,75,0,299.96,1695,0,0,0,4,16,Power
sfu_stress,111.13,0,75,0,299.469,1695,0,0,0,4,16,Power
sfu_stress,112.13,0,75,0,298.321,1695,0,0,0,4,16,Power
sfu_stress,113.13,0,75,0,298.696,1695,0,0,0,4,16,Power
sfu_stress,114.13,0,75,0,299.705,1695,0,0,0,4,16,Power
sfu_stress,115.13,0,75,0,300.254,1695,0,0,0,4,16,Power
sfu_stress,116.13,0,75,0,299.768,1695,0,0,0,4,16,Power
sfu_stress,117.13,0,75,0,298.625,1695,0,0,0,4,16,Power
sfu_stress,118.14,0,75,0,297.865,1695,0,0,0,4,16,Power
sfu_stress,119.14,0,75,0,297.753,1695,0,0,0,4,16,Power
sfu_stress,120.14,0,75,0,297.525,1695,0,0,0,4,16,Power
pcie_bandwidth,0.0,0,66,0,149.31,1740,0,0,0,4,16,None
pcie_bandwidth,1.0,0,65,0,113.687,1740,0,0,0,4,16,None
pcie_bandwidth,2.0,0,63,0,115.005,1740,0,0,0,4,16,None
pcie_bandwidth,3.01,0,63,0,113.82,1740,0,0,0,4,16,None
pcie_bandwidth,4.01,0,62,0,113.251,1740,0,0,0,4,16,None
pcie_bandwidth,5.01,0,61,0,112.545,1740,0,0,0,4,16,None
pcie_bandwidth,6.01,0,61,0,112.091,1740,0,0,0,4,16,None
pcie_bandwidth,7.01,0,61,0,111.397,1740,0,0,0,4,16,None
pcie_bandwidth,8.01,0,60,0,111.065,1740,0,0,0,4,16,None
pcie_bandwidth,9.01,0,60,0,110.833,1740,0,0,0,4,16,None
pcie_bandwidth,10.02,0,59,0,110.213,1740,0,0,0,4,16,None
pcie_bandwidth,11.02,0,59,0,109.994,1740,0,0,0,4,16,None
pcie_bandwidth,12.02,0,59,0,109.521,1740,0,0,0,4,16,None
pcie_bandwidth,13.02,0,58,0,109.233,1740,0,0,0,4,16,None
pcie_bandwidth,14.02,0,58,0,109.154,1740,0,0,0,4,16,None
pcie_bandwidth,15.02,0,58,0,108.702,1740,0,0,0,4,16,None
pcie_bandwidth,16.02,0,58,0,108.311,1740,0,0,0,4,16,None
pcie_bandwidth,17.03,0,57,0,108.444,1740,0,0,0,4,16,None
pcie_bandwidth,18.03,0,57,0,107.886,1740,0,0,0,4,16,None
pcie_bandwidth,19.03,0,57,0,107.454,1740,0,0,0,4,16,None
pcie_bandwidth,20.03,0,56,0,107.718,1740,0,0,0,4,16,None
pcie_bandwidth,21.03,0,56,0,107.259,1740,0,0,0,4,16,None
pcie_bandwidth,22.03,0,56,0,107.227,1740,0,0,0,4,16,None
pcie_bandwidth,23.03,0,56,0,106.694,1740,0,0,0,4,16,None
pcie_bandwidth,24.04,0,55,0,106.491,1740,0,0,0,4,16,None
pcie_bandwidth,25.04,0,55,0,106.771,1740,0,0,0,4,16,None
pcie_bandwidth,26.04,0,55,0,106.289,1740,0,0,0,4,16,None
pcie_bandwidth,27.04,0,55,0,105.921,1740,0,0,0,4,16,None
pcie_bandwidth,28.04,0,54,0,106.197,1740,0,0,0,4,16,None
pcie_bandwidth,29.04,0,54,0,105.118,1740,0,0,0,4,16,None
pcie_bandwidth,30.04,0,54,0,104.735,1740,0,0,0,4,16,None
pcie_bandwidth,31.05,0,54,0,104.738,1740,0,0,0,4,16,None
pcie_bandwidth,32.05,0,54,0,104.144,1740,0,0,0,4,16,None
pcie_bandwidth,33.05,0,53,0,104.313,1740,0,0,0,4,16,None
pcie_bandwidth,34.05,0,53,0,104.289,1740,0,0,0,4,16,None
pcie_bandwidth,35.05,0,53,0,103.846,1740,0,0,0,4,16,None
pcie_bandwidth,36.05,0,53,0,103.853,1740,0,0,0,4,16,None
pcie_bandwidth,37.05,0,53,0,103.782,1740,0,0,0,4,16,None
pcie_bandwidth,38.06,0,52,0,103.677,1740,0,0,0,4,16,None
pcie_bandwidth,39.06,0,52,0,103.657,1740,0,0,0,4,16,None
pcie_bandwidth,40.06,0,52,0,103.241,1740,0,0,0,4,16,None
pcie_bandwidth,41.06,0,52,0,103.259,1740,0,0,0,4,16,None
pcie_bandwidth,42.06,0,52,0,103.185,1740,0,0,0,4,16,None
pcie_bandwidth,43.06,0,52,0,102.978,1740,0,0,0,4,16,None
pcie_bandwidth,44.06,0,51,0,103.047,1740,0,0,0,4,16,None
pcie_bandwidth,45.07,0,51,0,102.728,1740,0,0,0,4,16,None
pcie_bandwidth,46.07,0,51,0,102.48,1740,0,0,0,4,16,None
pcie_bandwidth,47.07,0,51,0,102.817,1740,0,0,0,4,16,None
pcie_bandwidth,48.07,0,51,0,102.419,1740,0,0,0,4,16,None
pcie_bandwidth,49.07,0,51,0,102.17,1740,0,0,0,4,16,None
pcie_bandwidth,50.07,0,51,0,102.454,1740,0,0,0,4,16,None
pcie_bandwidth,51.07,0,50,0,102.056,1740,0,0,0,4,16,None
pcie_bandwidth,52.08,0,50,0,102.155,1740,0,0,0,4,16,None
pcie_bandwidth,53.08,0,50,0,102.236,1740,0,0,0,4,16,None
pcie_bandwidth,54.08,0,50,0,101.658,1740,0,0,0,4,16,None
pcie_bandwidth,55.08,0,50,0,101.809,1740,0,0,0,4,16,None
pcie_bandwidth,56.08,0,50,0,101.941,1740,0,0,0,4,16,None
pcie_bandwidth,57.08,0,50,0,101.702,1740,0,0,0,4,16,None
pcie_bandwidth,58.08,0,49,0,101.718,1740,0,0,0,4,16,None
pcie_bandwidth,59.09,0,49,0,102.967,1740,0,0,0,4,16,None
pcie_bandwidth,60.09,0,49,0,103.554,1740,0,0,0,4,16,None
pcie_bandwidth,61.09,0,49,0,103.639,1740,0,0,0,4,16,None
pcie_bandwidth,62.09,0,49,0,103.584,1740,0,0,0,4,16,None
pcie_bandwidth,63.09,0,49,0,103.516,1740,0,0,0,4,16,None
pcie_bandwidth,64.09,0,49,0,103.51,1740,0,0,0,4,16,None
pcie_bandwidth,65.09,0,49,0,103.303,1740,0,0,0,4,16,None
pcie_bandwidth,66.1,0,49,0,103.251,1740,0,0,0,4,16,None
pcie_bandwidth,67.1,0,49,0,103.32,1740,0,0,0,4,16,None
pcie_bandwidth,68.1,0,49,0,103.068,1740,0,0,0,4,16,None
pcie_bandwidth,69.1,0,48,0,103.1,1740,0,0,0,4,16,None
pcie_bandwidth,70.1,0,48,0,103.084,1740,0,0,0,4,16,None
pcie_bandwidth,71.1,0,48,0,102.723,1740,0,0,0,4,16,None
pcie_bandwidth,72.1,0,48,0,102.907,1740,0,0,0,4,16,None
pcie_bandwidth,73.11,0,48,0,102.527,1740,0,0,0,4,16,None
pcie_bandwidth,74.11,0,48,0,102.779,1740,0,0,0,4,16,None
pcie_bandwidth,75.11,0,48,0,102.844,1740,0,0,0,4,16,None
pcie_bandwidth,76.11,0,48,0,102.752,1740,0,0,0,4,16,None
pcie_bandwidth,77.11,0,48,0,102.772,1740,0,0,0,4,16,None
pcie_bandwidth,78.11,0,48,0,102.729,1740,0,0,0,4,16,None
pcie_bandwidth,79.11,0,47,0,102.543,1740,0,0,0,4,16,None
pcie_bandwidth,80.11,0,47,0,102.496,1740,0,0,0,4,16,None
pcie_bandwidth,81.12,0,47,0,102.658,1740,0,0,0,4,16,None
pcie_bandwidth,82.12,0,47,0,102.262,1740,0,0,0,4,16,None
pcie_bandwidth,83.12,0,47,0,102.356,1740,0,0,0,4,16,None
pcie_bandwidth,84.12,0,47,0,102.552,1740,0,0,0,4,16,None
pcie_bandwidth,85.12,0,47,0,102.221,1740,0,0,0,4,16,None
pcie_bandwidth,86.12,0,47,0,102.039,1740,0,0,0,4,16,None
pcie_bandwidth,87.12,0,47,0,102.375,1740,0,0,0,4,16,None
pcie_bandwidth,88.13,0,47,0,102.338,1740,0,0,0,4,16,None
pcie_bandwidth,89.13,0,47,0,102.063,1740,0,0,0,4,16,None
pcie_bandwidth,90.13,0,47,0,102.121,1740,0,0,0,4,16,None
pcie_bandwidth,91.13,0,47,0,102.226,1740,0,0,0,4,16,None
pcie_bandwidth,92.13,0,47,0,102.116,1740,0,0,0,4,16,None
pcie_bandwidth,93.13,0,47,0,101.852,1740,0,0,0,4,16,None
pcie_bandwidth,94.13,0,46,0,101.958,1740,0,0,0,4,16,None
pcie_bandwidth,95.14,0,46,0,102.055,1740,0,0,0,4,16,None
pcie_bandwidth,96.14,0,46,0,101.737,1740,0,0,0,4,16,None
pcie_bandwidth,97.14,0,46,0,101.699,1740,0,0,0,4,16,None
pcie_bandwidth,98.14,0,46,0,101.964,1740,0,0,0,4,16,None
pcie_bandwidth,99.14,0,46,0,101.711,1740,0,0,0,4,16,None
pcie_bandwidth,100.14,0,46,0,101.751,1740,0,0,0,4,16,None
pcie_bandwidth,101.14,0,46,0,101.792,1740,0,0,0,4,16,None
pcie_bandwidth,102.15,0,46,0,101.85,1740,0,0,0,4,16,None
pcie_bandwidth,103.15,0,46,0,101.413,1740,0,0,0,4,16,None
pcie_bandwidth,104.15,0,46,0,101.647,1740,0,0,0,4,16,None
pcie_bandwidth,105.15,0,46,0,101.72,1740,0,0,0,4,16,None
pcie_bandwidth,106.15,0,46,0,101.541,1740,0,0,0,4,16,None
pcie_bandwidth,107.15,0,46,0,101.357,1740,0,0,0,4,16,None
pcie_bandwidth,108.16,0,46,0,101.773,1740,0,0,0,4,16,None
pcie_bandwidth,109.16,0,46,0,101.427,1740,0,0,0,4,16,None
pcie_bandwidth,110.16,0,46,0,101.262,1740,0,0,0,4,16,None
pcie_bandwidth,111.16,0,46,0,101.578,1740,0,0,0,4,16,None
pcie_bandwidth,112.16,0,46,0,101.552,1740,0,0,0,4,16,None
pcie_bandwidth,113.16,0,45,0,101.393,1740,0,0,0,4,16,None
pcie_bandwidth,114.16,0,45,0,101.472,1740,0,0,0,4,16,None
pcie_bandwidth,115.17,0,45,0,101.624,1740,0,0,0,4,16,None
pcie_bandwidth,116.17,0,45,0,101.351,1740,0,0,0,4,16,None
pcie_bandwidth,117.17,0,45,0,101.237,1740,0,0,0,4,16,None
pcie_bandwidth,118.17,0,45,0,101.336,1740,0,0,0,4,16,None
pcie_bandwidth,119.18,0,45,0,101.489,1740,0,0,0,4,16,None
pcie_bandwidth,120.18,0,45,0,101.107,1740,0,0,0,4,16,None
pcie_bandwidth,121.18,0,45,0,99.376,1740,0,0,0,4,16,None
pulse_virus,0.0,0,45,0,92.871,1740,0,0,0,4,16,None
pulse_virus,1.0,0,47,0,125.128,1740,0,0,0,4,16,None
pulse_virus,2.0,0,48,0,131.851,1740,0,0,0,4,16,None
pulse_virus,3.0,0,47,0,130.963,1740,0,0,0,4,16,None
pulse_virus,4.01,0,48,0,130.577,1740,0,0,0,4,16,None
pulse_virus,5.01,0,48,0,132.631,1740,0,0,0,4,16,None
pulse_virus,6.01,0,48,0,130.497,1740,0,0,0,4,16,None
pulse_virus,7.01,0,48,0,131.96,1740,0,0,0,4,16,None
pulse_virus,8.01,0,48,0,131.752,1740,0,0,0,4,16,None
pulse_virus,9.01,0,48,0,131.757,1740,0,0,0,4,16,None
pulse_virus,10.01,0,48,0,131.031,1740,0,0,0,4,16,None
pulse_virus,11.01,0,48,0,133.096,1740,0,0,0,4,16,None
pulse_virus,12.01,0,48,0,130.987,1740,0,0,0,4,16,None
pulse_virus,13.02,0,48,0,132.66,1740,0,0,0,4,16,None
pulse_virus,14.02,0,49,0,131.778,1740,0,0,0,4,16,None
pulse_virus,15.02,0,48,0,132.274,1740,0,0,0,4,16,None
pulse_virus,16.02,0,48,0,132.665,1740,0,0,0,4,16,None
pulse_virus,17.02,0,49,0,130.721,1740,0,0,0,4,16,None
pulse_virus,18.02,0,48,0,130.338,1740,0,0,0,4,16,None
pulse_virus,19.02,0,48,0,133.125,1740,0,0,0,4,16,None
pulse_virus,20.02,0,49,0,130.735,1740,0,0,0,4,16,None
pulse_virus,21.03,0,49,0,131.199,1740,0,0,0,4,16,None
pulse_virus,22.03,0,49,0,132.976,1740,0,0,0,4,16,None
pulse_virus,23.03,0,49,0,130.335,1740,0,0,0,4,16,None
pulse_virus,24.03,0,49,0,131.843,1740,0,0,0,4,16,None
pulse_virus,25.03,0,49,0,132.438,1740,0,0,0,4,16,None
pulse_virus,26.03,0,49,0,131.771,1740,0,0,0,4,16,None
pulse_virus,27.03,0,49,0,131.477,1740,0,0,0,4,16,None
pulse_virus,28.03,0,49,0,133.082,1740,0,0,0,4,16,None
pulse_virus,29.03,0,49,0,131.326,1740,0,0,0,4,16,None
pulse_virus,30.04,0,49,0,131.73,1740,0,0,0,4,16,None
pulse_virus,31.04,0,49,0,133.003,1740,0,0,0,4,16,None
pulse_virus,32.04,0,49,0,131.352,1740,0,0,0,4,16,None
pulse_virus,33.04,0,49,0,131.993,1740,0,0,0,4,16,None
pulse_virus,34.04,0,49,0,133.082,1740,0,0,0,4,16,None
pulse_virus,35.04,0,49,0,132.216,1740,0,0,0,4,16,None
pulse_virus,36.04,0,49,0,132.265,1740,0,0,0,4,16,None
pulse_virus,37.04,0,49,0,132.869,1740,0,0,0,4,16,None
pulse_virus,38.05,0,49,0,132.648,1740,0,0,0,4,16,None
pulse_virus,39.05,0,49,0,131.57,1740,0,0,0,4,16,None
pulse_virus,40.05,0,49,0,133.536,1740,0,0,0,4,16,None
pulse_virus,41.05,0,49,0,131.523,1740,0,0,0,4,16,None
pulse_virus,42.05,0,49,0,132.847,1740,0,0,0,4,16,None
pulse_virus,43.05,0,49,0,132.398,1740,0,0,0,4,16,None
pulse_virus,44.05,0,49,0,132.543,1740,0,0,0,4,16,None
pulse_virus,45.05,0,49,0,132.438,1740,0,0,0,4,16,None
pulse_virus,46.05,0,49,0,130.93,1740,0,0,0,4,16,None
pulse_virus,47.06,0,49,0,133.916,1740,0,0,0,4,16,None
pulse_virus,48.06,0,49,0,131.175,1740,0,0,0,4,16,None
pulse_virus,49.06,0,49,0,131.944,1740,0,0,0,4,16,None
pulse_virus,50.06,0,49,0,133.184,1740,0,0,0,4,16,None
pulse_virus,51.06,0,49,0,131.793,1740,0,0,0,4,16,None
pulse_virus,52.06,0,49,0,131.891,1740,0,0,0,4,16,None
pulse_virus,53.06,0,49,0,133.258,1740,0,0,0,4,16,None
pulse_virus,54.06,0,49,0,131.985,1740,0,0,0,4,16,None
pulse_virus,55.06,0,50,0,131.765,1740,0,0,0,4,16,None
pulse_virus,56.07,0,49,0,133.469,1740,0,0,0,4,16,None
pulse_virus,57.07,0,49,0,131.574,1740,0,0,0,4,16,None
pulse_virus,58.07,0,50,0,132.92,1740,0,0,0,4,16,None
pulse_virus,59.07,0,49,0,132.831,1740,0,0,0,4,16,None
pulse_virus,60.07,0,49,0,132.609,1740,0,0,0,4,16,None
pulse_virus,61.07,0,50,0,132.074,1740,0,0,0,4,16,None
pulse_virus,62.07,0,49,0,133.589,1740,0,0,0,4,16,None
pulse_virus,63.07,0,49,0,132.191,1740,0,0,0,4,16,None
pulse_virus,64.07,0,50,0,132.96,1740,0,0,0,4,16,None
pulse_virus,65.08,0,49,0,132.915,1740,0,0,0,4,16,None
pulse_virus,66.08,0,49,0,132.972,1740,0,0,0,4,16,None
pulse_virus,67.08,0,49,0,132.289,1740,0,0,0,4,16,None
pulse_virus,68.08,0,49,0,131.807,1740,0,0,0,4,16,None
pulse_virus,69.08,0,50,0,133.103,1740,0,0,0,4,16,None
pulse_virus,70.08,0,49,0,131.863,1740,0,0,0,4,16,None
pulse_virus,71.08,0,49,0,131.142,1740,0,0,0,4,16,None
pulse_virus,72.08,0,50,0,134.687,1740,0,0,0,4,16,None
pulse_virus,73.08,0,49,0,131.187,1740,0,0,0,4,16,None
pulse_virus,74.09,0,49,0,132.552,1740,0,0,0,4,16,None
pulse_virus,75.09,0,50,0,133.172,1740,0,0,0,4,16,None
pulse_virus,76.09,0,49,0,132.101,1740,0,0,0,4,16,None
pulse_virus,77.09,0,49,0,131.849,1740,0,0,0,4,16,None
pulse_virus,78.09,0,50,0,133.604,1740,0,0,0,4,16,None
pulse_virus,79.09,0,49,0,131.676,1740,0,0,0,4,16,None
pulse_virus,80.09,0,49,0,133.193,1740,0,0,0,4,16,None
pulse_virus,81.09,0,50,0,132.878,1740,0,0,0,4,16,None
pulse_virus,82.09,0,49,0,132.986,1740,0,0,0,4,16,None
pulse_virus,83.1,0,49,0,132.263,1740,0,0,0,4,16,None
pulse_virus,84.1,0,50,0,133.119,1740,0,0,0,4,16,None
pulse_virus,85.1,0,49,0,132.521,1740,0,0,0,4,16,None
pulse_virus,86.1,0,49,0,132.108,1740,0,0,0,4,16,None
pulse_virus,87.1,0,50,0,133.99,1740,0,0,0,4,16,None
pulse_virus,88.1,0,50,0,132.131,1740,0,0,0,4,16,None
pulse_virus,89.1,0,50,0,133.326,1740,0,0,0,4,16,None
pulse_virus,90.1,0,49,0,132.214,1740,0,0,0,4,16,None
pulse_virus,91.1,0,50,0,133.443,1740,0,0,0,4,16,None
pulse_virus,92.11,0,50,0,131.288,1740,0,0,0,4,16,None
pulse_virus,93.11,0,49,0,131.522,1740,0,0,0,4,16,None
pulse_virus,94.11,0,50,0,134.595,1740,0,0,0,4,16,None
pulse_virus,95.11,0,50,0,130.759,1740,0,0,0,4,16,None
pulse_virus,96.11,0,49,0,132.85,1740,0,0,0,4,16,None
pulse_virus,97.11,0,50,0,132.967,1740,0,0,0,4,16,None
pulse_virus,98.11,0,50,0,132.255,1740,0,0,0,4,16,None
pulse_virus,99.11,0,49,0,131.756,1740,0,0,0,4,16,None
pulse_virus,100.11,0,50,0,134.397,1740,0,0,0,4,16,None
pulse_virus,101.12,0,50,0,131.768,1740,0,0,0,4,16,None
pulse_virus,102.12,0,49,0,133.282,1740,0,0,0,4,16,None
pulse_virus,103.12,0,50,0,132.407,1740,0,0,0,4,16,None
pulse_virus,104.12,0,50,0,133.84,1740,0,0,0,4,16,None
pulse_virus,105.12,0,50,0,132.238,1740,0,0,0,4,16,None
pulse_virus,106.12,0,50,0,133.588,1740,0,0,0,4,16,None
pulse_virus,107.12,0,50,0,132.531,1740,0,0,0,4,16,None
pulse_virus,108.12,0,50,0,133.261,1740,0,0,0,4,16,None
pulse_virus,109.12,0,50,0,132.713,1740,0,0,0,4,16,None
pulse_virus,110.13,0,50,0,131.02,1740,0,0,0,4,16,None
pulse_virus,111.13,0,50,0,134.729,1740,0,0,0,4,16,None
pulse_virus,112.13,0,49,0,131.259,1740,0,0,0,4,16,None
pulse_virus,113.13,0,49,0,132.568,1740,0,0,0,4,16,None
pulse_virus,114.13,0,50,0,133.486,1740,0,0,0,4,16,None
pulse_virus,115.13,0,49,0,132.522,1740,0,0,0,4,16,None
pulse_virus,116.13,0,49,0,131.985,1740,0,0,0,4,16,None
pulse_virus,117.13,0,50,0,134.086,1740,0,0,0,4,16,None
pulse_virus,118.13,0,49,0,131.764,1740,0,0,0,4,16,None
pulse_virus,119.14,0,50,0,133.24,1740,0,0,0,4,16,None
pulse_virus,120.14,0,50,0,133.121,1740,0,0,0,4,16,None
tensor_virus,0.0,0,48,0,113.938,1740,0,0,0,4,16,None
tensor_virus,1.0,0,55,0,206.891,1740,0,0,0,4,16,None
tensor_virus,2.0,0,57,0,250.519,1740,0,0,0,4,16,None
tensor_virus,3.0,0,57,0,253.139,1740,0,0,0,4,16,None
tensor_virus,4.01,0,58,0,250.334,1740,0,0,0,4,16,None
tensor_virus,5.01,0,58,0,255.273,1740,0,0,0,4,16,None
tensor_virus,6.01,0,59,0,260.38,1740,0,0,0,4,16,None
tensor_virus,7.01,0,59,0,256.31,1740,0,0,0,4,16,None
tensor_virus,8.01,0,59,0,251.423,1740,0,0,0,4,16,None
tensor_virus,9.01,0,60,0,252.565,1740,0,0,0,4,16,None
tensor_virus,10.01,0,60,0,261.391,1740,0,0,0,4,16,None
tensor_virus,11.01,0,60,0,257.938,1740,0,0,0,4,16,None
tensor_virus,12.01,0,60,0,256.059,1740,0,0,0,4,16,None
tensor_virus,13.02,0,61,0,257.0,1740,0,0,0,4,16,None
tensor_virus,14.02,0,61,0,261.352,1740,0,0,0,4,16,None
tensor_virus,15.02,0,62,0,264.888,1740,0,0,0,4,16,None
tensor_virus,16.02,0,62,0,271.127,1740,0,0,0,4,16,None
tensor_virus,17.02,0,62,0,269.721,1740,0,0,0,4,16,None
tensor_virus,18.02,0,62,0,265.264,1740,0,0,0,4,16,None
tensor_virus,19.02,0,63,0,262.47,1740,0,0,0,4,16,None
tensor_virus,20.02,0,63,0,266.992,1740,0,0,0,4,16,None
tensor_virus,21.02,0,64,0,270.854,1740,0,0,0,4,16,None
tensor_virus,22.03,0,64,0,270.879,1740,0,0,0,4,16,None
tensor_virus,23.03,0,64,0,267.855,1740,0,0,0,4,16,None
tensor_virus,24.03,0,64,0,268.919,1740,0,0,0,4,16,None
tensor_virus,25.03,0,64,0,269.52,1740,0,0,0,4,16,None
tensor_virus,26.03,0,64,0,272.208,1740,0,0,0,4,16,None
tensor_virus,27.03,0,65,0,261.102,1740,0,0,0,4,16,None
tensor_virus,28.03,0,65,0,267.172,1740,0,0,0,4,16,None
tensor_virus,29.03,0,65,0,272.411,1740,0,0,0,4,16,None
tensor_virus,30.03,0,65,0,271.581,1740,0,0,0,4,16,None
tensor_virus,31.04,0,65,0,273.959,1740,0,0,0,4,16,None
tensor_virus,32.04,0,66,0,270.672,1740,0,0,0,4,16,None
tensor_virus,33.04,0,66,0,275.764,1740,0,0,0,4,16,None
tensor_virus,34.04,0,66,0,272.262,1740,0,0,0,4,16,None
tensor_virus,35.04,0,67,0,279.73,1740,0,0,0,4,16,None
tensor_virus,36.04,0,67,0,276.788,1740,0,0,0,4,16,None
tensor_virus,37.04,0,67,0,276.191,1740,0,0,0,4,16,None
tensor_virus,38.04,0,67,0,275.157,1740,0,0,0,4,16,None
tensor_virus,39.04,0,67,0,272.782,1740,0,0,0,4,16,None
tensor_virus,40.05,0,67,0,276.183,1740,0,0,0,4,16,None
tensor_virus,41.05,0,68,0,283.311,1740,0,0,0,4,16,None
tensor_virus,42.05,0,67,0,273.918,1740,0,0,0,4,16,None
tensor_virus,43.05,0,68,0,269.609,1740,0,0,0,4,16,None
tensor_virus,44.05,0,68,0,270.751,1740,0,0,0,4,16,None
tensor_virus,45.05,0,68,0,273.238,1740,0,0,0,4,16,None
tensor_virus,46.05,0,68,0,270.543,1740,0,0,0,4,16,None
tensor_virus,47.05,0,68,0,275.34,1740,0,0,0,4,16,None
tensor_virus,48.05,0,69,0,280.947,1740,0,0,0,4,16,None
tensor_virus,49.06,0,68,0,276.211,1740,0,0,0,4,16,None
tensor_virus,50.06,0,69,0,272.978,1740,0,0,0,4,16,None
tensor_virus,51.06,0,69,0,279.003,1740,0,0,0,4,16,None
tensor_virus,52.06,0,69,0,279.251,1740,0,0,0,4,16,None
tensor_virus,53.06,0,69,0,278.451,1740,0,0,0,4,16,None
tensor_virus,54.06,0,69,0,275.538,1740,0,0,0,4,16,None
tensor_virus,55.06,0,69,0,276.411,1740,0,0,0,4,16,None
tensor_virus,56.06,0,69,0,274.248,1740,0,0,0,4,16,None
tensor_virus,57.06,0,69,0,274.367,1740,0,0,0,4,16,None
tensor_virus,58.07,0,69,0,276.806,1740,0,0,0,4,16,None
tensor_virus,59.07,0,70,0,285.085,1740,0,0,0,4,16,None
tensor_virus,60.07,0,71,0,293.707,1740,0,0,0,4,16,None
tensor_virus,61.07,0,70,0,288.593,1740,0,0,0,4,16,None
tensor_virus,62.07,0,70,0,283.824,1740,0,0,0,4,16,None
tensor_virus,63.07,0,71,0,287.772,1740,0,0,0,4,16,None
tensor_virus,64.07,0,70,0,286.263,1740,0,0,0,4,16,None
tensor_virus,65.07,0,71,0,287.491,1740,0,0,0,4,16,None
tensor_virus,66.07,0,71,0,286.224,1740,0,0,0,4,16,None
tensor_virus,67.08,0,71,0,288.253,1740,0,0,0,4,16,None
tensor_virus,68.08,0,71,0,283.281,1740,0,0,0,4,16,None
tensor_virus,69.08,0,71,0,279.042,1740,0,0,0,4,16,None
tensor_virus,70.08,0,71,0,285.823,1740,0,0,0,4,16,None
tensor_virus,71.08,0,71,0,291.307,1740,0,0,0,4,16,None
tensor_virus,72.08,0,71,0,290.08,1740,0,0,0,4,16,None
tensor_virus,73.08,0,71,0,289.17,1740,0,0,0,4,16,None
tensor_virus,74.08,0,71,0,292.717,1740,0,0,0,4,16,None
tensor_virus,75.08,0,72,0,289.007,1740,0,0,0,4,16,None
tensor_virus,76.09,0,72,0,289.364,1740,0,0,0,4,16,None
tensor_virus,77.09,0,72,0,291.626,1740,0,0,0,4,16,None
tensor_virus,78.09,0,72,0,289.849,1740,0,0,0,4,16,None
tensor_virus,79.09,0,72,0,291.396,1740,0,0,0,4,16,None
tensor_virus,80.09,0,72,0,289.82,1740,0,0,0,4,16,None
tensor_virus,81.09,0,72,0,291.717,1740,0,0,0,4,16,None
tensor_virus,82.09,0,72,0,292.687,1740,0,0,0,4,16,None
tensor_virus,83.09,0,73,0,295.655,1740,0,0,0,4,16,None
tensor_virus,84.1,0,72,0,291.391,1740,0,0,0,4,16,None
tensor_virus,85.1,0,73,0,295.645,1740,0,0,0,4,16,None
tensor_virus,86.1,0,73,0,291.543,1740,0,0,0,4,16,None
tensor_virus,87.1,0,73,0,292.908,1740,0,0,0,4,16,None
tensor_virus,88.1,0,72,0,288.378,1740,0,0,0,4,16,None
tensor_virus,89.1,0,73,0,292.554,1740,0,0,0,4,16,None
tensor_virus,90.1,0,73,0,294.419,1740,0,0,0,4,16,None
tensor_virus,91.1,0,73,0,296.368,1740,0,0,0,4,16,None
tensor_virus,92.1,0,73,0,291.499,1740,0,0,0,4,16,None
tensor_virus,93.11,0,73,0,294.086,1740,0,0,0,4,16,None
tensor_virus,94.11,0,73,0,298.682,1740,0,0,0,4,16,None
tensor_virus,95.11,0,73,0,291.987,1740,0,0,0,4,16,None
tensor_virus,96.11,0,73,0,290.926,1740,0,0,0,4,16,None
tensor_virus,97.11,0,73,0,291.433,1740,0,0,0,4,16,None
tensor_virus,98.11,0,73,0,288.004,1740,0,0,0,4,16,None
tensor_virus,99.11,0,73,0,286.35,1740,0,0,0,4,16,None
tensor_virus,100.11,0,73,0,288.126,1740,0,0,0,4,16,None
tensor_virus,101.11,0,73,0,288.952,1740,0,0,0,4,16,None
tensor_virus,102.12,0,73,0,288.277,1740,0,0,0,4,16,None
tensor_virus,103.12,0,73,0,290.98,1740,0,0,0,4,16,None
tensor_virus,104.12,0,73,0,289.597,1740,0,0,0,4,16,None
tensor_virus,105.12,0,73,0,292.524,1740,0,0,0,4,16,None
tensor_virus,106.12,0,73,0,295.361,1740,0,0,0,4,16,None
tensor_virus,107.12,0,73,0,295.397,1740,0,0,0,4,16,None
tensor_virus,108.12,0,73,0,288.936,1740,0,0,0,4,16,None
tensor_virus,109.12,0,73,0,294.036,1740,0,0,0,4,16,None
tensor_virus,110.13,0,74,0,298.153,1740,0,0,0,4,16,None
tensor_virus,111.13,0,73,0,295.649,1740,0,0,0,4,16,None
tensor_virus,112.13,0,73,0,289.944,1740,0,0,0,4,16,None
tensor_virus,113.13,0,73,0,292.318,1740,0,0,0,4,16,None
tensor_virus,114.13,0,74,0,295.965,1740,0,0,0,4,16,None
tensor_virus,115.13,0,74,0,297.42,1740,0,0,0,4,16,None
tensor_virus,116.13,0,74,0,295.552,1740,0,0,0,4,16,None
tensor_virus,117.13,0,74,0,298.345,1740,0,0,0,4,16,None
tensor_virus,118.13,0,73,0,293.576,1740,0,0,0,4,16,None
tensor_virus,119.14,0,74,0,295.24,1740,0,0,0,4,16,None
tensor_virus,120.14,0,74,0,296.91,1740,0,0,0,4,16,None
atomic_virus,0.0,0,65,0,161.337,1740,0,0,0,4,16,None
atomic_virus,1.0,0,67,0,163.684,1740,0,0,0,4,16,None
atomic_virus,2.0,0,66,0,185.285,1740,0,0,0,4,16,None
atomic_virus,3.0,0,66,0,184.961,1740,0,0,0,4,16,None
atomic_virus,4.01,0,66,0,184.753,1740,0,0,0,4,16,None
atomic_virus,5.01,0,66,0,184.433,1740,0,0,0,4,16,None
atomic_virus,6.01,0,65,0,184.252,1740,0,0,0,4,16,None
atomic_virus,7.01,0,65,0,183.471,1740,0,0,0,4,16,None
atomic_virus,8.01,0,65,0,183.826,1740,0,0,0,4,16,None
atomic_virus,9.01,0,64,0,183.289,1740,0,0,0,4,16,None
atomic_virus,10.01,0,64,0,183.006,1740,0,0,0,4,16,None
atomic_virus,11.02,0,64,0,182.629,1740,0,0,0,4,16,None
atomic_virus,12.02,0,64,0,182.323,1740,0,0,0,4,16,None
atomic_virus,13.02,0,64,0,182.12,1740,0,0,0,4,16,None
atomic_virus,14.02,0,64,0,182.047,1740,0,0,0,4,16,None
atomic_virus,15.02,0,63,0,181.921,1740,0,0,0,4,16,None
atomic_virus,16.02,0,63,0,181.599,1740,0,0,0,4,16,None
atomic_virus,17.02,0,63,0,181.537,1740,0,0,0,4,16,None
atomic_virus,18.03,0,63,0,181.37,1740,0,0,0,4,16,None
atomic_virus,19.03,0,63,0,181.077,1740,0,0,0,4,16,None
atomic_virus,20.03,0,63,0,180.857,1740,0,0,0,4,16,None
atomic_virus,21.03,0,63,0,180.819,1740,0,0,0,4,16,None
atomic_virus,22.03,0,62,0,180.565,1740,0,0,0,4,16,None
atomic_virus,23.03,0,62,0,180.495,1740,0,0,0,4,16,None
atomic_virus,24.03,0,62,0,180.392,1740,0,0,0,4,16,None
atomic_virus,25.04,0,62,0,180.367,1740,0,0,0,4,16,None
atomic_virus,26.04,0,62,0,180.23,1740,0,0,0,4,16,None
atomic_virus,27.04,0,62,0,179.954,1740,0,0,0,4,16,None
atomic_virus,28.04,0,62,0,179.589,1740,0,0,0,4,16,None
atomic_virus,29.04,0,62,0,179.732,1740,0,0,0,4,16,None
atomic_virus,30.04,0,62,0,179.679,1740,0,0,0,4,16,None
atomic_virus,31.04,0,62,0,179.538,1740,0,0,0,4,16,None
atomic_virus,32.04,0,61,0,179.815,1740,0,0,0,4,16,None
atomic_virus,33.05,0,61,0,179.656,1740,0,0,0,4,16,None
atomic_virus,34.05,0,61,0,178.926,1740,0,0,0,4,16,None
atomic_virus,35.05,0,61,0,178.877,1740,0,0,0,4,16,None
atomic_virus,36.05,0,61,0,178.965,1740,0,0,0,4,16,None
atomic_virus,37.05,0,61,0,178.886,1740,0,0,0,4,16,None
atomic_virus,38.05,0,61,0,178.945,1740,0,0,0,4,16,None
atomic_virus,39.05,0,61,0,179.162,1740,0,0,0,4,16,None
atomic_virus,40.05,0,61,0,178.686,1740,0,0,0,4,16,None
atomic_virus,41.05,0,61,0,179.006,1740,0,0,0,4,16,None
atomic_virus,42.06,0,61,0,178.846,1740,0,0,0,4,16,None
atomic_virus,43.06,0,61,0,178.667,1740,0,0,0,4,16,None
atomic_virus,44.06,0,60,0,178.296,1740,0,0,0,4,16,None
atomic_virus,45.06,0,60,0,178.751,1740,0,0,0,4,16,None
atomic_virus,46.06,0,60,0,178.482,1740,0,0,0,4,16,None
atomic_virus,47.06,0,60,0,178.115,1740,0,0,0,4,16,None
atomic_virus,48.06,0,60,0,177.822,1740,0,0,0,4,16,None
atomic_virus,49.06,0,60,0,178.151,1740,0,0,0,4,16,None
atomic_virus,50.07,0,60,0,177.726,1740,0,0,0,4,16,None
atomic_virus,51.07,0,60,0,177.786,1740,0,0,0,4,16,None
atomic_virus,52.07,0,60,0,177.825,1740,0,0,0,4,16,None
atomic_virus,53.07,0,60,0,177.807,1740,0,0,0,4,16,None
atomic_virus,54.07,0,60,0,178.04,1740,0,0,0,4,16,None
atomic_virus,55.07,0,60,0,176.965,1740,0,0,0,4,16,None
atomic_virus,56.07,0,60,0,177.74,1740,0,0,0,4,16,None
atomic_virus,57.08,0,60,0,177.807,1740,0,0,0,4,16,None
atomic_virus,58.08,0,60,0,177.738,1740,0,0,0,4,16,None
atomic_virus,59.08,0,60,0,177.69,1740,0,0,0,4,16,None
atomic_virus,60.08,0,60,0,177.785,1740,0,0,0,4,16,None
atomic_virus,61.08,0,60,0,177.588,1740,0,0,0,4,16,None
atomic_virus,62.08,0,59,0,177.097,1740,0,0,0,4,16,None
atomic_virus,63.08,0,59,0,177.274,1740,0,0,0,4,16,None
atomic_virus,64.09,0,59,0,177.475,1740,0,0,0,4,16,None
atomic_virus,65.09,0,59,0,177.325,1740,0,0,0,4,16,None
atomic_virus,66.09,0,59,0,177.019,1740,0,0,0,4,16,None
atomic_virus,67.09,0,59,0,176.643,1740,0,0,0,4,16,None
atomic_virus,68.09,0,59,0,176.473,1740,0,0,0,4,16,None
atomic_virus,69.09,0,59,0,176.864,1740,0,0,0,4,16,None
atomic_virus,70.09,0,59,0,176.477,1740,0,0,0,4,16,None
atomic_virus,71.09,0,59,0,176.696,1740,0,0,0,4,16,None
atomic_virus,72.09,0,59,0,176.985,1740,0,0,0,4,16,None
atomic_virus,73.1,0,59,0,176.795,1740,0,0,0,4,16,None
atomic_virus,74.1,0,59,0,176.338,1740,0,0,0,4,16,None
atomic_virus,75.1,0,59,0,176.498,1740,0,0,0,4,16,None
atomic_virus,76.1,0,59,0,176.474,1740,0,0,0,4,16,None
atomic_virus,77.1,0,59,0,176.103,1740,0,0,0,4,16,None
atomic_virus,78.1,0,59,0,175.995,1740,0,0,0,4,16,None
atomic_virus,79.1,0,59,0,176.043,1740,0,0,0,4,16,None
atomic_virus,80.1,0,59,0,176.154,1740,0,0,0,4,16,None
atomic_virus,81.11,0,59,0,176.454,1740,0,0,0,4,16,None
atomic_virus,82.11,0,59,0,176.531,1740,0,0,0,4,16,None
atomic_virus,83.11,0,59,0,176.097,1740,0,0,0,4,16,None
atomic_virus,84.11,0,59,0,175.973,1740,0,0,0,4,16,None
atomic_virus,85.11,0,59,0,175.838,1740,0,0,0,4,16,None
atomic_virus,86.11,0,59,0,175.893,1740,0,0,0,4,16,None
atomic_virus,87.11,0,59,0,175.775,1740,0,0,0,4,16,None
atomic_virus,88.12,0,59,0,176.259,1740,0,0,0,4,16,None
atomic_virus,89.12,0,59,0,175.967,1740,0,0,0,4,16,None
atomic_virus,90.12,0,59,0,175.72,1740,0,0,0,4,16,None
atomic_virus,91.12,0,59,0,176.322,1740,0,0,0,4,16,None
atomic_virus,92.12,0,59,0,177.014,1740,0,0,0,4,16,None
atomic_virus,93.12,0,59,0,176.611,1740,0,0,0,4,16,None
atomic_virus,94.12,0,59,0,177.167,1740,0,0,0,4,16,None
atomic_virus,95.13,0,59,0,176.413,1740,0,0,0,4,16,None
atomic_virus,96.13,0,59,0,175.837,1740,0,0,0,4,16,None
atomic_virus,97.13,0,58,0,176.019,1740,0,0,0,4,16,None
atomic_virus,98.13,0,58,0,176.369,1740,0,0,0,4,16,None
atomic_virus,99.13,0,58,0,176.076,1740,0,0,0,4,16,None
atomic_virus,100.13,0,58,0,175.948,1740,0,0,0,4,16,None
atomic_virus,101.13,0,58,0,175.675,1740,0,0,0,4,16,None
atomic_virus,102.14,0,58,0,175.194,1740,0,0,0,4,16,None
atomic_virus,103.14,0,58,0,175.547,1740,0,0,0,4,16,None
atomic_virus,104.14,0,58,0,175.672,1740,0,0,0,4,16,None
atomic_virus,105.14,0,58,0,175.498,1740,0,0,0,4,16,None
atomic_virus,106.14,0,58,0,175.919,1740,0,0,0,4,16,None
atomic_virus,107.14,0,58,0,175.756,1740,0,0,0,4,16,None
atomic_virus,108.14,0,58,0,175.358,1740,0,0,0,4,16,None
atomic_virus,109.14,0,58,0,175.32,1740,0,0,0,4,16,None
atomic_virus,110.15,0,58,0,175.192,1740,0,0,0,4,16,None
atomic_virus,111.15,0,58,0,175.575,1740,0,0,0,4,16,None
atomic_virus,112.15,0,58,0,175.52,1740,0,0,0,4,16,None
atomic_virus,113.15,0,58,0,175.43,1740,0,0,0,4,16,None
atomic_virus,114.15,0,58,0,174.835,1740,0,0,0,4,16,None
atomic_virus,115.15,0,58,0,175.22,1740,0,0,0,4,16,None
atomic_virus,116.15,0,58,0,175.353,1740,0,0,0,4,16,None
atomic_virus,117.16,0,58,0,175.207,1740,0,0,0,4,16,None
atomic_virus,118.16,0,58,0,174.634,1740,0,0,0,4,16,None
atomic_virus,119.16,0,58,0,174.605,1740,0,0,0,4,16,None
atomic_virus,120.16,0,58,0,174.747,1740,0,0,0,4,16,None
omni_virus,0.0,0,54,0,106.476,1740,0,0,0,4,16,None
omni_virus,1.0,0,59,0,185.099,1740,0,0,0,4,16,None
omni_virus,2.01,0,60,0,252.865,1740,0,0,0,4,16,None
omni_virus,3.01,0,61,0,249.172,1740,0,0,0,4,16,None
omni_virus,4.01,0,61,0,243.333,1740,0,0,0,4,16,None
omni_virus,5.01,0,61,0,244.456,1740,0,0,0,4,16,None
omni_virus,6.02,0,61,0,252.871,1740,0,0,0,4,16,None
omni_virus,7.02,0,62,0,254.13,1740,0,0,0,4,16,None
omni_virus,8.02,0,62,0,248.005,1740,0,0,0,4,16,None
omni_virus,9.02,0,62,0,243.737,1740,0,0,0,4,16,None
omni_virus,10.02,0,62,0,248.447,1740,0,0,0,4,16,None
omni_virus,11.03,0,62,0,255.935,1740,0,0,0,4,16,None
omni_virus,12.03,0,62,0,252.253,1740,0,0,0,4,16,None
omni_virus,13.03,0,63,0,246.0,1740,0,0,0,4,16,None
omni_virus,14.03,0,63,0,246.192,1740,0,0,0,4,16,None
omni_virus,15.04,0,63,0,254.695,1740,0,0,0,4,16,None
omni_virus,16.04,0,63,0,257.684,1740,0,0,0,4,16,None
omni_virus,17.04,0,63,0,251.237,1740,0,0,0,4,16,None
omni_virus,18.04,0,63,0,246.024,1740,0,0,0,4,16,None
omni_virus,19.05,0,63,0,254.696,1740,0,0,0,4,16,None
omni_virus,20.05,0,63,0,257.765,1740,0,0,0,4,16,None
omni_virus,21.05,0,64,0,250.735,1740,0,0,0,4,16,None
omni_virus,22.05,0,64,0,245.583,1740,0,0,0,4,16,None
omni_virus,23.06,0,64,0,249.126,1740,0,0,0,4,16,None
omni_virus,24.06,0,64,0,259.09,1740,0,0,0,4,16,None
omni_virus,25.06,0,64,0,254.306,1740,0,0,0,4,16,None
omni_virus,26.06,0,64,0,246.537,1740,0,0,0,4,16,None
omni_virus,27.07,0,64,0,250.721,1740,0,0,0,4,16,None
omni_virus,28.07,0,64,0,258.805,1740,0,0,0,4,16,None
omni_virus,29.07,0,64,0,258.703,1740,0,0,0,4,16,None
omni_virus,30.07,0,65,0,253.313,1740,0,0,0,4,16,None
omni_virus,31.08,0,65,0,250.092,1740,0,0,0,4,16,None
omni_virus,32.08,0,65,0,250.944,1740,0,0,0,4,16,None
omni_virus,33.08,0,65,0,261.342,1740,0,0,0,4,16,None
omni_virus,34.08,0,65,0,255.641,1740,0,0,0,4,16,None
omni_virus,35.09,0,65,0,250.078,1740,0,0,0,4,16,None
omni_virus,36.09,0,65,0,249.921,1740,0,0,0,4,16,None
omni_virus,37.09,0,65,0,257.698,1740,0,0,0,4,16,None
omni_virus,38.09,0,65,0,262.923,1740,0,0,0,4,16,None
omni_virus,39.1,0,65,0,254.93,1740,0,0,0,4,16,None
omni_virus,40.1,0,65,0,249.574,1740,0,0,0,4,16,None
omni_virus,41.1,0,66,0,253.56,1740,0,0,0,4,16,None
omni_virus,42.1,0,66,0,261.836,1740,0,0,0,4,16,None
omni_virus,43.1,0,66,0,261.329,1740,0,0,0,4,16,None
omni_virus,44.11,0,66,0,253.483,1740,0,0,0,4,16,None
omni_virus,45.11,0,66,0,250.047,1740,0,0,0,4,16,None
omni_virus,46.11,0,66,0,257.561,1740,0,0,0,4,16,None
omni_virus,47.11,0,66,0,262.949,1740,0,0,0,4,16,None
omni_virus,48.12,0,66,0,260.047,1740,0,0,0,4,16,None
omni_virus,49.12,0,66,0,253.88,1740,0,0,0,4,16,None
omni_virus,50.12,0,66,0,250.462,1740,0,0,0,4,16,None
omni_virus,51.12,0,67,0,256.166,1740,0,0,0,4,16,None
omni_virus,52.12,0,67,0,262.362,1740,0,0,0,4,16,None
omni_virus,53.13,0,66,0,262.081,1740,0,0,0,4,16,None
omni_virus,54.13,0,66,0,256.439,1740,0,0,0,4,16,None
omni_virus,55.13,0,67,0,251.571,1740,0,0,0,4,16,None
omni_virus,56.13,0,67,0,253.624,1740,0,0,0,4,16,None
omni_virus,57.14,0,67,0,260.451,1740,0,0,0,4,16,None
omni_virus,58.14,0,67,0,265.018,1740,0,0,0,4,16,None
omni_virus,59.14,0,67,0,258.522,1740,0,0,0,4,16,None
omni_virus,60.14,0,67,0,253.964,1740,0,0,0,4,16,None
omni_virus,61.15,0,67,0,252.176,1740,0,0,0,4,16,None
omni_virus,62.15,0,67,0,258.001,1740,0,0,0,4,16,None
omni_virus,63.15,0,67,0,265.042,1740,0,0,0,4,16,None
omni_virus,64.15,0,67,0,259.991,1740,0,0,0,4,16,None
omni_virus,65.16,0,67,0,254.735,1740,0,0,0,4,16,None
omni_virus,66.16,0,67,0,253.737,1740,0,0,0,4,16,None
omni_virus,67.16,0,67,0,260.2,1740,0,0,0,4,16,None
omni_virus,68.16,0,67,0,265.384,1740,0,0,0,4,16,None
omni_virus,69.17,0,67,0,257.764,1740,0,0,0,4,16,None
omni_virus,70.17,0,67,0,252.483,1740,0,0,0,4,16,None
omni_virus,71.17,0,67,0,261.495,1740,0,0,0,4,16,None
omni_virus,72.17,0,68,0,265.201,1740,0,0,0,4,16,None
omni_virus,73.17,0,68,0,255.189,1740,0,0,0,4,16,None
omni_virus,74.18,0,68,0,253.224,1740,0,0,0,4,16,None
omni_virus,75.18,0,68,0,262.789,1740,0,0,0,4,16,None
omni_virus,76.18,0,68,0,264.716,1740,0,0,0,4,16,None
omni_virus,77.18,0,68,0,259.531,1740,0,0,0,4,16,None
omni_virus,78.19,0,68,0,253.592,1740,0,0,0,4,16,None
omni_virus,79.19,0,68,0,254.44,1740,0,0,0,4,16,None
omni_virus,80.19,0,68,0,261.83,1740,0,0,0,4,16,None
omni_virus,81.19,0,68,0,264.595,1740,0,0,0,4,16,None
omni_virus,82.2,0,68,0,259.968,1740,0,0,0,4,16,None
omni_virus,83.2,0,68,0,255.332,1740,0,0,0,4,16,None
omni_virus,84.2,0,68,0,255.764,1740,0,0,0,4,16,None
omni_virus,85.2,0,68,0,266.328,1740,0,0,0,4,16,None
omni_virus,86.21,0,68,0,262.574,1740,0,0,0,4,16,None
omni_virus,87.21,0,68,0,254.179,1740,0,0,0,4,16,None
omni_virus,88.21,0,68,0,255.526,1740,0,0,0,4,16,None
omni_virus,89.21,0,68,0,264.73,1740,0,0,0,4,16,None
omni_virus,90.22,0,68,0,264.021,1740,0,0,0,4,16,None
omni_virus,91.22,0,68,0,255.641,1740,0,0,0,4,16,None
omni_virus,92.22,0,68,0,253.199,1740,0,0,0,4,16,None
omni_virus,93.22,0,68,0,262.384,1740,0,0,0,4,16,None
omni_virus,94.23,0,68,0,266.312,1740,0,0,0,4,16,None
omni_virus,95.23,0,68,0,258.417,1740,0,0,0,4,16,None
omni_virus,96.23,0,68,0,253.783,1740,0,0,0,4,16,None
omni_virus,97.23,0,68,0,262.162,1740,0,0,0,4,16,None
omni_virus,98.24,0,68,0,267.417,1740,0,0,0,4,16,None
omni_virus,99.24,0,68,0,258.578,1740,0,0,0,4,16,None
omni_virus,100.24,0,68,0,253.856,1740,0,0,0,4,16,None
omni_virus,101.24,0,68,0,262.212,1740,0,0,0,4,16,None
omni_virus,102.24,0,68,0,265.957,1740,0,0,0,4,16,None
omni_virus,103.25,0,68,0,257.092,1740,0,0,0,4,16,None
omni_virus,104.25,0,68,0,253.733,1740,0,0,0,4,16,None
omni_virus,105.25,0,68,0,263.966,1740,0,0,0,4,16,None
omni_virus,106.25,0,69,0,265.749,1740,0,0,0,4,16,None
omni_virus,107.26,0,69,0,256.119,1740,0,0,0,4,16,None
omni_virus,108.26,0,69,0,257.359,1740,0,0,0,4,16,None
omni_virus,109.26,0,69,0,265.259,1740,0,0,0,4,16,None
omni_virus,110.26,0,69,0,264.134,1740,0,0,0,4,16,None
omni_virus,111.27,0,69,0,255.994,1740,0,0,0,4,16,None
omni_virus,112.27,0,68,0,257.553,1740,0,0,0,4,16,None
omni_virus,113.27,0,68,0,266.682,1740,0,0,0,4,16,None
omni_virus,114.27,0,69,0,260.576,1740,0,0,0,4,16,None
omni_virus,115.28,0,69,0,253.862,1740,0,0,0,4,16,None
omni_virus,116.28,0,69,0,257.803,1740,0,0,0,4,16,None
omni_virus,117.28,0,69,0,265.675,1740,0,0,0,4,16,None
omni_virus,118.28,0,69,0,264.366,1740,0,0,0,4,16,None
omni_virus,119.29,0,69,0,258.123,1740,0,0,0,4,16,None
omni_virus,120.29,0,69,0,254.198,1740,0,0,0,4,16,None
p2p_thrasher,0.0,0,63,0,181.733,1740,0,0,0,4,16,None
all_reduce,0.0,0,62,0,111.865,1740,0,0,0,4,16,None
all_reduce,1.0,0,61,0,104.213,1740,0,0,0,4,16,Idle
transformer_virus,0.0,0,61,0,104.128,1740,0,0,0,4,16,Idle
transformer_virus,1.0,0,63,0,112.132,1740,0,0,0,4,16,None
transformer_virus,2.0,0,64,0,182.256,1740,0,0,0,4,16,None
transformer_virus,3.0,0,64,0,180.965,1740,0,0,0,4,16,None
transformer_virus,4.01,0,64,0,181.905,1740,0,0,0,4,16,None
transformer_virus,5.01,0,64,0,182.479,1740,0,0,0,4,16,None
transformer_virus,6.01,0,64,0,181.609,1740,0,0,0,4,16,None
transformer_virus,7.01,0,64,0,182.851,1740,0,0,0,4,16,None
transformer_virus,8.01,0,64,0,182.964,1740,0,0,0,4,16,None
transformer_virus,9.01,0,64,0,180.975,1740,0,0,0,4,16,None
transformer_virus,10.01,0,63,0,180.113,1740,0,0,0,4,16,None
transformer_virus,11.01,0,63,0,179.981,1740,0,0,0,4,16,None
transformer_virus,12.01,0,63,0,180.41,1740,0,0,0,4,16,None
transformer_virus,13.01,0,63,0,180.405,1740,0,0,0,4,16,None
transformer_virus,14.02,0,63,0,180.642,1740,0,0,0,4,16,None
transformer_virus,15.02,0,63,0,179.863,1740,0,0,0,4,16,None
transformer_virus,16.02,0,63,0,181.593,1740,0,0,0,4,16,None
transformer_virus,17.02,0,63,0,181.969,1740,0,0,0,4,16,None
transformer_virus,18.02,0,63,0,181.26,1740,0,0,0,4,16,None
transformer_virus,19.02,0,62,0,180.178,1740,0,0,0,4,16,None
transformer_virus,20.02,0,62,0,179.517,1740,0,0,0,4,16,None
transformer_virus,21.02,0,62,0,180.487,1740,0,0,0,4,16,None
transformer_virus,22.02,0,62,0,179.169,1740,0,0,0,4,16,None
transformer_virus,23.03,0,62,0,178.836,1740,0,0,0,4,16,None
transformer_virus,24.03,0,62,0,179.452,1740,0,0,0,4,16,None
transformer_virus,25.03,0,62,0,178.992,1740,0,0,0,4,16,None
transformer_virus,26.03,0,62,0,179.248,1740,0,0,0,4,16,None
transformer_virus,27.03,0,62,0,178.818,1740,0,0,0,4,16,None
transformer_virus,28.03,0,62,0,178.538,1740,0,0,0,4,16,None
transformer_virus,29.03,0,62,0,180.12,1740,0,0,0,4,16,None
transformer_virus,30.03,0,62,0,180.229,1740,0,0,0,4,16,None
transformer_virus,31.03,0,62,0,180.412,1740,0,0,0,4,16,None
transformer_virus,32.03,0,61,0,179.863,1740,0,0,0,4,16,None
transformer_virus,33.04,0,61,0,179.233,1740,0,0,0,4,16,None
transformer_virus,34.04,0,61,0,178.931,1740,0,0,0,4,16,None
transformer_virus,35.04,0,61,0,178.032,1740,0,0,0,4,16,None
transformer_virus,36.04,0,61,0,177.341,1740,0,0,0,4,16,None
transformer_virus,37.04,0,61,0,178.072,1740,0,0,0,4,16,None
transformer_virus,38.04,0,61,0,176.737,1740,0,0,0,4,16,None
transformer_virus,39.04,0,61,0,177.237,1740,0,0,0,4,16,None
transformer_virus,40.04,0,61,0,178.3,1740,0,0,0,4,16,None
transformer_virus,41.04,0,61,0,176.678,1740,0,0,0,4,16,None
transformer_virus,42.05,0,61,0,175.566,1740,0,0,0,4,16,None
transformer_virus,43.05,0,61,0,176.844,1740,0,0,0,4,16,None
transformer_virus,44.05,0,61,0,178.708,1740,0,0,0,4,16,None
transformer_virus,45.05,0,61,0,178.269,1740,0,0,0,4,16,None
transformer_virus,46.05,0,61,0,178.551,1740,0,0,0,4,16,None
transformer_virus,47.05,0,60,0,177.897,1740,0,0,0,4,16,None
transformer_virus,48.05,0,60,0,177.701,1740,0,0,0,4,16,None
transformer_virus,49.05,0,60,0,177.573,1740,0,0,0,4,16,None
transformer_virus,50.06,0,60,0,178.187,1740,0,0,0,4,16,None
transformer_virus,51.06,0,60,0,179.193,1740,0,0,0,4,16,None
transformer_virus,52.06,0,60,0,179.631,1740,0,0,0,4,16,None
transformer_virus,53.06,0,60,0,178.956,1740,0,0,0,4,16,None
transformer_virus,54.06,0,60,0,179.273,1740,0,0,0,4,16,None
transformer_virus,55.06,0,60,0,179.717,1740,0,0,0,4,16,None
transformer_virus,56.06,0,60,0,178.391,1740,0,0,0,4,16,None
transformer_virus,57.07,0,60,0,178.136,1740,0,0,0,4,16,None
transformer_virus,58.07,0,60,0,177.878,1740,0,0,0,4,16,None
transformer_virus,59.07,0,60,0,178.926,1740,0,0,0,4,16,None
transformer_virus,60.08,0,60,0,179.443,1740,0,0,0,4,16,None
transformer_virus,61.08,0,60,0,178.093,1740,0,0,0,4,16,None
transformer_virus,62.08,0,60,0,177.803,1740,0,0,0,4,16,None
transformer_virus,63.08,0,60,0,178.008,1740,0,0,0,4,16,None
transformer_virus,64.08,0,60,0,177.937,1740,0,0,0,4,16,None
transformer_virus,65.09,0,60,0,177.277,1740,0,0,0,4,16,None
transformer_virus,66.09,0,60,0,177.918,1740,0,0,0,4,16,None
transformer_virus,67.09,0,60,0,178.908,1740,0,0,0,4,16,None
transformer_virus,68.09,0,60,0,177.794,1740,0,0,0,4,16,None
transformer_virus,69.09,0,60,0,176.927,1740,0,0,0,4,16,None
transformer_virus,70.09,0,60,0,178.617,1740,0,0,0,4,16,None
transformer_virus,71.09,0,60,0,177.132,1740,0,0,0,4,16,None
transformer_virus,72.09,0,60,0,177.792,1740,0,0,0,4,16,None
transformer_virus,73.1,0,60,0,177.703,1740,0,0,0,4,16,None
transformer_virus,74.1,0,60,0,177.494,1740,0,0,0,4,16,None
transformer_virus,75.1,0,60,0,178.354,1740,0,0,0,4,16,None
transformer_virus,76.1,0,59,0,177.535,1740,0,0,0,4,16,None
transformer_virus,77.1,0,59,0,177.548,1740,0,0,0,4,16,None
transformer_virus,78.1,0,59,0,178.242,1740,0,0,0,4,16,None
transformer_virus,79.1,0,59,0,177.654,1740,0,0,0,4,16,None
transformer_virus,80.1,0,59,0,177.225,1740,0,0,0,4,16,None
transformer_virus,81.11,0,59,0,177.079,1740,0,0,0,4,16,None
transformer_virus,82.11,0,59,0,177.196,1740,0,0,0,4,16,None
transformer_virus,83.11,0,59,0,177.228,1740,0,0,0,4,16,None
transformer_virus,84.11,0,59,0,177.719,1740,0,0,0,4,16,None
transformer_virus,85.11,0,59,0,178.359,1740,0,0,0,4,16,None
transformer_virus,86.11,0,59,0,178.454,1740,0,0,0,4,16,None
transformer_virus,87.11,0,59,0,178.227,1740,0,0,0,4,16,None
transformer_virus,88.11,0,59,0,178.499,1740,0,0,0,4,16,None
transformer_virus,89.12,0,59,0,177.772,1740,0,0,0,4,16,None
transformer_virus,90.12,0,59,0,177.399,1740,0,0,0,4,16,None
transformer_virus,91.12,0,59,0,177.181,1740,0,0,0,4,16,None
transformer_virus,92.12,0,59,0,177.812,1740,0,0,0,4,16,None
transformer_virus,93.12,0,59,0,176.951,1740,0,0,0,4,16,None
transformer_virus,94.12,0,59,0,176.513,1740,0,0,0,4,16,None
transformer_virus,95.12,0,59,0,176.958,1740,0,0,0,4,16,None
transformer_virus,96.12,0,59,0,176.612,1740,0,0,0,4,16,None
transformer_virus,97.12,0,59,0,176.642,1740,0,0,0,4,16,None
transformer_virus,98.13,0,59,0,176.828,1740,0,0,0,4,16,None
transformer_virus,99.13,0,59,0,177.318,1740,0,0,0,4,16,None
transformer_virus,100.13,0,59,0,177.746,1740,0,0,0,4,16,None
transformer_virus,101.13,0,59,0,177.273,1740,0,0,0,4,16,None
transformer_virus,102.13,0,59,0,177.34,1740,0,0,0,4,16,None
transformer_virus,103.13,0,59,0,177.459,1740,0,0,0,4,16,None
transformer_virus,104.13,0,59,0,177.618,1740,0,0,0,4,16,None
transformer_virus,105.13,0,59,0,177.342,1740,0,0,0,4,16,None
transformer_virus,106.14,0,59,0,177.684,1740,0,0,0,4,16,None
transformer_virus,107.14,0,59,0,177.706,1740,0,0,0,4,16,None
transformer_virus,108.14,0,59,0,177.428,1740,0,0,0,4,16,None
transformer_virus,109.14,0,59,0,177.949,1740,0,0,0,4,16,None
transformer_virus,110.14,0,59,0,178.28,1740,0,0,0,4,16,None
transformer_virus,111.14,0,59,0,177.983,1740,0,0,0,4,16,None
transformer_virus,112.14,0,59,0,177.585,1740,0,0,0,4,16,None
transformer_virus,113.14,0,59,0,177.662,1740,0,0,0,4,16,None
transformer_virus,114.15,0,59,0,177.786,1740,0,0,0,4,16,None
transformer_virus,115.15,0,59,0,177.733,1740,0,0,0,4,16,None
transformer_virus,116.15,0,59,0,177.247,1740,0,0,0,4,16,None
transformer_virus,117.15,0,59,0,177.366,1740,0,0,0,4,16,None
transformer_virus,118.15,0,59,0,177.053,1740,0,0,0,4,16,None
transformer_virus,119.15,0,59,0,177.049,1740,0,0,0,4,16,None
transformer_virus,120.15,0,59,0,177.503,1740,0,0,0,4,16,None
llm_decode,0.0,0,55,0,113.823,1740,0,0,0,4,16,None
llm_decode,1.0,0,58,0,190.592,1740,0,0,0,4,16,None
llm_decode,2.01,0,59,0,230.55,1740,0,0,0,4,16,None
llm_decode,3.01,0,59,0,230.679,1740,0,0,0,4,16,None
llm_decode,4.01,0,59,0,231.009,1740,0,0,0,4,16,None
llm_decode,5.02,0,59,0,231.535,1740,0,0,0,4,16,None
llm_decode,6.02,0,59,0,231.687,1740,0,0,0,4,16,None
llm_decode,7.02,0,59,0,231.617,1740,0,0,0,4,16,None
llm_decode,8.03,0,60,0,233.916,1740,0,0,0,4,16,None
llm_decode,9.03,0,60,0,234.422,1740,0,0,0,4,16,None
llm_decode,10.03,0,60,0,234.181,1740,0,0,0,4,16,None
llm_decode,11.04,0,60,0,234.31,1740,0,0,0,4,16,None
llm_decode,12.04,0,60,0,234.55,1740,0,0,0,4,16,None
llm_decode,13.04,0,60,0,234.885,1740,0,0,0,4,16,None
llm_decode,14.05,0,60,0,235.073,1740,0,0,0,4,16,None
llm_decode,15.05,0,60,0,234.959,1740,0,0,0,4,16,None
llm_decode,16.05,0,60,0,235.296,1740,0,0,0,4,16,None
llm_decode,17.06,0,61,0,235.352,1740,0,0,0,4,16,None
llm_decode,18.06,0,61,0,235.675,1740,0,0,0,4,16,None
llm_decode,19.06,0,61,0,235.648,1740,0,0,0,4,16,None
llm_decode,20.07,0,61,0,235.611,1740,0,0,0,4,16,None
llm_decode,21.07,0,61,0,235.888,1740,0,0,0,4,16,None
llm_decode,22.07,0,61,0,236.06,1740,0,0,0,4,16,None
llm_decode,23.08,0,61,0,236.184,1740,0,0,0,4,16,None
llm_decode,24.08,0,61,0,236.247,1740,0,0,0,4,16,None
llm_decode,25.08,0,61,0,236.816,1740,0,0,0,4,16,None
llm_decode,26.09,0,61,0,236.712,1740,0,0,0,4,16,None
llm_decode,27.09,0,61,0,236.801,1740,0,0,0,4,16,None
llm_decode,28.09,0,62,0,237.035,1740,0,0,0,4,16,None
llm_decode,29.1,0,62,0,236.728,1740,0,0,0,4,16,None
llm_decode,30.1,0,62,0,237.033,1740,0,0,0,4,16,None
llm_decode,31.1,0,62,0,237.042,1740,0,0,0,4,16,None
llm_decode,32.11,0,62,0,236.803,1740,0,0,0,4,16,None
llm_decode,33.11,0,62,0,237.112,1740,0,0,0,4,16,None
llm_decode,34.11,0,62,0,236.901,1740,0,0,0,4,16,None
llm_decode,35.11,0,62,0,237.189,1740,0,0,0,4,16,None
llm_decode,36.12,0,62,0,237.258,1740,0,0,0,4,16,None
llm_decode,37.12,0,62,0,237.033,1740,0,0,0,4,16,None
llm_decode,38.13,0,62,0,237.418,1740,0,0,0,4,16,None
llm_decode,39.13,0,62,0,237.95,1740,0,0,0,4,16,None
llm_decode,40.13,0,62,0,237.696,1740,0,0,0,4,16,None
llm_decode,41.13,0,63,0,237.673,1740,0,0,0,4,16,None
llm_decode,42.14,0,63,0,238.014,1740,0,0,0,4,16,None
llm_decode,43.14,0,63,0,238.449,1740,0,0,0,4,16,None
llm_decode,44.14,0,63,0,238.135,1740,0,0,0,4,16,None
llm_decode,45.15,0,63,0,238.073,1740,0,0,0,4,16,None
llm_decode,46.15,0,63,0,238.364,1740,0,0,0,4,16,None
llm_decode,47.15,0,63,0,238.34,1740,0,0,0,4,16,None
llm_decode,48.16,0,63,0,238.514,1740,0,0,0,4,16,None
llm_decode,49.16,0,63,0,238.537,1740,0,0,0,4,16,None
llm_decode,50.16,0,63,0,238.834,1740,0,0,0,4,16,None
llm_decode,51.17,0,63,0,238.593,1740,0,0,0,4,16,None
llm_decode,52.17,0,63,0,238.748,1740,0,0,0,4,16,None
llm_decode,53.17,0,63,0,239.077,1740,0,0,0,4,16,None
llm_decode,54.18,0,63,0,238.951,1740,0,0,0,4,16,None
llm_decode,55.18,0,63,0,238.886,1740,0,0,0,4,16,None
llm_decode,56.18,0,63,0,238.966,1740,0,0,0,4,16,None
llm_decode,57.19,0,63,0,238.951,1740,0,0,0,4,16,None
llm_decode,58.19,0,64,0,239.05,1740,0,0,0,4,16,None
llm_decode,59.19,0,64,0,239.225,1740,0,0,0,4,16,None
llm_decode,60.2,0,64,0,239.23,1740,0,0,0,4,16,None
llm_decode,61.2,0,64,0,239.301,1740,0,0,0,4,16,None
llm_decode,62.2,0,64,0,239.587,1740,0,0,0,4,16,None
llm_decode,63.21,0,64,0,239.662,1740,0,0,0,4,16,None
llm_decode,64.21,0,64,0,239.892,1740,0,0,0,4,16,None
llm_decode,65.21,0,64,0,239.832,1740,0,0,0,4,16,None
llm_decode,66.22,0,64,0,239.58,1740,0,0,0,4,16,None
llm_decode,67.22,0,64,0,239.674,1740,0,0,0,4,16,None
llm_decode,68.22,0,64,0,240.209,1740,0,0,0,4,16,None
llm_decode,69.23,0,64,0,239.637,1740,0,0,0,4,16,None
llm_decode,70.23,0,64,0,240.0,1740,0,0,0,4,16,None
llm_decode,71.23,0,64,0,240.274,1740,0,0,0,4,16,None
llm_decode,72.24,0,64,0,239.906,1740,0,0,0,4,16,None
llm_decode,73.24,0,64,0,239.824,1740,0,0,0,4,16,None
llm_decode,74.24,0,64,0,240.2,1740,0,0,0,4,16,None
llm_decode,75.25,0,64,0,240.056,1740,0,0,0,4,16,None
llm_decode,76.25,0,64,0,240.133,1740,0,0,0,4,16,None
llm_decode,77.25,0,64,0,240.227,1740,0,0,0,4,16,None
llm_decode,78.26,0,64,0,240.411,1740,0,0,0,4,16,None
llm_decode,79.26,0,64,0,240.329,1740,0,0,0,4,16,None
llm_decode,80.26,0,64,0,240.214,1740,0,0,0,4,16,None
llm_decode,81.27,0,64,0,240.405,1740,0,0,0,4,16,None
llm_decode,82.27,0,65,0,240.232,1740,0,0,0,4,16,None
llm_decode,83.27,0,65,0,240.297,1740,0,0,0,4,16,None
llm_decode,84.28,0,65,0,240.423,1740,0,0,0,4,16,None
llm_decode,85.28,0,65,0,240.485,1740,0,0,0,4,16,None
llm_decode,86.28,0,65,0,240.614,1740,0,0,0,4,16,None
llm_decode,87.29,0,65,0,240.414,1740,0,0,0,4,16,None
llm_decode,88.29,0,65,0,240.194,1740,0,0,0,4,16,None
llm_decode,89.29,0,65,0,240.438,1740,0,0,0,4,16,None
llm_decode,90.29,0,65,0,240.887,1740,0,0,0,4,16,None
llm_decode,91.3,0,65,0,241.12,1740,0,0,0,4,16,None
llm_decode,92.3,0,65,0,240.884,1740,0,0,0,4,16,None
llm_decode,93.3,0,65,0,240.535,1740,0,0,0,4,16,None
llm_decode,94.31,0,65,0,240.887,1740,0,0,0,4,16,None
llm_decode,95.31,0,65,0,241.195,1740,0,0,0,4,16,None
llm_decode,96.31,0,65,0,241.196,1740,0,0,0,4,16,None
llm_decode,97.32,0,65,0,240.884,1740,0,0,0,4,16,None
llm_decode,98.32,0,65,0,241.005,1740,0,0,0,4,16,None
llm_decode,99.32,0,65,0,241.199,1740,0,0,0,4,16,None
llm_decode,100.33,0,65,0,240.819,1740,0,0,0,4,16,None
llm_decode,101.33,0,65,0,241.372,1740,0,0,0,4,16,None
llm_decode,102.33,0,65,0,241.266,1740,0,0,0,4,16,None
llm_decode,103.34,0,65,0,241.043,1740,0,0,0,4,16,None
llm_decode,104.34,0,65,0,240.975,1740,0,0,0,4,16,None
llm_decode,105.34,0,65,0,241.016,1740,0,0,0,4,16,None
llm_decode,106.35,0,65,0,241.189,1740,0,0,0,4,16,None
llm_decode,107.35,0,65,0,241.333,1740,0,0,0,4,16,None
llm_decode,108.35,0,65,0,241.571,1740,0,0,0,4,16,None
llm_decode,109.36,0,65,0,241.177,1740,0,0,0,4,16,None
llm_decode,110.36,0,65,0,241.225,1740,0,0,0,4,16,None
llm_decode,111.36,0,65,0,241.571,1740,0,0,0,4,16,None
llm_decode,112.37,0,65,0,241.483,1740,0,0,0,4,16,None
llm_decode,113.37,0,65,0,241.38,1740,0,0,0,4,16,None
llm_decode,114.38,0,65,0,242.018,1740,0,0,0,4,16,None
llm_decode,115.38,0,65,0,241.597,1740,0,0,0,4,16,None
llm_decode,116.38,0,65,0,241.254,1740,0,0,0,4,16,None
llm_decode,117.39,0,65,0,241.561,1740,0,0,0,4,16,None
llm_decode,118.39,0,65,0,241.516,1740,0,0,0,4,16,None
llm_decode,119.39,0,65,0,241.724,1740,0,0,0,4,16,None
llm_decode,120.39,0,65,0,231.939,1740,0,0,0,4,16,None
llm_prefill,0.0,0,61,0,116.496,1740,0,0,0,4,16,None
llm_prefill,1.01,0,64,0,192.259,1740,0,0,0,4,16,None
llm_prefill,2.01,0,65,0,241.007,1740,0,0,0,4,16,None
llm_prefill,3.01,0,65,0,241.114,1740,0,0,0,4,16,None
llm_prefill,4.01,0,65,0,241.851,1740,0,0,0,4,16,None
llm_prefill,5.02,0,65,0,241.398,1740,0,0,0,4,16,None
llm_prefill,6.02,0,65,0,241.741,1740,0,0,0,4,16,None
llm_prefill,7.02,0,65,0,241.681,1740,0,0,0,4,16,None
llm_prefill,8.03,0,65,0,241.853,1740,0,0,0,4,16,None
llm_prefill,9.03,0,65,0,241.575,1740,0,0,0,4,16,None
llm_prefill,10.03,0,65,0,241.868,1740,0,0,0,4,16,None
llm_prefill,11.04,0,65,0,241.457,1740,0,0,0,4,16,None
llm_prefill,12.04,0,65,0,241.874,1740,0,0,0,4,16,None
llm_prefill,13.04,0,65,0,242.05,1740,0,0,0,4,16,None
llm_prefill,14.05,0,65,0,242.044,1740,0,0,0,4,16,None
llm_prefill,15.05,0,65,0,241.892,1740,0,0,0,4,16,None
llm_prefill,16.05,0,65,0,241.78,1740,0,0,0,4,16,None
llm_prefill,17.06,0,65,0,242.039,1740,0,0,0,4,16,None
llm_prefill,18.06,0,65,0,242.048,1740,0,0,0,4,16,None
llm_prefill,19.06,0,65,0,242.106,1740,0,0,0,4,16,None
llm_prefill,20.07,0,65,0,241.917,1740,0,0,0,4,16,None
llm_prefill,21.07,0,65,0,242.027,1740,0,0,0,4,16,None
llm_prefill,22.07,0,65,0,241.982,1740,0,0,0,4,16,None
llm_prefill,23.08,0,65,0,241.879,1740,0,0,0,4,16,None
llm_prefill,24.08,0,65,0,242.034,1740,0,0,0,4,16,None
llm_prefill,25.08,0,66,0,242.02,1740,0,0,0,4,16,None
llm_prefill,26.09,0,66,0,241.804,1740,0,0,0,4,16,None
llm_prefill,27.09,0,65,0,242.001,1740,0,0,0,4,16,None
llm_prefill,28.09,0,66,0,241.722,1740,0,0,0,4,16,None
llm_prefill,29.1,0,66,0,242.231,1740,0,0,0,4,16,None
llm_prefill,30.1,0,65,0,241.746,1740,0,0,0,4,16,None
llm_prefill,31.1,0,66,0,242.063,1740,0,0,0,4,16,None
llm_prefill,32.11,0,66,0,241.984,1740,0,0,0,4,16,None
llm_prefill,33.11,0,66,0,242.237,1740,0,0,0,4,16,None
llm_prefill,34.11,0,66,0,242.129,1740,0,0,0,4,16,None
llm_prefill,35.12,0,66,0,241.8,1740,0,0,0,4,16,None
llm_prefill,36.12,0,66,0,242.483,1740,0,0,0,4,16,None
llm_prefill,37.12,0,66,0,242.595,1740,0,0,0,4,16,None
llm_prefill,38.13,0,66,0,242.222,1740,0,0,0,4,16,None
llm_prefill,39.13,0,66,0,242.141,1740,0,0,0,4,16,None
llm_prefill,40.13,0,66,0,242.308,1740,0,0,0,4,16,None
llm_prefill,41.14,0,66,0,242.093,1740,0,0,0,4,16,None
llm_prefill,42.14,0,66,0,242.431,1740,0,0,0,4,16,None
llm_prefill,43.14,0,66,0,241.998,1740,0,0,0,4,16,None
llm_prefill,44.15,0,66,0,242.384,1740,0,0,0,4,16,None
llm_prefill,45.15,0,66,0,242.319,1740,0,0,0,4,16,None
llm_prefill,46.15,0,66,0,242.301,1740,0,0,0,4,16,None
llm_prefill,47.16,0,66,0,242.868,1740,0,0,0,4,16,None
llm_prefill,48.16,0,66,0,242.384,1740,0,0,0,4,16,None
llm_prefill,49.17,0,66,0,242.989,1740,0,0,0,4,16,None
llm_prefill,50.17,0,66,0,242.416,1740,0,0,0,4,16,None
llm_prefill,51.17,0,66,0,242.43,1740,0,0,0,4,16,None
llm_prefill,52.18,0,66,0,242.518,1740,0,0,0,4,16,None
llm_prefill,53.18,0,66,0,242.727,1740,0,0,0,4,16,None
llm_prefill,54.18,0,66,0,242.286,1740,0,0,0,4,16,None
llm_prefill,55.19,0,66,0,242.201,1740,0,0,0,4,16,None
llm_prefill,56.19,0,66,0,242.427,1740,0,0,0,4,16,None
llm_prefill,57.19,0,66,0,242.73,1740,0,0,0,4,16,None
llm_prefill,58.2,0,66,0,242.806,1740,0,0,0,4,16,None
llm_prefill,59.2,0,66,0,242.595,1740,0,0,0,4,16,None
llm_prefill,60.2,0,66,0,242.76,1740,0,0,0,4,16,None
llm_prefill,61.21,0,66,0,242.86,1740,0,0,0,4,16,None
llm_prefill,62.21,0,66,0,242.883,1740,0,0,0,4,16,None
llm_prefill,63.21,0,66,0,242.46,1740,0,0,0,4,16,None
llm_prefill,64.22,0,66,0,242.351,1740,0,0,0,4,16,None
llm_prefill,65.22,0,66,0,242.839,1740,0,0,0,4,16,None
llm_prefill,66.22,0,66,0,242.554,1740,0,0,0,4,16,None
llm_prefill,67.23,0,66,0,242.901,1740,0,0,0,4,16,None
llm_prefill,68.23,0,66,0,242.671,1740,0,0,0,4,16,None
llm_prefill,69.23,0,66,0,243.065,1740,0,0,0,4,16,None
llm_prefill,70.24,0,66,0,242.619,1740,0,0,0,4,16,None
llm_prefill,71.24,0,66,0,242.524,1740,0,0,0,4,16,None
llm_prefill,72.24,0,66,0,242.543,1740,0,0,0,4,16,None
llm_prefill,73.25,0,66,0,242.654,1740,0,0,0,4,16,None
llm_prefill,74.25,0,66,0,242.231,1740,0,0,0,4,16,None
llm_prefill,75.25,0,66,0,242.625,1740,0,0,0,4,16,None
llm_prefill,76.26,0,66,0,242.616,1740,0,0,0,4,16,None
llm_prefill,77.26,0,66,0,242.792,1740,0,0,0,4,16,None
llm_prefill,78.26,0,66,0,242.73,1740,0,0,0,4,16,None
llm_prefill,79.27,0,66,0,242.557,1740,0,0,0,4,16,None
llm_prefill,80.27,0,66,0,242.774,1740,0,0,0,4,16,None
llm_prefill,81.27,0,66,0,242.759,1740,0,0,0,4,16,None
llm_prefill,82.28,0,66,0,242.795,1740,0,0,0,4,16,None
llm_prefill,83.28,0,66,0,242.774,1740,0,0,0,4,16,None
llm_prefill,84.28,0,66,0,242.66,1740,0,0,0,4,16,None
llm_prefill,85.29,0,66,0,242.897,1740,0,0,0,4,16,None
llm_prefill,86.29,0,66,0,242.994,1740,0,0,0,4,16,None
llm_prefill,87.29,0,66,0,243.015,1740,0,0,0,4,16,None
llm_prefill,88.3,0,66,0,242.636,1740,0,0,0,4,16,None
llm_prefill,89.3,0,66,0,242.31,1740,0,0,0,4,16,None
llm_prefill,90.3,0,66,0,242.93,1740,0,0,0,4,16,None
llm_prefill,91.31,0,66,0,243.097,1740,0,0,0,4,16,None
llm_prefill,92.31,0,66,0,242.845,1740,0,0,0,4,16,None
llm_prefill,93.31,0,66,0,242.906,1740,0,0,0,4,16,None
llm_prefill,94.32,0,66,0,242.712,1740,0,0,0,4,16,None
llm_prefill,95.32,0,66,0,242.842,1740,0,0,0,4,16,None
llm_prefill,96.32,0,66,0,242.769,1740,0,0,0,4,16,None
llm_prefill,97.33,0,66,0,242.785,1740,0,0,0,4,16,None
llm_prefill,98.33,0,66,0,243.538,1740,0,0,0,4,16,None
llm_prefill,99.33,0,66,0,242.484,1740,0,0,0,4,16,None
llm_prefill,100.34,0,66,0,242.715,1740,0,0,0,4,16,None
llm_prefill,101.34,0,66,0,242.794,1740,0,0,0,4,16,None
llm_prefill,102.35,0,66,0,242.986,1740,0,0,0,4,16,None
llm_prefill,103.35,0,66,0,243.135,1740,0,0,0,4,16,None
llm_prefill,104.35,0,66,0,242.951,1740,0,0,0,4,16,None
llm_prefill,105.36,0,66,0,242.625,1740,0,0,0,4,16,None
llm_prefill,106.36,0,66,0,242.812,1740,0,0,0,4,16,None
llm_prefill,107.36,0,66,0,242.845,1740,0,0,0,4,16,None
llm_prefill,108.37,0,66,0,243.25,1740,0,0,0,4,16,None
llm_prefill,109.37,0,66,0,242.81,1740,0,0,0,4,16,None
llm_prefill,110.37,0,66,0,243.062,1740,0,0,0,4,16,None
llm_prefill,111.38,0,66,0,242.923,1740,0,0,0,4,16,None
llm_prefill,112.38,0,66,0,242.988,1740,0,0,0,4,16,None
llm_prefill,113.38,0,66,0,242.762,1740,0,0,0,4,16,None
llm_prefill,114.39,0,66,0,242.777,1740,0,0,0,4,16,None
llm_prefill,115.39,0,66,0,243.006,1740,0,0,0,4,16,None
llm_prefill,116.39,0,66,0,242.736,1740,0,0,0,4,16,None
llm_prefill,117.4,0,66,0,242.763,1740,0,0,0,4,16,None
llm_prefill,118.4,0,66,0,242.859,1740,0,0,0,4,16,None
llm_prefill,119.4,0,66,0,242.901,1740,0,0,0,4,16,None
llm_prefill,120.41,0,66,0,243.547,1740,0,0,0,4,16,None
kv_cache_churn,0.0,0,62,0,128.258,1740,0,0,0,4,16,None
kv_cache_churn,1.0,0,64,0,187.194,1740,0,0,0,4,16,None
kv_cache_churn,2.01,0,64,0,216.796,1740,0,0,0,4,16,None
kv_cache_churn,3.01,0,64,0,216.871,1740,0,0,0,4,16,None
kv_cache_churn,4.01,0,64,0,216.859,1740,0,0,0,4,16,None
kv_cache_churn,5.02,0,64,0,216.859,1740,0,0,0,4,16,None
kv_cache_churn,6.02,0,64,0,216.795,1740,0,0,0,4,16,None
kv_cache_churn,7.02,0,64,0,216.724,1740,0,0,0,4,16,None
kv_cache_churn,8.02,0,64,0,216.695,1740,0,0,0,4,16,None
kv_cache_churn,9.03,0,64,0,216.666,1740,0,0,0,4,16,None
kv_cache_churn,10.03,0,64,0,216.56,1740,0,0,0,4,16,None
kv_cache_churn,11.03,0,64,0,216.422,1740,0,0,0,4,16,None
kv_cache_churn,12.04,0,64,0,216.382,1740,0,0,0,4,16,None
kv_cache_churn,13.04,0,64,0,216.346,1740,0,0,0,4,16,None
kv_cache_churn,14.04,0,64,0,216.348,1740,0,0,0,4,16,None
kv_cache_churn,15.04,0,64,0,216.222,1740,0,0,0,4,16,None
kv_cache_churn,16.05,0,64,0,216.337,1740,0,0,0,4,16,None
kv_cache_churn,17.05,0,64,0,216.22,1740,0,0,0,4,16,None
kv_cache_churn,18.05,0,64,0,216.094,1740,0,0,0,4,16,None
kv_cache_churn,19.06,0,64,0,216.117,1740,0,0,0,4,16,None
kv_cache_churn,20.06,0,63,0,216.025,1740,0,0,0,4,16,None
kv_cache_churn,21.06,0,63,0,216.008,1740,0,0,0,4,16,None
kv_cache_churn,22.06,0,63,0,215.919,1740,0,0,0,4,16,None
kv_cache_churn,23.07,0,63,0,215.841,1740,0,0,0,4,16,None
kv_cache_churn,24.07,0,63,0,215.787,1740,0,0,0,4,16,None
kv_cache_churn,25.07,0,63,0,215.772,1740,0,0,0,4,16,None
kv_cache_churn,26.08,0,63,0,215.704,1740,0,0,0,4,16,None
kv_cache_churn,27.08,0,63,0,215.719,1740,0,0,0,4,16,None
kv_cache_churn,28.08,0,63,0,215.716,1740,0,0,0,4,16,None
kv_cache_churn,29.08,0,63,0,215.591,1740,0,0,0,4,16,None
kv_cache_churn,30.09,0,63,0,215.574,1740,0,0,0,4,16,None
kv_cache_churn,31.09,0,63,0,215.583,1740,0,0,0,4,16,None
kv_cache_churn,32.09,0,63,0,215.527,1740,0,0,0,4,16,None
kv_cache_churn,33.09,0,63,0,215.55,1740,0,0,0,4,16,None
kv_cache_churn,34.1,0,63,0,215.44,1740,0,0,0,4,16,None
kv_cache_churn,35.1,0,63,0,215.459,1740,0,0,0,4,16,None
kv_cache_churn,36.1,0,63,0,215.415,1740,0,0,0,4,16,None
kv_cache_churn,37.1,0,63,0,215.391,1740,0,0,0,4,16,None
kv_cache_churn,38.11,0,63,0,215.351,1740,0,0,0,4,16,None
kv_cache_churn,39.11,0,63,0,215.252,1740,0,0,0,4,16,None
kv_cache_churn,40.11,0,63,0,215.263,1740,0,0,0,4,16,None
kv_cache_churn,41.12,0,63,0,215.209,1740,0,0,0,4,16,None
kv_cache_churn,42.12,0,63,0,215.179,1740,0,0,0,4,16,None
kv_cache_churn,43.12,0,63,0,215.268,1740,0,0,0,4,16,None
kv_cache_churn,44.12,0,63,0,215.155,1740,0,0,0,4,16,None
kv_cache_churn,45.13,0,63,0,215.092,1740,0,0,0,4,16,None
kv_cache_churn,46.13,0,63,0,215.105,1740,0,0,0,4,16,None
kv_cache_churn,47.13,0,63,0,215.026,1740,0,0,0,4,16,None
kv_cache_churn,48.13,0,63,0,214.99,1740,0,0,0,4,16,None
kv_cache_churn,49.14,0,63,0,214.966,1740,0,0,0,4,16,None
kv_cache_churn,50.14,0,63,0,214.845,1740,0,0,0,4,16,None
kv_cache_churn,51.14,0,63,0,214.814,1740,0,0,0,4,16,None
kv_cache_churn,52.15,0,63,0,214.875,1740,0,0,0,4,16,None
kv_cache_churn,53.15,0,63,0,214.927,1740,0,0,0,4,16,None
kv_cache_churn,54.15,0,63,0,214.883,1740,0,0,0,4,16,None
kv_cache_churn,55.15,0,62,0,214.845,1740,0,0,0,4,16,None
kv_cache_churn,56.16,0,62,0,214.768,1740,0,0,0,4,16,None
kv_cache_churn,57.16,0,62,0,214.771,1740,0,0,0,4,16,None
kv_cache_churn,58.16,0,62,0,214.759,1740,0,0,0,4,16,None
kv_cache_churn,59.16,0,62,0,214.752,1740,0,0,0,4,16,None
kv_cache_churn,60.17,0,62,0,214.719,1740,0,0,0,4,16,None
kv_cache_churn,61.17,0,62,0,214.636,1740,0,0,0,4,16,None
kv_cache_churn,62.17,0,62,0,214.683,1740,0,0,0,4,16,None
kv_cache_churn,63.17,0,62,0,214.658,1740,0,0,0,4,16,None
kv_cache_churn,64.18,0,62,0,214.598,1740,0,0,0,4,16,None
kv_cache_churn,65.18,0,62,0,214.577,1740,0,0,0,4,16,None
kv_cache_churn,66.18,0,62,0,214.49,1740,0,0,0,4,16,None
kv_cache_churn,67.18,0,62,0,214.541,1740,0,0,0,4,16,None
kv_cache_churn,68.19,0,62,0,214.48,1740,0,0,0,4,16,None
kv_cache_churn,69.19,0,62,0,214.496,1740,0,0,0,4,16,None
kv_cache_churn,70.19,0,62,0,214.509,1740,0,0,0,4,16,None
kv_cache_churn,71.19,0,62,0,214.512,1740,0,0,0,4,16,None
kv_cache_churn,72.2,0,62,0,214.43,1740,0,0,0,4,16,None
kv_cache_churn,73.2,0,62,0,214.377,1740,0,0,0,4,16,None
kv_cache_churn,74.2,0,62,0,214.415,1740,0,0,0,4,16,None
kv_cache_churn,75.21,0,62,0,214.262,1740,0,0,0,4,16,None
kv_cache_churn,76.21,0,62,0,214.368,1740,0,0,0,4,16,None
kv_cache_churn,77.21,0,62,0,214.392,1740,0,0,0,4,16,None
kv_cache_churn,78.21,0,62,0,214.284,1740,0,0,0,4,16,None
kv_cache_churn,79.22,0,62,0,214.348,1740,0,0,0,4,16,None
kv_cache_churn,80.22,0,62,0,214.286,1740,0,0,0,4,16,None
kv_cache_churn,81.22,0,62,0,214.26,1740,0,0,0,4,16,None
kv_cache_churn,82.22,0,62,0,214.336,1740,0,0,0,4,16,None
kv_cache_churn,83.23,0,62,0,214.274,1740,0,0,0,4,16,None
kv_cache_churn,84.23,0,62,0,214.249,1740,0,0,0,4,16,None
kv_cache_churn,85.23,0,62,0,214.23,1740,0,0,0,4,16,None
kv_cache_churn,86.23,0,62,0,214.208,1740,0,0,0,4,16,None
kv_cache_churn,87.24,0,62,0,214.196,1740,0,0,0,4,16,None
kv_cache_churn,88.24,0,62,0,214.169,1740,0,0,0,4,16,None
kv_cache_churn,89.24,0,62,0,214.14,1740,0,0,0,4,16,None
kv_cache_churn,90.25,0,62,0,214.148,1740,0,0,0,4,16,None
kv_cache_churn,91.25,0,62,0,214.046,1740,0,0,0,4,16,None
kv_cache_churn,92.25,0,62,0,214.067,1740,0,0,0,4,16,None
kv_cache_churn,93.25,0,62,0,214.076,1740,0,0,0,4,16,None
kv_cache_churn,94.26,0,62,0,214.005,1740,0,0,0,4,16,None
kv_cache_churn,95.26,0,62,0,214.015,1740,0,0,0,4,16,None
kv_cache_churn,96.26,0,62,0,214.067,1740,0,0,0,4,16,None
kv_cache_churn,97.26,0,62,0,214.076,1740,0,0,0,4,16,None
kv_cache_churn,98.27,0,62,0,214.033,1740,0,0,0,4,16,None
kv_cache_churn,99.27,0,62,0,213.923,1740,0,0,0,4,16,None
kv_cache_churn,100.27,0,62,0,214.0,1740,0,0,0,4,16,None
kv_cache_churn,101.28,0,62,0,213.999,1740,0,0,0,4,16,None
kv_cache_churn,102.28,0,62,0,213.948,1740,0,0,0,4,16,None
kv_cache_churn,103.28,0,62,0,213.89,1740,0,0,0,4,16,None
kv_cache_churn,104.28,0,62,0,213.869,1740,0,0,0,4,16,None
kv_cache_churn,105.29,0,62,0,213.936,1740,0,0,0,4,16,None
kv_cache_churn,106.29,0,62,0,213.863,1740,0,0,0,4,16,None
kv_cache_churn,107.29,0,62,0,213.84,1740,0,0,0,4,16,None
kv_cache_churn,108.29,0,62,0,213.945,1740,0,0,0,4,16,None
kv_cache_churn,109.3,0,62,0,213.939,1740,0,0,0,4,16,None
kv_cache_churn,110.3,0,62,0,213.843,1740,0,0,0,4,16,None
kv_cache_churn,111.3,0,62,0,213.795,1740,0,0,0,4,16,None
kv_cache_churn,112.31,0,62,0,213.839,1740,0,0,0,4,16,None
kv_cache_churn,113.31,0,62,0,213.838,1740,0,0,0,4,16,None
kv_cache_churn,114.31,0,62,0,213.78,1740,0,0,0,4,16,None
kv_cache_churn,115.31,0,62,0,213.663,1740,0,0,0,4,16,None
kv_cache_churn,116.32,0,62,0,213.73,1740,0,0,0,4,16,None
kv_cache_churn,117.32,0,62,0,213.686,1740,0,0,0,4,16,None
kv_cache_churn,118.32,0,62,0,213.666,1740,0,0,0,4,16,None
kv_cache_churn,119.32,0,62,0,213.715,1740,0,0,0,4,16,None
kv_cache_churn,120.33,0,61,0,213.699,1740,0,0,0,4,16,None
fused_attention,0.0,0,58,0,125.663,1740,0,0,0,4,16,None
fused_attention,1.0,0,62,0,201.723,1740,0,0,0,4,16,None
fused_attention,2.01,0,62,0,238.842,1740,0,0,0,4,16,None
fused_attention,3.01,0,62,0,239.28,1740,0,0,0,4,16,None
fused_attention,4.01,0,63,0,239.533,1740,0,0,0,4,16,None
fused_attention,5.02,0,63,0,239.545,1740,0,0,0,4,16,None
fused_attention,6.02,0,63,0,239.592,1740,0,0,0,4,16,None
fused_attention,7.02,0,63,0,240.094,1740,0,0,0,4,16,None
fused_attention,8.03,0,63,0,240.282,1740,0,0,0,4,16,None
fused_attention,9.03,0,63,0,240.294,1740,0,0,0,4,16,None
fused_attention,10.03,0,63,0,240.126,1740,0,0,0,4,16,None
fused_attention,11.04,0,63,0,240.57,1740,0,0,0,4,16,None
fused_attention,12.04,0,63,0,240.649,1740,0,0,0,4,16,None
fused_attention,13.04,0,63,0,240.687,1740,0,0,0,4,16,None
fused_attention,14.05,0,64,0,240.723,1740,0,0,0,4,16,None
fused_attention,15.05,0,64,0,240.603,1740,0,0,0,4,16,None
fused_attention,16.05,0,64,0,240.967,1740,0,0,0,4,16,None
fused_attention,17.06,0,64,0,240.902,1740,0,0,0,4,16,None
fused_attention,18.06,0,64,0,241.061,1740,0,0,0,4,16,None
fused_attention,19.06,0,64,0,241.037,1740,0,0,0,4,16,None
fused_attention,20.07,0,64,0,240.796,1740,0,0,0,4,16,None
fused_attention,21.07,0,64,0,241.016,1740,0,0,0,4,16,None
fused_attention,22.07,0,64,0,241.375,1740,0,0,0,4,16,None
fused_attention,23.08,0,64,0,241.589,1740,0,0,0,4,16,None
fused_attention,24.08,0,64,0,241.546,1740,0,0,0,4,16,None
fused_attention,25.08,0,64,0,241.384,1740,0,0,0,4,16,None
fused_attention,26.09,0,64,0,242.007,1740,0,0,0,4,16,None
fused_attention,27.09,0,64,0,241.675,1740,0,0,0,4,16,None
fused_attention,28.09,0,64,0,241.842,1740,0,0,0,4,16,None
fused_attention,29.1,0,64,0,241.795,1740,0,0,0,4,16,None
fused_attention,30.1,0,64,0,242.27,1740,0,0,0,4,16,None
fused_attention,31.1,0,64,0,242.004,1740,0,0,0,4,16,None
fused_attention,32.11,0,65,0,241.918,1740,0,0,0,4,16,None
fused_attention,33.11,0,65,0,242.025,1740,0,0,0,4,16,None
fused_attention,34.11,0,65,0,242.071,1740,0,0,0,4,16,None
fused_attention,35.12,0,65,0,242.006,1740,0,0,0,4,16,None
fused_attention,36.12,0,65,0,241.869,1740,0,0,0,4,16,None
fused_attention,37.12,0,65,0,242.059,1740,0,0,0,4,16,None
fused_attention,38.13,0,65,0,242.436,1740,0,0,0,4,16,None
fused_attention,39.13,0,65,0,242.35,1740,0,0,0,4,16,None
fused_attention,40.13,0,65,0,242.024,1740,0,0,0,4,16,None
fused_attention,41.14,0,65,0,242.321,1740,0,0,0,4,16,None
fused_attention,42.14,0,65,0,242.382,1740,0,0,0,4,16,None
fused_attention,43.14,0,65,0,242.509,1740,0,0,0,4,16,None
fused_attention,44.15,0,65,0,242.538,1740,0,0,0,4,16,None
fused_attention,45.15,0,65,0,242.95,1740,0,0,0,4,16,None
fused_attention,46.15,0,65,0,242.612,1740,0,0,0,4,16,None
fused_attention,47.16,0,65,0,243.164,1740,0,0,0,4,16,None
fused_attention,48.16,0,65,0,242.612,1740,0,0,0,4,16,None
fused_attention,49.16,0,65,0,242.809,1740,0,0,0,4,16,None
fused_attention,50.17,0,65,0,242.6,1740,0,0,0,4,16,None
fused_attention,51.17,0,65,0,242.703,1740,0,0,0,4,16,None
fused_attention,52.17,0,65,0,242.779,1740,0,0,0,4,16,None
fused_attention,53.17,0,65,0,242.623,1740,0,0,0,4,16,None
fused_attention,54.18,0,65,0,243.002,1740,0,0,0,4,16,None
fused_attention,55.18,0,65,0,243.156,1740,0,0,0,4,16,None
fused_attention,56.19,0,65,0,242.956,1740,0,0,0,4,16,None
fused_attention,57.19,0,65,0,243.158,1740,0,0,0,4,16,None
fused_attention,58.19,0,65,0,243.04,1740,0,0,0,4,16,None
fused_attention,59.2,0,65,0,242.694,1740,0,0,0,4,16,None
fused_attention,60.2,0,65,0,243.034,1740,0,0,0,4,16,None
fused_attention,61.2,0,65,0,242.788,1740,0,0,0,4,16,None
fused_attention,62.21,0,65,0,243.09,1740,0,0,0,4,16,None
fused_attention,63.21,0,65,0,242.968,1740,0,0,0,4,16,None
fused_attention,64.21,0,65,0,243.047,1740,0,0,0,4,16,None
fused_attention,65.22,0,66,0,243.323,1740,0,0,0,4,16,None
fused_attention,66.22,0,66,0,243.117,1740,0,0,0,4,16,None
fused_attention,67.23,0,66,0,243.734,1740,0,0,0,4,16,None
fused_attention,68.23,0,66,0,243.657,1740,0,0,0,4,16,None
fused_attention,69.23,0,66,0,243.244,1740,0,0,0,4,16,None
fused_attention,70.24,0,66,0,243.331,1740,0,0,0,4,16,None
fused_attention,71.24,0,66,0,243.34,1740,0,0,0,4,16,None
fused_attention,72.24,0,66,0,243.34,1740,0,0,0,4,16,None
fused_attention,73.25,0,66,0,243.784,1740,0,0,0,4,16,None
fused_attention,74.25,0,66,0,243.602,1740,0,0,0,4,16,None
fused_attention,75.25,0,66,0,243.258,1740,0,0,0,4,16,None
fused_attention,76.26,0,66,0,243.108,1740,0,0,0,4,16,None
fused_attention,77.26,0,66,0,243.628,1740,0,0,0,4,16,None
fused_attention,78.26,0,66,0,243.22,1740,0,0,0,4,16,None
fused_attention,79.27,0,66,0,243.622,1740,0,0,0,4,16,None
fused_attention,80.27,0,66,0,243.699,1740,0,0,0,4,16,None
fused_attention,81.27,0,66,0,244.107,1740,0,0,0,4,16,None
fused_attention,82.28,0,66,0,243.17,1740,0,0,0,4,16,None
fused_attention,83.28,0,66,0,243.813,1740,0,0,0,4,16,None
fused_attention,84.28,0,66,0,243.787,1740,0,0,0,4,16,None
fused_attention,85.28,0,66,0,243.74,1740,0,0,0,4,16,None
fused_attention,86.29,0,66,0,243.778,1740,0,0,0,4,16,None
fused_attention,87.29,0,66,0,243.955,1740,0,0,0,4,16,None
fused_attention,88.29,0,66,0,243.663,1740,0,0,0,4,16,None
fused_attention,89.3,0,66,0,243.787,1740,0,0,0,4,16,None
fused_attention,90.3,0,66,0,243.684,1740,0,0,0,4,16,None
fused_attention,91.3,0,66,0,243.869,1740,0,0,0,4,16,None
fused_attention,92.31,0,66,0,243.616,1740,0,0,0,4,16,None
fused_attention,93.31,0,66,0,243.887,1740,0,0,0,4,16,None
fused_attention,94.31,0,66,0,243.837,1740,0,0,0,4,16,None
fused_attention,95.32,0,66,0,243.849,1740,0,0,0,4,16,None
fused_attention,96.32,0,66,0,243.957,1740,0,0,0,4,16,None
fused_attention,97.32,0,66,0,243.648,1740,0,0,0,4,16,None
fused_attention,98.33,0,66,0,243.895,1740,0,0,0,4,16,None
fused_attention,99.33,0,66,0,244.034,1740,0,0,0,4,16,None
fused_attention,100.33,0,66,0,244.084,1740,0,0,0,4,16,None
fused_attention,101.34,0,66,0,244.148,1740,0,0,0,4,16,None
fused_attention,102.34,0,66,0,244.066,1740,0,0,0,4,16,None
fused_attention,103.34,0,66,0,244.207,1740,0,0,0,4,16,None
fused_attention,104.35,0,66,0,243.952,1740,0,0,0,4,16,None
fused_attention,105.35,0,66,0,243.987,1740,0,0,0,4,16,None
fused_attention,106.35,0,66,0,243.766,1740,0,0,0,4,16,None
fused_attention,107.36,0,66,0,244.045,1740,0,0,0,4,16,None
fused_attention,108.36,0,66,0,244.163,1740,0,0,0,4,16,None
fused_attention,109.36,0,66,0,243.94,1740,0,0,0,4,16,None
fused_attention,110.37,0,66,0,243.781,1740,0,0,0,4,16,None
fused_attention,111.37,0,66,0,243.785,1740,0,0,0,4,16,None
fused_attention,112.37,0,66,0,244.266,1740,0,0,0,4,16,None
fused_attention,113.38,0,66,0,243.889,1740,0,0,0,4,16,None
fused_attention,114.38,0,66,0,244.163,1740,0,0,0,4,16,None
fused_attention,115.38,0,66,0,243.645,1740,0,0,0,4,16,None
fused_attention,116.39,0,66,0,243.995,1740,0,0,0,4,16,None
fused_attention,117.39,0,66,0,243.792,1740,0,0,0,4,16,None
fused_attention,118.39,0,66,0,244.398,1740,0,0,0,4,16,None
fused_attention,119.4,0,66,0,243.905,1740,0,0,0,4,16,None
fused_attention,120.4,0,66,0,244.016,1740,0,0,0,4,16,None
rope_stress,0.0,0,62,0,139.319,1740,0,0,0,4,16,None
rope_stress,1.0,0,65,0,201.89,1740,0,0,0,4,16,None
rope_stress,2.01,0,65,0,242.652,1740,0,0,0,4,16,None
rope_stress,3.01,0,66,0,243.584,1740,0,0,0,4,16,None
rope_stress,4.01,0,66,0,243.382,1740,0,0,0,4,16,None
rope_stress,5.02,0,66,0,243.088,1740,0,0,0,4,16,None
rope_stress,6.02,0,66,0,244.057,1740,0,0,0,4,16,None
rope_stress,7.02,0,66,0,244.037,1740,0,0,0,4,16,None
rope_stress,8.03,0,66,0,243.916,1740,0,0,0,4,16,None
rope_stress,9.03,0,66,0,243.899,1740,0,0,0,4,16,None
rope_stress,10.03,0,66,0,243.993,1740,0,0,0,4,16,None
rope_stress,11.04,0,66,0,243.909,1740,0,0,0,4,16,None
rope_stress,12.04,0,66,0,243.608,1740,0,0,0,4,16,None
rope_stress,13.04,0,66,0,243.898,1740,0,0,0,4,16,None
rope_stress,14.05,0,66,0,244.248,1740,0,0,0,4,16,None
rope_stress,15.05,0,66,0,244.019,1740,0,0,0,4,16,None
rope_stress,16.05,0,66,0,243.651,1740,0,0,0,4,16,None
rope_stress,17.06,0,66,0,243.987,1740,0,0,0,4,16,None
rope_stress,18.06,0,66,0,244.183,1740,0,0,0,4,16,None
rope_stress,19.06,0,66,0,244.013,1740,0,0,0,4,16,None
rope_stress,20.07,0,66,0,243.647,1740,0,0,0,4,16,None
rope_stress,21.07,0,66,0,243.716,1740,0,0,0,4,16,None
rope_stress,22.07,0,66,0,243.684,1740,0,0,0,4,16,None
rope_stress,23.08,0,66,0,243.563,1740,0,0,0,4,16,None
rope_stress,24.08,0,66,0,243.969,1740,0,0,0,4,16,None
rope_stress,25.08,0,66,0,244.189,1740,0,0,0,4,16,None
rope_stress,26.09,0,66,0,243.651,1740,0,0,0,4,16,None
rope_stress,27.09,0,66,0,243.955,1740,0,0,0,4,16,None
rope_stress,28.09,0,66,0,243.899,1740,0,0,0,4,16,None
rope_stress,29.1,0,66,0,243.79,1740,0,0,0,4,16,None
rope_stress,30.1,0,66,0,244.007,1740,0,0,0,4,16,None
rope_stress,31.1,0,66,0,243.684,1740,0,0,0,4,16,None
rope_stress,32.11,0,66,0,243.752,1740,0,0,0,4,16,None
rope_stress,33.11,0,66,0,244.148,1740,0,0,0,4,16,None
rope_stress,34.11,0,66,0,243.69,1740,0,0,0,4,16,None
rope_stress,35.12,0,66,0,244.157,1740,0,0,0,4,16,None
rope_stress,36.12,0,66,0,243.834,1740,0,0,0,4,16,None
rope_stress,37.12,0,66,0,243.96,1740,0,0,0,4,16,None
rope_stress,38.13,0,66,0,244.324,1740,0,0,0,4,16,None
rope_stress,39.13,0,66,0,243.996,1740,0,0,0,4,16,None
rope_stress,40.13,0,66,0,243.904,1740,0,0,0,4,16,None
rope_stress,41.14,0,66,0,243.883,1740,0,0,0,4,16,None
rope_stress,42.14,0,66,0,243.861,1740,0,0,0,4,16,None
rope_stress,43.15,0,66,0,244.033,1740,0,0,0,4,16,None
rope_stress,44.15,0,66,0,243.842,1740,0,0,0,4,16,None
rope_stress,45.15,0,66,0,244.034,1740,0,0,0,4,16,None
rope_stress,46.16,0,66,0,244.072,1740,0,0,0,4,16,None
rope_stress,47.16,0,66,0,243.872,1740,0,0,0,4,16,None
rope_stress,48.16,0,66,0,243.942,1740,0,0,0,4,16,None
rope_stress,49.17,0,66,0,244.09,1740,0,0,0,4,16,None
rope_stress,50.17,0,66,0,244.21,1740,0,0,0,4,16,None
rope_stress,51.17,0,66,0,244.089,1740,0,0,0,4,16,None
rope_stress,52.18,0,66,0,243.934,1740,0,0,0,4,16,None
rope_stress,53.18,0,66,0,244.304,1740,0,0,0,4,16,None
rope_stress,54.18,0,66,0,244.395,1740,0,0,0,4,16,None
rope_stress,55.19,0,66,0,243.881,1740,0,0,0,4,16,None
rope_stress,56.19,0,66,0,243.919,1740,0,0,0,4,16,None
rope_stress,57.19,0,66,0,243.537,1740,0,0,0,4,16,None
rope_stress,58.2,0,66,0,243.737,1740,0,0,0,4,16,None
rope_stress,59.2,0,66,0,244.398,1740,0,0,0,4,16,None
rope_stress,60.2,0,66,0,244.604,1740,0,0,0,4,16,None
rope_stress,61.21,0,66,0,244.322,1740,0,0,0,4,16,None
rope_stress,62.21,0,66,0,244.281,1740,0,0,0,4,16,None
rope_stress,63.21,0,66,0,244.133,1740,0,0,0,4,16,None
rope_stress,64.22,0,66,0,244.116,1740,0,0,0,4,16,None
rope_stress,65.22,0,66,0,243.863,1740,0,0,0,4,16,None
rope_stress,66.22,0,66,0,243.769,1740,0,0,0,4,16,None
rope_stress,67.23,0,66,0,243.975,1740,0,0,0,4,16,None
rope_stress,68.23,0,66,0,243.981,1740,0,0,0,4,16,None
rope_stress,69.23,0,66,0,243.905,1740,0,0,0,4,16,None
rope_stress,70.24,0,66,0,243.963,1740,0,0,0,4,16,None
rope_stress,71.24,0,66,0,244.195,1740,0,0,0,4,16,None
rope_stress,72.24,0,66,0,243.766,1740,0,0,0,4,16,None
rope_stress,73.25,0,66,0,243.948,1740,0,0,0,4,16,None
rope_stress,74.25,0,66,0,243.725,1740,0,0,0,4,16,None
rope_stress,75.25,0,66,0,244.086,1740,0,0,0,4,16,None
rope_stress,76.26,0,66,0,243.848,1740,0,0,0,4,16,None
rope_stress,77.26,0,66,0,244.045,1740,0,0,0,4,16,None
rope_stress,78.26,0,66,0,244.621,1740,0,0,0,4,16,None
rope_stress,79.27,0,66,0,244.154,1740,0,0,0,4,16,None
rope_stress,80.27,0,66,0,244.26,1740,0,0,0,4,16,None
rope_stress,81.27,0,66,0,243.716,1740,0,0,0,4,16,None
rope_stress,82.28,0,66,0,243.966,1740,0,0,0,4,16,None
rope_stress,83.28,0,66,0,244.847,1740,0,0,0,4,16,None
rope_stress,84.28,0,66,0,244.585,1740,0,0,0,4,16,None
rope_stress,85.29,0,66,0,244.627,1740,0,0,0,4,16,None
rope_stress,86.29,0,66,0,243.617,1740,0,0,0,4,16,None
rope_stress,87.29,0,66,0,244.433,1740,0,0,0,4,16,None
rope_stress,88.29,0,66,0,243.514,1740,0,0,0,4,16,None
rope_stress,89.3,0,66,0,244.063,1740,0,0,0,4,16,None
rope_stress,90.3,0,66,0,244.43,1740,0,0,0,4,16,None
rope_stress,91.3,0,66,0,243.899,1740,0,0,0,4,16,None
rope_stress,92.31,0,66,0,244.057,1740,0,0,0,4,16,None
rope_stress,93.31,0,66,0,244.057,1740,0,0,0,4,16,None
rope_stress,94.31,0,66,0,244.142,1740,0,0,0,4,16,None
rope_stress,95.32,0,66,0,243.734,1740,0,0,0,4,16,None
rope_stress,96.32,0,66,0,244.21,1740,0,0,0,4,16,None
rope_stress,97.32,0,66,0,243.99,1740,0,0,0,4,16,None
rope_stress,98.33,0,66,0,244.281,1740,0,0,0,4,16,None
rope_stress,99.33,0,66,0,243.91,1740,0,0,0,4,16,None
rope_stress,100.33,0,66,0,243.743,1740,0,0,0,4,16,None
rope_stress,101.34,0,66,0,244.034,1740,0,0,0,4,16,None
rope_stress,102.34,0,66,0,244.057,1740,0,0,0,4,16,None
rope_stress,103.34,0,66,0,244.219,1740,0,0,0,4,16,None
rope_stress,104.35,0,66,0,244.213,1740,0,0,0,4,16,None
rope_stress,105.35,0,66,0,244.057,1740,0,0,0,4,16,None
rope_stress,106.35,0,66,0,243.834,1740,0,0,0,4,16,None
rope_stress,107.36,0,66,0,243.937,1740,0,0,0,4,16,None
rope_stress,108.36,0,66,0,244.043,1740,0,0,0,4,16,None
rope_stress,109.36,0,66,0,244.539,1740,0,0,0,4,16,None
rope_stress,110.36,0,66,0,243.854,1740,0,0,0,4,16,None
rope_stress,111.37,0,66,0,244.198,1740,0,0,0,4,16,None
rope_stress,112.37,0,66,0,244.251,1740,0,0,0,4,16,None
rope_stress,113.37,0,66,0,244.148,1740,0,0,0,4,16,None
rope_stress,114.38,0,66,0,244.089,1740,0,0,0,4,16,None
rope_stress,115.38,0,66,0,243.995,1740,0,0,0,4,16,None
rope_stress,116.38,0,66,0,244.093,1740,0,0,0,4,16,None
rope_stress,117.39,0,66,0,244.145,1740,0,0,0,4,16,None
rope_stress,118.39,0,66,0,243.766,1740,0,0,0,4,16,None
rope_stress,119.39,0,66,0,243.972,1740,0,0,0,4,16,None
rope_stress,120.4,0,66,0,243.922,1740,0,0,0,4,16,None
quantized_gemm,0.0,0,62,0,150.797,1740,0,0,0,4,16,None
quantized_gemm,1.0,0,65,0,194.883,1740,0,0,0,4,16,None
quantized_gemm,2.01,0,65,0,243.787,1740,0,0,0,4,16,None
quantized_gemm,3.01,0,66,0,244.342,1740,0,0,0,4,16,None
quantized_gemm,4.01,0,66,0,244.013,1740,0,0,0,4,16,None
quantized_gemm,5.02,0,66,0,244.184,1740,0,0,0,4,16,None
quantized_gemm,6.02,0,66,0,244.333,1740,0,0,0,4,16,None
quantized_gemm,7.02,0,66,0,244.747,1740,0,0,0,4,16,None
quantized_gemm,8.03,0,66,0,244.539,1740,0,0,0,4,16,None
quantized_gemm,9.03,0,66,0,244.104,1740,0,0,0,4,16,None
quantized_gemm,10.03,0,66,0,244.486,1740,0,0,0,4,16,None
quantized_gemm,11.04,0,66,0,244.348,1740,0,0,0,4,16,None
quantized_gemm,12.04,0,66,0,244.375,1740,0,0,0,4,16,None
quantized_gemm,13.05,0,66,0,244.543,1740,0,0,0,4,16,None
quantized_gemm,14.05,0,66,0,244.601,1740,0,0,0,4,16,None
quantized_gemm,15.05,0,66,0,244.933,1740,0,0,0,4,16,None
quantized_gemm,16.06,0,66,0,244.718,1740,0,0,0,4,16,None
quantized_gemm,17.06,0,66,0,244.231,1740,0,0,0,4,16,None
quantized_gemm,18.06,0,66,0,244.839,1740,0,0,0,4,16,None
quantized_gemm,19.07,0,66,0,244.116,1740,0,0,0,4,16,None
quantized_gemm,20.07,0,66,0,244.45,1740,0,0,0,4,16,None
quantized_gemm,21.07,0,66,0,244.472,1740,0,0,0,4,16,None
quantized_gemm,22.08,0,66,0,244.507,1740,0,0,0,4,16,None
quantized_gemm,23.08,0,66,0,244.484,1740,0,0,0,4,16,None
quantized_gemm,24.08,0,66,0,244.545,1740,0,0,0,4,16,None
quantized_gemm,25.09,0,66,0,244.093,1740,0,0,0,4,16,None
quantized_gemm,26.09,0,66,0,244.272,1740,0,0,0,4,16,None
quantized_gemm,27.09,0,66,0,244.407,1740,0,0,0,4,16,None
quantized_gemm,28.09,0,66,0,244.501,1740,0,0,0,4,16,None
quantized_gemm,29.1,0,66,0,244.848,1740,0,0,0,4,16,None
quantized_gemm,30.1,0,66,0,244.531,1740,0,0,0,4,16,None
quantized_gemm,31.1,0,66,0,245.25,1740,0,0,0,4,16,None
quantized_gemm,32.11,0,66,0,244.554,1740,0,0,0,4,16,None
quantized_gemm,33.11,0,66,0,245.106,1740,0,0,0,4,16,None
quantized_gemm,34.11,0,66,0,244.595,1740,0,0,0,4,16,None
quantized_gemm,35.12,0,66,0,244.545,1740,0,0,0,4,16,None
quantized_gemm,36.12,0,66,0,244.948,1740,0,0,0,4,16,None
quantized_gemm,37.12,0,66,0,244.545,1740,0,0,0,4,16,None
quantized_gemm,38.13,0,66,0,244.821,1740,0,0,0,4,16,None
quantized_gemm,39.13,0,66,0,244.71,1740,0,0,0,4,16,None
quantized_gemm,40.13,0,66,0,244.407,1740,0,0,0,4,16,None
quantized_gemm,41.14,0,66,0,244.331,1740,0,0,0,4,16,None
quantized_gemm,42.14,0,66,0,244.671,1740,0,0,0,4,16,None
quantized_gemm,43.14,0,66,0,244.733,1740,0,0,0,4,16,None
quantized_gemm,44.15,0,66,0,244.66,1740,0,0,0,4,16,None
quantized_gemm,45.15,0,66,0,244.413,1740,0,0,0,4,16,None
quantized_gemm,46.15,0,66,0,244.886,1740,0,0,0,4,16,None
quantized_gemm,47.16,0,66,0,244.463,1740,0,0,0,4,16,None
quantized_gemm,48.16,0,66,0,244.665,1740,0,0,0,4,16,None
quantized_gemm,49.16,0,66,0,245.418,1740,0,0,0,4,16,None
quantized_gemm,50.16,0,66,0,244.927,1740,0,0,0,4,16,None
quantized_gemm,51.17,0,66,0,245.041,1740,0,0,0,4,16,None
quantized_gemm,52.17,0,66,0,244.865,1740,0,0,0,4,16,None
quantized_gemm,53.17,0,66,0,244.58,1740,0,0,0,4,16,None
quantized_gemm,54.18,0,66,0,244.736,1740,0,0,0,4,16,None
quantized_gemm,55.18,0,66,0,244.695,1740,0,0,0,4,16,None
quantized_gemm,56.18,0,66,0,244.689,1740,0,0,0,4,16,None
quantized_gemm,57.19,0,66,0,245.051,1740,0,0,0,4,16,None
quantized_gemm,58.19,0,66,0,245.077,1740,0,0,0,4,16,None
quantized_gemm,59.19,0,66,0,244.56,1740,0,0,0,4,16,None
quantized_gemm,60.2,0,66,0,244.524,1740,0,0,0,4,16,None
quantized_gemm,61.2,0,66,0,244.877,1740,0,0,0,4,16,None
quantized_gemm,62.2,0,66,0,244.897,1740,0,0,0,4,16,None
quantized_gemm,63.21,0,66,0,244.615,1740,0,0,0,4,16,None
quantized_gemm,64.21,0,66,0,244.551,1740,0,0,0,4,16,None
quantized_gemm,65.21,0,66,0,244.533,1740,0,0,0,4,16,None
quantized_gemm,66.22,0,66,0,245.147,1740,0,0,0,4,16,None
quantized_gemm,67.22,0,66,0,245.288,1740,0,0,0,4,16,None
quantized_gemm,68.22,0,66,0,245.318,1740,0,0,0,4,16,None
quantized_gemm,69.23,0,66,0,245.159,1740,0,0,0,4,16,None
quantized_gemm,70.23,0,66,0,244.916,1740,0,0,0,4,16,None
quantized_gemm,71.23,0,66,0,245.042,1740,0,0,0,4,16,None
quantized_gemm,72.24,0,66,0,245.829,1740,0,0,0,4,16,None
quantized_gemm,73.24,0,66,0,245.068,1740,0,0,0,4,16,None
quantized_gemm,74.24,0,66,0,245.086,1740,0,0,0,4,16,None
quantized_gemm,75.25,0,66,0,244.991,1740,0,0,0,4,16,None
quantized_gemm,76.25,0,66,0,244.998,1740,0,0,0,4,16,None
quantized_gemm,77.25,0,66,0,245.08,1740,0,0,0,4,16,None
quantized_gemm,78.26,0,66,0,245.35,1740,0,0,0,4,16,None
quantized_gemm,79.26,0,66,0,244.733,1740,0,0,0,4,16,None
quantized_gemm,80.26,0,66,0,244.498,1740,0,0,0,4,16,None
quantized_gemm,81.27,0,66,0,244.994,1740,0,0,0,4,16,None
quantized_gemm,82.27,0,66,0,244.965,1740,0,0,0,4,16,None
quantized_gemm,83.27,0,66,0,245.268,1740,0,0,0,4,16,None
quantized_gemm,84.28,0,66,0,244.721,1740,0,0,0,4,16,None
quantized_gemm,85.28,0,66,0,245.118,1740,0,0,0,4,16,None
quantized_gemm,86.28,0,66,0,244.838,1740,0,0,0,4,16,None
quantized_gemm,87.29,0,66,0,245.044,1740,0,0,0,4,16,None
quantized_gemm,88.29,0,66,0,245.045,1740,0,0,0,4,16,None
quantized_gemm,89.29,0,66,0,244.927,1740,0,0,0,4,16,None
quantized_gemm,90.3,0,66,0,244.865,1740,0,0,0,4,16,None
quantized_gemm,91.3,0,66,0,244.439,1740,0,0,0,4,16,None
quantized_gemm,92.3,0,66,0,244.78,1740,0,0,0,4,16,None
quantized_gemm,93.31,0,66,0,245.511,1740,0,0,0,4,16,None
quantized_gemm,94.31,0,66,0,245.015,1740,0,0,0,4,16,None
quantized_gemm,95.31,0,66,0,245.091,1740,0,0,0,4,16,None
quantized_gemm,96.32,0,66,0,245.185,1740,0,0,0,4,16,None
quantized_gemm,97.32,0,66,0,245.394,1740,0,0,0,4,16,None
quantized_gemm,98.32,0,66,0,244.944,1740,0,0,0,4,16,None
quantized_gemm,99.32,0,66,0,245.041,1740,0,0,0,4,16,None
quantized_gemm,100.33,0,66,0,245.168,1740,0,0,0,4,16,None
quantized_gemm,101.34,0,66,0,244.974,1740,0,0,0,4,16,None
quantized_gemm,102.34,0,66,0,245.05,1740,0,0,0,4,16,None
quantized_gemm,103.35,0,66,0,245.482,1740,0,0,0,4,16,None
quantized_gemm,104.35,0,66,0,244.754,1740,0,0,0,4,16,None
quantized_gemm,105.35,0,66,0,244.929,1740,0,0,0,4,16,None
quantized_gemm,106.36,0,66,0,245.376,1740,0,0,0,4,16,None
quantized_gemm,107.36,0,66,0,245.024,1740,0,0,0,4,16,None
quantized_gemm,108.36,0,66,0,245.182,1740,0,0,0,4,16,None
quantized_gemm,109.37,0,66,0,245.285,1740,0,0,0,4,16,None
quantized_gemm,110.37,0,66,0,244.664,1740,0,0,0,4,16,None
quantized_gemm,111.37,0,66,0,244.812,1740,0,0,0,4,16,None
quantized_gemm,112.38,0,66,0,244.753,1740,0,0,0,4,16,None
quantized_gemm,113.38,0,66,0,244.345,1740,0,0,0,4,16,None
quantized_gemm,114.38,0,66,0,244.944,1740,0,0,0,4,16,None
quantized_gemm,115.39,0,66,0,244.85,1740,0,0,0,4,16,None
quantized_gemm,116.39,0,66,0,245.132,1740,0,0,0,4,16,None
quantized_gemm,117.39,0,66,0,245.041,1740,0,0,0,4,16,None
quantized_gemm,118.4,0,66,0,245.485,1740,0,0,0,4,16,None
quantized_gemm,119.4,0,66,0,245.452,1740,0,0,0,4,16,None
quantized_gemm,120.4,0,66,0,245.212,1740,0,0,0,4,16,None
serving_mix,0.0,0,62,0,151.751,1740,0,0,0,4,16,None
serving_mix,1.01,0,65,0,193.628,1740,0,0,0,4,16,None
serving_mix,2.01,0,66,0,243.699,1740,0,0,0,4,16,None
serving_mix,3.01,0,66,0,244.471,1740,0,0,0,4,16,None
serving_mix,4.01,0,66,0,244.442,1740,0,0,0,4,16,None
serving_mix,5.02,0,66,0,244.75,1740,0,0,0,4,16,None
serving_mix,6.02,0,66,0,244.797,1740,0,0,0,4,16,None
serving_mix,7.02,0,66,0,244.539,1740,0,0,0,4,16,None
serving_mix,8.03,0,66,0,244.83,1740,0,0,0,4,16,None
serving_mix,9.03,0,66,0,244.762,1740,0,0,0,4,16,None
serving_mix,10.03,0,66,0,244.791,1740,0,0,0,4,16,None
serving_mix,11.04,0,66,0,244.662,1740,0,0,0,4,16,None
serving_mix,12.04,0,66,0,244.565,1740,0,0,0,4,16,None
serving_mix,13.04,0,66,0,245.041,1740,0,0,0,4,16,None
serving_mix,14.05,0,66,0,244.803,1740,0,0,0,4,16,None
serving_mix,15.05,0,66,0,244.888,1740,0,0,0,4,16,None
serving_mix,16.05,0,66,0,245.3,1740,0,0,0,4,16,None
serving_mix,17.06,0,66,0,244.841,1740,0,0,0,4,16,None
serving_mix,18.06,0,66,0,244.809,1740,0,0,0,4,16,None
serving_mix,19.06,0,66,0,245.036,1740,0,0,0,4,16,None
serving_mix,20.07,0,66,0,244.609,1740,0,0,0,4,16,None
serving_mix,21.07,0,66,0,244.876,1740,0,0,0,4,16,None
serving_mix,22.07,0,66,0,244.404,1740,0,0,0,4,16,None
serving_mix,23.08,0,66,0,244.957,1740,0,0,0,4,16,None
serving_mix,24.08,0,66,0,244.544,1740,0,0,0,4,16,None
serving_mix,25.08,0,66,0,245.185,1740,0,0,0,4,16,None
serving_mix,26.09,0,66,0,244.853,1740,0,0,0,4,16,None
serving_mix,27.09,0,66,0,244.43,1740,0,0,0,4,16,None
serving_mix,28.09,0,66,0,245.217,1740,0,0,0,4,16,None
serving_mix,29.1,0,66,0,244.474,1740,0,0,0,4,16,None
serving_mix,30.1,0,66,0,244.533,1740,0,0,0,4,16,None
serving_mix,31.1,0,66,0,245.082,1740,0,0,0,4,16,None
serving_mix,32.11,0,66,0,244.995,1740,0,0,0,4,16,None
serving_mix,33.11,0,66,0,244.754,1740,0,0,0,4,16,None
serving_mix,34.11,0,66,0,244.973,1740,0,0,0,4,16,None
serving_mix,35.12,0,66,0,244.806,1740,0,0,0,4,16,None
serving_mix,36.12,0,66,0,244.677,1740,0,0,0,4,16,None
serving_mix,37.12,0,66,0,245.232,1740,0,0,0,4,16,None
serving_mix,38.13,0,66,0,244.841,1740,0,0,0,4,16,None
serving_mix,39.13,0,66,0,245.135,1740,0,0,0,4,16,None
serving_mix,40.13,0,66,0,244.568,1740,0,0,0,4,16,None
serving_mix,41.14,0,66,0,245.067,1740,0,0,0,4,16,None
serving_mix,42.14,0,66,0,244.909,1740,0,0,0,4,16,None
serving_mix,43.14,0,66,0,244.965,1740,0,0,0,4,16,None
serving_mix,44.15,0,66,0,245.077,1740,0,0,0,4,16,None
serving_mix,45.15,0,66,0,244.48,1740,0,0,0,4,16,None
serving_mix,46.15,0,66,0,244.623,1740,0,0,0,4,16,None
serving_mix,47.16,0,66,0,244.691,1740,0,0,0,4,16,None
serving_mix,48.16,0,66,0,244.962,1740,0,0,0,4,16,None
serving_mix,49.16,0,66,0,245.446,1740,0,0,0,4,16,None
serving_mix,50.17,0,66,0,244.962,1740,0,0,0,4,16,None
serving_mix,51.17,0,66,0,244.72,1740,0,0,0,4,16,None
serving_mix,52.17,0,66,0,244.791,1740,0,0,0,4,16,None
serving_mix,53.18,0,66,0,244.777,1740,0,0,0,4,16,None
serving_mix,54.18,0,66,0,245.097,1740,0,0,0,4,16,None
serving_mix,55.18,0,66,0,244.995,1740,0,0,0,4,16,None
serving_mix,56.19,0,66,0,245.194,1740,0,0,0,4,16,None
serving_mix,57.19,0,66,0,245.212,1740,0,0,0,4,16,None
serving_mix,58.19,0,66,0,244.533,1740,0,0,0,4,16,None
serving_mix,59.2,0,66,0,244.633,1740,0,0,0,4,16,None
serving_mix,60.2,0,66,0,245.282,1740,0,0,0,4,16,None
serving_mix,61.21,0,66,0,245.032,1740,0,0,0,4,16,None
serving_mix,62.21,0,66,0,245.076,1740,0,0,0,4,16,None
serving_mix,63.21,0,66,0,244.744,1740,0,0,0,4,16,None
serving_mix,64.22,0,66,0,245.044,1740,0,0,0,4,16,None
serving_mix,65.22,0,66,0,244.736,1740,0,0,0,4,16,None
serving_mix,66.22,0,66,0,245.1,1740,0,0,0,4,16,None
serving_mix,67.22,0,66,0,245.073,1740,0,0,0,4,16,None
serving_mix,68.23,0,66,0,245.097,1740,0,0,0,4,16,None
serving_mix,69.23,0,66,0,245.091,1740,0,0,0,4,16,None
serving_mix,70.24,0,66,0,244.997,1740,0,0,0,4,16,None
serving_mix,71.24,0,66,0,245.121,1740,0,0,0,4,16,None
serving_mix,72.24,0,66,0,244.947,1740,0,0,0,4,16,None
serving_mix,73.25,0,66,0,245.282,1740,0,0,0,4,16,None
serving_mix,74.25,0,66,0,244.985,1740,0,0,0,4,16,None
serving_mix,75.25,0,66,0,244.848,1740,0,0,0,4,16,None
serving_mix,76.25,0,66,0,244.858,1740,0,0,0,4,16,None
serving_mix,77.26,0,66,0,244.709,1740,0,0,0,4,16,None
serving_mix,78.26,0,66,0,244.853,1740,0,0,0,4,16,None
serving_mix,79.26,0,66,0,245.458,1740,0,0,0,4,16,None
serving_mix,80.27,0,66,0,245.183,1740,0,0,0,4,16,None
serving_mix,81.27,0,66,0,244.956,1740,0,0,0,4,16,None
serving_mix,82.27,0,66,0,244.751,1740,0,0,0,4,16,None
serving_mix,83.28,0,66,0,245.174,1740,0,0,0,4,16,None
serving_mix,84.28,0,66,0,245.021,1740,0,0,0,4,16,None
serving_mix,85.28,0,66,0,245.121,1740,0,0,0,4,16,None
serving_mix,86.29,0,66,0,245.0,1740,0,0,0,4,16,None
serving_mix,87.29,0,66,0,244.829,1740,0,0,0,4,16,None
serving_mix,88.29,0,66,0,245.074,1740,0,0,0,4,16,None
serving_mix,89.3,0,66,0,244.958,1740,0,0,0,4,16,None
serving_mix,90.3,0,66,0,244.859,1740,0,0,0,4,16,None
serving_mix,91.3,0,66,0,245.25,1740,0,0,0,4,16,None
serving_mix,92.31,0,66,0,245.302,1740,0,0,0,4,16,None
serving_mix,93.31,0,66,0,244.977,1740,0,0,0,4,16,None
serving_mix,94.31,0,66,0,244.451,1740,0,0,0,4,16,None
serving_mix,95.32,0,66,0,244.717,1740,0,0,0,4,16,None
serving_mix,96.32,0,66,0,245.064,1740,0,0,0,4,16,None
serving_mix,97.32,0,66,0,245.132,1740,0,0,0,4,16,None
serving_mix,98.33,0,66,0,244.733,1740,0,0,0,4,16,None
serving_mix,99.33,0,66,0,244.962,1740,0,0,0,4,16,None
serving_mix,100.33,0,66,0,245.03,1740,0,0,0,4,16,None
serving_mix,101.34,0,66,0,244.932,1740,0,0,0,4,16,None
serving_mix,102.34,0,66,0,245.22,1740,0,0,0,4,16,None
serving_mix,103.34,0,66,0,245.053,1740,0,0,0,4,16,None
serving_mix,104.35,0,66,0,244.756,1740,0,0,0,4,16,None
serving_mix,105.35,0,67,0,245.87,1740,0,0,0,4,16,None
serving_mix,106.35,0,66,0,244.959,1740,0,0,0,4,16,None
serving_mix,107.39,0,66,0,245.323,1740,0,0,0,4,16,None
serving_mix,108.39,0,66,0,245.623,1740,0,0,0,4,16,None
serving_mix,109.39,0,66,0,245.214,1740,0,0,0,4,16,None
serving_mix,110.4,0,67,0,245.53,1740,0,0,0,4,16,None
serving_mix,111.4,0,66,0,244.902,1740,0,0,0,4,16,None
serving_mix,112.4,0,67,0,245.513,1740,0,0,0,4,16,None
serving_mix,113.41,0,67,0,245.141,1740,0,0,0,4,16,None
serving_mix,114.41,0,66,0,245.047,1740,0,0,0,4,16,None
serving_mix,115.41,0,66,0,244.88,1740,0,0,0,4,16,None
serving_mix,116.42,0,66,0,244.965,1740,0,0,0,4,16,None
serving_mix,117.42,0,67,0,245.212,1740,0,0,0,4,16,None
serving_mix,118.42,0,66,0,245.649,1740,0,0,0,4,16,None
serving_mix,119.43,0,67,0,245.45,1740,0,0,0,4,16,None
serving_mix,120.43,0,67,0,245.385,1740,0,0,0,4,16,None
speculative_decode,0.0,0,62,0,139.86,1740,0,0,0,4,16,None
speculative_decode,1.0,0,65,0,194.444,1740,0,0,0,4,16,None
speculative_decode,2.01,0,66,0,242.746,1740,0,0,0,4,16,None
speculative_decode,3.01,0,66,0,243.287,1740,0,0,0,4,16,None
speculative_decode,4.01,0,66,0,243.085,1740,0,0,0,4,16,None
speculative_decode,5.02,0,66,0,243.91,1740,0,0,0,4,16,None
speculative_decode,6.02,0,66,0,243.328,1740,0,0,0,4,16,None
speculative_decode,7.02,0,66,0,243.59,1740,0,0,0,4,16,None
speculative_decode,8.03,0,66,0,243.35,1740,0,0,0,4,16,None
speculative_decode,9.03,0,66,0,243.411,1740,0,0,0,4,16,None
speculative_decode,10.03,0,66,0,243.464,1740,0,0,0,4,16,None
speculative_decode,11.04,0,66,0,243.346,1740,0,0,0,4,16,None
speculative_decode,12.04,0,66,0,243.557,1740,0,0,0,4,16,None
speculative_decode,13.04,0,66,0,243.411,1740,0,0,0,4,16,None
speculative_decode,14.04,0,66,0,243.437,1740,0,0,0,4,16,None
speculative_decode,15.05,0,66,0,243.678,1740,0,0,0,4,16,None
speculative_decode,16.05,0,66,0,243.537,1740,0,0,0,4,16,None
speculative_decode,17.05,0,66,0,243.534,1740,0,0,0,4,16,None
speculative_decode,18.06,0,66,0,243.49,1740,0,0,0,4,16,None
speculative_decode,19.06,0,66,0,243.502,1740,0,0,0,4,16,None
speculative_decode,20.06,0,66,0,243.669,1740,0,0,0,4,16,None
speculative_decode,21.07,0,66,0,243.713,1740,0,0,0,4,16,None
speculative_decode,22.07,0,66,0,243.722,1740,0,0,0,4,16,None
speculative_decode,23.07,0,66,0,243.687,1740,0,0,0,4,16,None
speculative_decode,24.08,0,66,0,243.54,1740,0,0,0,4,16,None
speculative_decode,25.08,0,66,0,243.904,1740,0,0,0,4,16,None
speculative_decode,26.08,0,66,0,243.763,1740,0,0,0,4,16,None
speculative_decode,27.09,0,66,0,243.357,1740,0,0,0,4,16,None
speculative_decode,28.09,0,66,0,243.578,1740,0,0,0,4,16,None
speculative_decode,29.09,0,66,0,243.308,1740,0,0,0,4,16,None
speculative_decode,30.1,0,66,0,243.81,1740,0,0,0,4,16,None
speculative_decode,31.1,0,66,0,243.583,1740,0,0,0,4,16,None
speculative_decode,32.1,0,66,0,243.493,1740,0,0,0,4,16,None
speculative_decode,33.11,0,66,0,243.57,1740,0,0,0,4,16,None
speculative_decode,34.11,0,66,0,243.443,1740,0,0,0,4,16,None
speculative_decode,35.11,0,66,0,243.446,1740,0,0,0,4,16,None
speculative_decode,36.12,0,66,0,243.437,1740,0,0,0,4,16,None
speculative_decode,37.12,0,66,0,243.283,1740,0,0,0,4,16,None
speculative_decode,38.12,0,66,0,243.905,1740,0,0,0,4,16,None
speculative_decode,39.13,0,66,0,243.989,1740,0,0,0,4,16,None
speculative_decode,40.13,0,66,0,243.781,1740,0,0,0,4,16,None
speculative_decode,41.13,0,66,0,243.713,1740,0,0,0,4,16,None
speculative_decode,42.14,0,66,0,243.808,1740,0,0,0,4,16,None
speculative_decode,43.14,0,66,0,243.446,1740,0,0,0,4,16,None
speculative_decode,44.14,0,66,0,243.531,1740,0,0,0,4,16,None
speculative_decode,45.15,0,66,0,243.234,1740,0,0,0,4,16,None
speculative_decode,46.15,0,66,0,243.746,1740,0,0,0,4,16,None
speculative_decode,47.15,0,66,0,243.699,1740,0,0,0,4,16,None
speculative_decode,48.16,0,66,0,244.021,1740,0,0,0,4,16,None
speculative_decode,49.16,0,66,0,244.066,1740,0,0,0,4,16,None
speculative_decode,50.16,0,66,0,243.754,1740,0,0,0,4,16,None
speculative_decode,51.16,0,66,0,243.59,1740,0,0,0,4,16,None
speculative_decode,52.17,0,66,0,243.443,1740,0,0,0,4,16,None
speculative_decode,53.17,0,66,0,243.713,1740,0,0,0,4,16,None
speculative_decode,54.17,0,66,0,243.29,1740,0,0,0,4,16,None
speculative_decode,55.18,0,66,0,243.316,1740,0,0,0,4,16,None
speculative_decode,56.18,0,66,0,243.743,1740,0,0,0,4,16,None
speculative_decode,57.18,0,66,0,243.764,1740,0,0,0,4,16,None
speculative_decode,58.19,0,66,0,243.878,1740,0,0,0,4,16,None
speculative_decode,59.19,0,66,0,243.305,1740,0,0,0,4,16,None
speculative_decode,60.19,0,66,0,243.874,1740,0,0,0,4,16,None
speculative_decode,61.2,0,66,0,243.816,1740,0,0,0,4,16,None
speculative_decode,62.2,0,66,0,243.669,1740,0,0,0,4,16,None
speculative_decode,63.2,0,66,0,244.06,1740,0,0,0,4,16,None
speculative_decode,64.21,0,66,0,243.981,1740,0,0,0,4,16,None
speculative_decode,65.21,0,66,0,243.566,1740,0,0,0,4,16,None
speculative_decode,66.21,0,66,0,243.384,1740,0,0,0,4,16,None
speculative_decode,67.22,0,66,0,243.774,1740,0,0,0,4,16,None
speculative_decode,68.22,0,66,0,244.007,1740,0,0,0,4,16,None
speculative_decode,69.22,0,66,0,243.881,1740,0,0,0,4,16,None
speculative_decode,70.23,0,66,0,243.231,1740,0,0,0,4,16,None
speculative_decode,71.23,0,66,0,243.546,1740,0,0,0,4,16,None
speculative_decode,72.23,0,66,0,243.463,1740,0,0,0,4,16,None
speculative_decode,73.24,0,66,0,244.127,1740,0,0,0,4,16,None
speculative_decode,74.24,0,66,0,243.413,1740,0,0,0,4,16,None
speculative_decode,75.24,0,66,0,243.584,1740,0,0,0,4,16,None
speculative_decode,76.25,0,66,0,243.684,1740,0,0,0,4,16,None
speculative_decode,77.25,0,66,0,243.434,1740,0,0,0,4,16,None
speculative_decode,78.26,0,66,0,243.731,1740,0,0,0,4,16,None
speculative_decode,79.26,0,66,0,244.319,1740,0,0,0,4,16,None
speculative_decode,80.26,0,66,0,243.746,1740,0,0,0,4,16,None
speculative_decode,81.27,0,66,0,243.46,1740,0,0,0,4,16,None
speculative_decode,82.27,0,66,0,243.526,1740,0,0,0,4,16,None
speculative_decode,83.27,0,66,0,243.752,1740,0,0,0,4,16,None
speculative_decode,84.28,0,66,0,243.143,1740,0,0,0,4,16,None
speculative_decode,85.28,0,66,0,243.755,1740,0,0,0,4,16,None
speculative_decode,86.28,0,66,0,243.81,1740,0,0,0,4,16,None
speculative_decode,87.29,0,66,0,243.587,1740,0,0,0,4,16,None
speculative_decode,88.29,0,66,0,243.384,1740,0,0,0,4,16,None
speculative_decode,89.29,0,66,0,243.395,1740,0,0,0,4,16,None
speculative_decode,90.3,0,66,0,243.566,1740,0,0,0,4,16,None
speculative_decode,91.3,0,66,0,243.867,1740,0,0,0,4,16,None
speculative_decode,92.3,0,66,0,243.711,1740,0,0,0,4,16,None
speculative_decode,93.3,0,66,0,243.155,1740,0,0,0,4,16,None
speculative_decode,94.31,0,66,0,243.793,1740,0,0,0,4,16,None
speculative_decode,95.31,0,66,0,243.587,1740,0,0,0,4,16,None
speculative_decode,96.31,0,66,0,243.514,1740,0,0,0,4,16,None
speculative_decode,97.32,0,66,0,243.54,1740,0,0,0,4,16,None
speculative_decode,98.32,0,66,0,244.005,1740,0,0,0,4,16,None
speculative_decode,99.33,0,66,0,243.946,1740,0,0,0,4,16,None
speculative_decode,100.33,0,66,0,244.145,1740,0,0,0,4,16,None
speculative_decode,101.33,0,66,0,244.019,1740,0,0,0,4,16,None
speculative_decode,102.34,0,66,0,243.79,1740,0,0,0,4,16,None
speculative_decode,103.34,0,66,0,243.546,1740,0,0,0,4,16,None
speculative_decode,104.34,0,66,0,243.716,1740,0,0,0,4,16,None
speculative_decode,105.35,0,66,0,243.558,1740,0,0,0,4,16,None
speculative_decode,106.35,0,66,0,243.338,1740,0,0,0,4,16,None
speculative_decode,107.35,0,66,0,243.552,1740,0,0,0,4,16,None
speculative_decode,108.36,0,66,0,243.57,1740,0,0,0,4,16,None
speculative_decode,109.36,0,66,0,243.713,1740,0,0,0,4,16,None
speculative_decode,110.36,0,66,0,243.758,1740,0,0,0,4,16,None
speculative_decode,111.36,0,66,0,244.396,1740,0,0,0,4,16,None
speculative_decode,112.37,0,66,0,243.4,1740,0,0,0,4,16,None
speculative_decode,113.37,0,66,0,243.929,1740,0,0,0,4,16,None
speculative_decode,114.37,0,66,0,243.646,1740,0,0,0,4,16,None
speculative_decode,115.38,0,66,0,243.86,1740,0,0,0,4,16,None
speculative_decode,116.38,0,66,0,243.775,1740,0,0,0,4,16,None
speculative_decode,117.38,0,66,0,243.99,1740,0,0,0,4,16,None
speculative_decode,118.39,0,66,0,243.626,1740,0,0,0,4,16,None
speculative_decode,119.39,0,66,0,243.661,1740,0,0,0,4,16,None
speculative_decode,120.39,0,66,0,243.514,1740,0,0,0,4,16,None
moe_router,0.0,0,62,0,150.964,1740,0,0,0,4,16,None
moe_router,1.0,0,65,0,193.347,1740,0,0,0,4,16,None
moe_router,2.01,0,66,0,244.371,1740,0,0,0,4,16,None
moe_router,3.01,0,66,0,245.003,1740,0,0,0,4,16,None
moe_router,4.01,0,66,0,245.236,1740,0,0,0,4,16,None
moe_router,5.02,0,66,0,245.189,1740,0,0,0,4,16,None
moe_router,6.02,0,66,0,244.798,1740,0,0,0,4,16,None
moe_router,7.02,0,66,0,245.423,1740,0,0,0,4,16,None
moe_router,8.03,0,66,0,245.232,1740,0,0,0,4,16,None
moe_router,9.03,0,66,0,245.526,1740,0,0,0,4,16,None
moe_router,10.03,0,66,0,245.341,1740,0,0,0,4,16,None
moe_router,11.04,0,66,0,245.471,1740,0,0,0,4,16,None
moe_router,12.04,0,66,0,245.467,1740,0,0,0,4,16,None
moe_router,13.04,0,66,0,245.233,1740,0,0,0,4,16,None
moe_router,14.05,0,66,0,245.17,1740,0,0,0,4,16,None
moe_router,15.05,0,66,0,245.232,1740,0,0,0,4,16,None
moe_router,16.05,0,66,0,245.576,1740,0,0,0,4,16,None
moe_router,17.06,0,66,0,245.295,1740,0,0,0,4,16,None
moe_router,18.06,0,66,0,244.954,1740,0,0,0,4,16,None
moe_router,19.06,0,66,0,245.221,1740,0,0,0,4,16,None
moe_router,20.07,0,66,0,245.344,1740,0,0,0,4,16,None
moe_router,21.07,0,66,0,245.115,1740,0,0,0,4,16,None
moe_router,22.07,0,66,0,245.552,1740,0,0,0,4,16,None
moe_router,23.08,0,66,0,245.517,1740,0,0,0,4,16,None
moe_router,24.08,0,66,0,245.755,1740,0,0,0,4,16,None
moe_router,25.08,0,66,0,245.452,1740,0,0,0,4,16,None
moe_router,26.09,0,66,0,245.285,1740,0,0,0,4,16,None
moe_router,27.09,0,66,0,245.0,1740,0,0,0,4,16,None
moe_router,28.09,0,66,0,244.685,1740,0,0,0,4,16,None
moe_router,29.1,0,66,0,245.279,1740,0,0,0,4,16,None
moe_router,30.1,0,66,0,245.141,1740,0,0,0,4,16,None
moe_router,31.1,0,66,0,245.57,1740,0,0,0,4,16,None
moe_router,32.11,0,66,0,245.229,1740,0,0,0,4,16,None
moe_router,33.11,0,66,0,245.576,1740,0,0,0,4,16,None
moe_router,34.11,0,66,0,245.678,1740,0,0,0,4,16,None
moe_router,35.12,0,66,0,245.256,1740,0,0,0,4,16,None
moe_router,36.12,0,66,0,245.702,1740,0,0,0,4,16,None
moe_router,37.12,0,66,0,245.614,1740,0,0,0,4,16,None
moe_router,38.13,0,66,0,245.091,1740,0,0,0,4,16,None
moe_router,39.13,0,66,0,245.62,1740,0,0,0,4,16,None
moe_router,40.13,0,66,0,245.309,1740,0,0,0,4,16,None
moe_router,41.14,0,66,0,245.532,1740,0,0,0,4,16,None
moe_router,42.14,0,66,0,245.329,1740,0,0,0,4,16,None
moe_router,43.14,0,66,0,245.438,1740,0,0,0,4,16,None
moe_router,44.15,0,66,0,245.864,1740,0,0,0,4,16,None
moe_router,45.15,0,66,0,245.584,1740,0,0,0,4,16,None
moe_router,46.15,0,66,0,245.652,1740,0,0,0,4,16,None
moe_router,47.15,0,66,0,245.647,1740,0,0,0,4,16,None
moe_router,48.16,0,66,0,245.512,1740,0,0,0,4,16,None
moe_router,49.16,0,66,0,245.379,1740,0,0,0,4,16,None
moe_router,50.16,0,66,0,245.885,1740,0,0,0,4,16,None
moe_router,51.17,0,66,0,245.955,1740,0,0,0,4,16,None
moe_router,52.17,0,66,0,245.626,1740,0,0,0,4,16,None
moe_router,53.17,0,66,0,245.735,1740,0,0,0,4,16,None
moe_router,54.18,0,66,0,246.002,1740,0,0,0,4,16,None
moe_router,55.18,0,66,0,245.823,1740,0,0,0,4,16,None
moe_router,56.19,0,66,0,245.762,1740,0,0,0,4,16,None
moe_router,57.19,0,66,0,245.55,1740,0,0,0,4,16,None
moe_router,58.19,0,66,0,245.303,1740,0,0,0,4,16,None
moe_router,59.2,0,66,0,245.244,1740,0,0,0,4,16,None
moe_router,60.2,0,66,0,245.626,1740,0,0,0,4,16,None
moe_router,61.2,0,66,0,245.573,1740,0,0,0,4,16,None
moe_router,62.21,0,66,0,245.779,1740,0,0,0,4,16,None
moe_router,63.21,0,66,0,245.788,1740,0,0,0,4,16,None
moe_router,64.21,0,66,0,245.837,1740,0,0,0,4,16,None
moe_router,65.22,0,66,0,245.767,1740,0,0,0,4,16,None
moe_router,66.22,0,66,0,245.794,1740,0,0,0,4,16,None
moe_router,67.23,0,66,0,245.691,1740,0,0,0,4,16,None
moe_router,68.23,0,66,0,245.8,1740,0,0,0,4,16,None
moe_router,69.23,0,66,0,245.714,1740,0,0,0,4,16,None
moe_router,70.24,0,66,0,245.521,1740,0,0,0,4,16,None
moe_router,71.24,0,66,0,245.618,1740,0,0,0,4,16,None
moe_router,72.24,0,66,0,245.74,1740,0,0,0,4,16,None
moe_router,73.25,0,66,0,245.811,1740,0,0,0,4,16,None
moe_router,74.25,0,66,0,245.823,1740,0,0,0,4,16,None
moe_router,75.26,0,66,0,245.558,1740,0,0,0,4,16,None
moe_router,76.26,0,66,0,245.309,1740,0,0,0,4,16,None
moe_router,77.26,0,66,0,245.614,1740,0,0,0,4,16,None
moe_router,78.27,0,66,0,245.729,1740,0,0,0,4,16,None
moe_router,79.27,0,67,0,245.57,1740,0,0,0,4,16,None
moe_router,80.27,0,67,0,245.996,1740,0,0,0,4,16,None
moe_router,81.28,0,66,0,246.026,1740,0,0,0,4,16,None
moe_router,82.28,0,66,0,246.161,1740,0,0,0,4,16,None
moe_router,83.28,0,66,0,245.864,1740,0,0,0,4,16,None
moe_router,84.28,0,66,0,245.57,1740,0,0,0,4,16,None
moe_router,85.29,0,66,0,245.623,1740,0,0,0,4,16,None
moe_router,86.29,0,66,0,245.162,1740,0,0,0,4,16,None
moe_router,87.29,0,66,0,245.547,1740,0,0,0,4,16,None
moe_router,88.3,0,66,0,245.609,1740,0,0,0,4,16,None
moe_router,89.3,0,66,0,245.373,1740,0,0,0,4,16,None
moe_router,90.3,0,66,0,245.685,1740,0,0,0,4,16,None
moe_router,91.31,0,66,0,245.447,1740,0,0,0,4,16,None
moe_router,92.31,0,66,0,245.603,1740,0,0,0,4,16,None
moe_router,93.31,0,66,0,245.383,1740,0,0,0,4,16,None
moe_router,94.32,0,66,0,245.949,1740,0,0,0,4,16,None
moe_router,95.32,0,66,0,245.514,1740,0,0,0,4,16,None
moe_router,96.32,0,66,0,245.514,1740,0,0,0,4,16,None
moe_router,97.33,0,67,0,245.929,1740,0,0,0,4,16,None
moe_router,98.33,0,67,0,246.222,1740,0,0,0,4,16,None
moe_router,99.34,0,67,0,245.785,1740,0,0,0,4,16,None
moe_router,100.34,0,66,0,245.752,1740,0,0,0,4,16,None
moe_router,101.34,0,66,0,245.424,1740,0,0,0,4,16,None
moe_router,102.35,0,66,0,245.635,1740,0,0,0,4,16,None
moe_router,103.35,0,66,0,246.046,1740,0,0,0,4,16,None
moe_router,104.35,0,66,0,245.535,1740,0,0,0,4,16,None
moe_router,105.36,0,66,0,245.982,1740,0,0,0,4,16,None
moe_router,106.36,0,67,0,245.92,1740,0,0,0,4,16,None
moe_router,107.36,0,67,0,245.518,1740,0,0,0,4,16,None
moe_router,108.37,0,66,0,245.476,1740,0,0,0,4,16,None
moe_router,109.37,0,66,0,245.758,1740,0,0,0,4,16,None
moe_router,110.37,0,66,0,245.62,1740,0,0,0,4,16,None
moe_router,111.38,0,67,0,245.99,1740,0,0,0,4,16,None
moe_router,112.38,0,66,0,245.964,1740,0,0,0,4,16,None
moe_router,113.38,0,66,0,245.706,1740,0,0,0,4,16,None
moe_router,114.39,0,67,0,245.823,1740,0,0,0,4,16,None
moe_router,115.39,0,67,0,245.599,1740,0,0,0,4,16,None
moe_router,116.39,0,67,0,245.952,1740,0,0,0,4,16,None
moe_router,117.4,0,66,0,245.647,1740,0,0,0,4,16,None
moe_router,118.4,0,67,0,245.793,1740,0,0,0,4,16,None
moe_router,119.4,0,66,0,245.764,1740,0,0,0,4,16,None
moe_router,120.4,0,67,0,245.993,1740,0,0,0,4,16,None
transformer_train_step,0.0,0,62,0,140.681,1740,0,0,0,4,16,None
transformer_train_step,1.0,0,65,0,194.924,1740,0,0,0,4,16,None
transformer_train_step,2.01,0,66,0,243.041,1740,0,0,0,4,16,None
transformer_train_step,3.01,0,66,0,243.056,1740,0,0,0,4,16,None
transformer_train_step,4.01,0,66,0,243.1,1740,0,0,0,4,16,None
transformer_train_step,5.02,0,66,0,243.121,1740,0,0,0,4,16,None
transformer_train_step,6.02,0,66,0,243.171,1740,0,0,0,4,16,None
transformer_train_step,7.02,0,66,0,243.667,1740,0,0,0,4,16,None
transformer_train_step,8.03,0,66,0,242.81,1740,0,0,0,4,16,None
transformer_train_step,9.03,0,66,0,243.485,1740,0,0,0,4,16,None
transformer_train_step,10.03,0,66,0,243.729,1740,0,0,0,4,16,None
transformer_train_step,11.04,0,66,0,243.229,1740,0,0,0,4,16,None
transformer_train_step,12.04,0,66,0,243.203,1740,0,0,0,4,16,None
transformer_train_step,13.04,0,66,0,242.959,1740,0,0,0,4,16,None
transformer_train_step,14.05,0,66,0,243.555,1740,0,0,0,4,16,None
transformer_train_step,15.05,0,66,0,243.408,1740,0,0,0,4,16,None
transformer_train_step,16.05,0,66,0,243.288,1740,0,0,0,4,16,None
transformer_train_step,17.06,0,66,0,243.626,1740,0,0,0,4,16,None
transformer_train_step,18.06,0,66,0,243.708,1740,0,0,0,4,16,None
transformer_train_step,19.06,0,66,0,243.461,1740,0,0,0,4,16,None
transformer_train_step,20.07,0,66,0,243.277,1740,0,0,0,4,16,None
transformer_train_step,21.07,0,66,0,243.241,1740,0,0,0,4,16,None
transformer_train_step,22.07,0,66,0,243.335,1740,0,0,0,4,16,None
transformer_train_step,23.08,0,66,0,243.37,1740,0,0,0,4,16,None
transformer_train_step,24.08,0,66,0,243.459,1740,0,0,0,4,16,None
transformer_train_step,25.08,0,66,0,243.544,1740,0,0,0,4,16,None
transformer_train_step,26.09,0,66,0,243.361,1740,0,0,0,4,16,None
transformer_train_step,27.09,0,66,0,243.382,1740,0,0,0,4,16,None
transformer_train_step,28.09,0,66,0,243.391,1740,0,0,0,4,16,None
transformer_train_step,29.1,0,66,0,243.417,1740,0,0,0,4,16,None
transformer_train_step,30.1,0,66,0,243.068,1740,0,0,0,4,16,None
transformer_train_step,31.1,0,66,0,243.29,1740,0,0,0,4,16,None
transformer_train_step,32.11,0,66,0,243.206,1740,0,0,0,4,16,None
transformer_train_step,33.11,0,66,0,243.555,1740,0,0,0,4,16,None
transformer_train_step,34.12,0,66,0,244.09,1740,0,0,0,4,16,None
transformer_train_step,35.12,0,66,0,243.279,1740,0,0,0,4,16,None
transformer_train_step,36.12,0,66,0,243.635,1740,0,0,0,4,16,None
transformer_train_step,37.13,0,66,0,243.341,1740,0,0,0,4,16,None
transformer_train_step,38.13,0,66,0,243.649,1740,0,0,0,4,16,None
transformer_train_step,39.13,0,66,0,243.57,1740,0,0,0,4,16,None
transformer_train_step,40.14,0,66,0,243.438,1740,0,0,0,4,16,None
transformer_train_step,41.14,0,66,0,243.678,1740,0,0,0,4,16,None
transformer_train_step,42.14,0,66,0,243.62,1740,0,0,0,4,16,None
transformer_train_step,43.15,0,66,0,243.652,1740,0,0,0,4,16,None
transformer_train_step,44.15,0,66,0,243.752,1740,0,0,0,4,16,None
transformer_train_step,45.15,0,66,0,243.3,1740,0,0,0,4,16,None
transformer_train_step,46.16,0,66,0,243.872,1740,0,0,0,4,16,None
transformer_train_step,47.16,0,66,0,243.66,1740,0,0,0,4,16,None
transformer_train_step,48.16,0,66,0,243.551,1740,0,0,0,4,16,None
transformer_train_step,49.16,0,66,0,243.622,1740,0,0,0,4,16,None
transformer_train_step,50.17,0,66,0,243.449,1740,0,0,0,4,16,None
transformer_train_step,51.17,0,66,0,243.59,1740,0,0,0,4,16,None
transformer_train_step,52.17,0,66,0,243.248,1740,0,0,0,4,16,None
transformer_train_step,53.18,0,66,0,243.235,1740,0,0,0,4,16,None
transformer_train_step,54.18,0,66,0,243.749,1740,0,0,0,4,16,None
transformer_train_step,55.19,0,66,0,243.69,1740,0,0,0,4,16,None
transformer_train_step,56.19,0,66,0,243.816,1740,0,0,0,4,16,None
transformer_train_step,57.19,0,66,0,243.566,1740,0,0,0,4,16,None
transformer_train_step,58.2,0,66,0,243.573,1740,0,0,0,4,16,None
transformer_train_step,59.2,0,66,0,243.372,1740,0,0,0,4,16,None
transformer_train_step,60.2,0,66,0,243.375,1740,0,0,0,4,16,None
transformer_train_step,61.21,0,66,0,243.754,1740,0,0,0,4,16,None
transformer_train_step,62.21,0,66,0,243.325,1740,0,0,0,4,16,None
transformer_train_step,63.21,0,66,0,243.554,1740,0,0,0,4,16,None
transformer_train_step,64.21,0,66,0,243.293,1740,0,0,0,4,16,None
transformer_train_step,65.22,0,66,0,243.396,1740,0,0,0,4,16,None
transformer_train_step,66.22,0,66,0,243.722,1740,0,0,0,4,16,None
transformer_train_step,67.22,0,66,0,243.311,1740,0,0,0,4,16,None
transformer_train_step,68.23,0,66,0,243.602,1740,0,0,0,4,16,None
transformer_train_step,69.23,0,66,0,243.511,1740,0,0,0,4,16,None
transformer_train_step,70.23,0,66,0,243.675,1740,0,0,0,4,16,None
transformer_train_step,71.24,0,66,0,243.722,1740,0,0,0,4,16,None
transformer_train_step,72.24,0,66,0,243.34,1740,0,0,0,4,16,None
transformer_train_step,73.24,0,66,0,243.342,1740,0,0,0,4,16,None
transformer_train_step,74.25,0,66,0,243.193,1740,0,0,0,4,16,None
transformer_train_step,75.25,0,66,0,243.605,1740,0,0,0,4,16,None
transformer_train_step,76.25,0,66,0,243.588,1740,0,0,0,4,16,None
transformer_train_step,77.26,0,66,0,243.363,1740,0,0,0,4,16,None
transformer_train_step,78.26,0,66,0,243.49,1740,0,0,0,4,16,None
transformer_train_step,79.26,0,66,0,243.223,1740,0,0,0,4,16,None
transformer_train_step,80.27,0,66,0,243.696,1740,0,0,0,4,16,None
transformer_train_step,81.27,0,66,0,243.463,1740,0,0,0,4,16,None
transformer_train_step,82.27,0,66,0,243.49,1740,0,0,0,4,16,None
transformer_train_step,83.28,0,66,0,243.784,1740,0,0,0,4,16,None
transformer_train_step,84.28,0,66,0,243.561,1740,0,0,0,4,16,None
transformer_train_step,85.28,0,66,0,243.828,1740,0,0,0,4,16,None
transformer_train_step,86.29,0,66,0,243.194,1740,0,0,0,4,16,None
transformer_train_step,87.29,0,66,0,243.204,1740,0,0,0,4,16,None
transformer_train_step,88.29,0,66,0,243.878,1740,0,0,0,4,16,None
transformer_train_step,89.3,0,66,0,243.692,1740,0,0,0,4,16,None
transformer_train_step,90.3,0,66,0,243.299,1740,0,0,0,4,16,None
transformer_train_step,91.3,0,66,0,243.255,1740,0,0,0,4,16,None
transformer_train_step,92.31,0,66,0,243.725,1740,0,0,0,4,16,None
transformer_train_step,93.31,0,66,0,243.358,1740,0,0,0,4,16,None
transformer_train_step,94.31,0,66,0,243.413,1740,0,0,0,4,16,None
transformer_train_step,95.32,0,66,0,243.925,1740,0,0,0,4,16,None
transformer_train_step,96.32,0,66,0,243.29,1740,0,0,0,4,16,None
transformer_train_step,97.32,0,66,0,243.61,1740,0,0,0,4,16,None
transformer_train_step,98.33,0,66,0,243.699,1740,0,0,0,4,16,None
transformer_train_step,99.33,0,66,0,243.407,1740,0,0,0,4,16,None
transformer_train_step,100.33,0,66,0,243.76,1740,0,0,0,4,16,None
transformer_train_step,101.33,0,66,0,243.399,1740,0,0,0,4,16,None
transformer_train_step,102.34,0,66,0,243.999,1740,0,0,0,4,16,None
transformer_train_step,103.34,0,66,0,243.405,1740,0,0,0,4,16,None
transformer_train_step,104.34,0,66,0,243.428,1740,0,0,0,4,16,None
transformer_train_step,105.35,0,66,0,244.172,1740,0,0,0,4,16,None
transformer_train_step,106.35,0,66,0,243.707,1740,0,0,0,4,16,None
transformer_train_step,107.35,0,66,0,243.448,1740,0,0,0,4,16,None
transformer_train_step,108.36,0,66,0,243.652,1740,0,0,0,4,16,None
transformer_train_step,109.36,0,66,0,243.508,1740,0,0,0,4,16,None
transformer_train_step,110.37,0,66,0,243.073,1740,0,0,0,4,16,None
transformer_train_step,111.37,0,66,0,243.084,1740,0,0,0,4,16,None
transformer_train_step,112.37,0,66,0,243.645,1740,0,0,0,4,16,None
transformer_train_step,113.37,0,66,0,243.382,1740,0,0,0,4,16,None
transformer_train_step,114.38,0,66,0,243.511,1740,0,0,0,4,16,None
transformer_train_step,115.38,0,66,0,243.608,1740,0,0,0,4,16,None
transformer_train_step,116.39,0,66,0,243.631,1740,0,0,0,4,16,None
transformer_train_step,117.39,0,66,0,243.975,1740,0,0,0,4,16,None
transformer_train_step,118.39,0,66,0,243.986,1740,0,0,0,4,16,None
transformer_train_step,119.4,0,66,0,243.805,1740,0,0,0,4,16,None
transformer_train_step,120.4,0,66,0,243.752,1740,0,0,0,4,16,None
allocation_fragmentation,0.0,0,62,0,128.512,1740,0,0,0,4,16,None
allocation_fragmentation,1.0,0,65,0,193.904,1740,0,0,0,4,16,None
allocation_fragmentation,2.01,0,65,0,243.222,1740,0,0,0,4,16,None
allocation_fragmentation,3.01,0,66,0,243.481,1740,0,0,0,4,16,None
allocation_fragmentation,4.01,0,66,0,244.043,1740,0,0,0,4,16,None
allocation_fragmentation,5.02,0,66,0,243.699,1740,0,0,0,4,16,None
allocation_fragmentation,6.02,0,66,0,243.514,1740,0,0,0,4,16,None
allocation_fragmentation,7.02,0,66,0,243.655,1740,0,0,0,4,16,None
allocation_fragmentation,8.03,0,66,0,244.028,1740,0,0,0,4,16,None
allocation_fragmentation,9.03,0,66,0,243.896,1740,0,0,0,4,16,None
allocation_fragmentation,10.03,0,66,0,244.166,1740,0,0,0,4,16,None
allocation_fragmentation,11.04,0,66,0,243.887,1740,0,0,0,4,16,None
allocation_fragmentation,12.04,0,66,0,244.043,1740,0,0,0,4,16,None
allocation_fragmentation,13.04,0,66,0,243.993,1740,0,0,0,4,16,None
allocation_fragmentation,14.05,0,66,0,244.09,1740,0,0,0,4,16,None
allocation_fragmentation,15.05,0,66,0,244.201,1740,0,0,0,4,16,None
allocation_fragmentation,16.05,0,66,0,243.778,1740,0,0,0,4,16,None
allocation_fragmentation,17.06,0,66,0,244.204,1740,0,0,0,4,16,None
allocation_fragmentation,18.06,0,66,0,244.348,1740,0,0,0,4,16,None
allocation_fragmentation,19.06,0,66,0,244.689,1740,0,0,0,4,16,None
allocation_fragmentation,20.07,0,66,0,244.492,1740,0,0,0,4,16,None
allocation_fragmentation,21.07,0,66,0,244.68,1740,0,0,0,4,16,None
allocation_fragmentation,22.07,0,66,0,244.243,1740,0,0,0,4,16,None
allocation_fragmentation,23.08,0,66,0,244.213,1740,0,0,0,4,16,None
allocation_fragmentation,24.08,0,66,0,244.554,1740,0,0,0,4,16,None
allocation_fragmentation,25.08,0,66,0,243.964,1740,0,0,0,4,16,None
allocation_fragmentation,26.09,0,66,0,244.225,1740,0,0,0,4,16,None
allocation_fragmentation,27.09,0,66,0,244.058,1740,0,0,0,4,16,None
allocation_fragmentation,28.09,0,66,0,244.457,1740,0,0,0,4,16,None
allocation_fragmentation,29.1,0,66,0,244.158,1740,0,0,0,4,16,None
allocation_fragmentation,30.1,0,66,0,244.316,1740,0,0,0,4,16,None
allocation_fragmentation,31.1,0,66,0,244.231,1740,0,0,0,4,16,None
allocation_fragmentation,32.11,0,66,0,244.439,1740,0,0,0,4,16,None
allocation_fragmentation,33.11,0,66,0,244.222,1740,0,0,0,4,16,None
allocation_fragmentation,34.11,0,66,0,244.528,1740,0,0,0,4,16,None
allocation_fragmentation,35.12,0,66,0,244.263,1740,0,0,0,4,16,None
allocation_fragmentation,36.12,0,66,0,243.852,1740,0,0,0,4,16,None
allocation_fragmentation,37.12,0,66,0,244.278,1740,0,0,0,4,16,None
allocation_fragmentation,38.13,0,66,0,244.692,1740,0,0,0,4,16,None
allocation_fragmentation,39.13,0,66,0,244.48,1740,0,0,0,4,16,None
allocation_fragmentation,40.13,0,66,0,244.257,1740,0,0,0,4,16,None
allocation_fragmentation,41.14,0,66,0,243.782,1740,0,0,0,4,16,None
allocation_fragmentation,42.14,0,66,0,245.074,1740,0,0,0,4,16,None
allocation_fragmentation,43.14,0,66,0,244.504,1740,0,0,0,4,16,None
allocation_fragmentation,44.15,0,66,0,244.384,1740,0,0,0,4,16,None
allocation_fragmentation,45.15,0,66,0,243.884,1740,0,0,0,4,16,None
allocation_fragmentation,46.15,0,66,0,244.381,1740,0,0,0,4,16,None
allocation_fragmentation,47.16,0,66,0,244.287,1740,0,0,0,4,16,None
allocation_fragmentation,48.16,0,66,0,244.54,1740,0,0,0,4,16,None
allocation_fragmentation,49.16,0,66,0,244.651,1740,0,0,0,4,16,None
allocation_fragmentation,50.17,0,66,0,244.698,1740,0,0,0,4,16,None
allocation_fragmentation,51.17,0,66,0,244.349,1740,0,0,0,4,16,None
allocation_fragmentation,52.17,0,66,0,244.225,1740,0,0,0,4,16,None
allocation_fragmentation,53.18,0,66,0,244.069,1740,0,0,0,4,16,None
allocation_fragmentation,54.18,0,66,0,244.534,1740,0,0,0,4,16,None
allocation_fragmentation,55.18,0,66,0,244.989,1740,0,0,0,4,16,None
allocation_fragmentation,56.19,0,66,0,244.463,1740,0,0,0,4,16,None
allocation_fragmentation,57.19,0,66,0,244.771,1740,0,0,0,4,16,None
allocation_fragmentation,58.19,0,66,0,244.971,1740,0,0,0,4,16,None
allocation_fragmentation,59.2,0,66,0,246.281,1740,0,0,0,4,16,None
allocation_fragmentation,60.54,0,66,0,244.959,1740,0,0,0,4,16,None
allocation_fragmentation,61.55,0,66,0,245.047,1740,0,0,0,4,16,None
allocation_fragmentation,62.55,0,66,0,246.038,1740,0,0,0,4,16,None
allocation_fragmentation,63.8,0,66,0,244.901,1740,0,0,0,4,16,None
allocation_fragmentation,64.8,0,66,0,244.774,1740,0,0,0,4,16,None
allocation_fragmentation,65.81,0,66,0,245.761,1740,0,0,0,4,16,None
allocation_fragmentation,67.06,0,66,0,245.147,1740,0,0,0,4,16,None
allocation_fragmentation,68.06,0,66,0,245.165,1740,0,0,0,4,16,None
allocation_fragmentation,69.07,0,66,0,245.465,1740,0,0,0,4,16,None
allocation_fragmentation,70.33,0,66,0,245.362,1740,0,0,0,4,16,None
allocation_fragmentation,71.33,0,66,0,245.057,1740,0,0,0,4,16,None
allocation_fragmentation,72.33,0,66,0,245.947,1740,0,0,0,4,16,None
allocation_fragmentation,73.6,0,66,0,245.474,1740,0,0,0,4,16,None
allocation_fragmentation,74.6,0,66,0,245.0,1740,0,0,0,4,16,None
allocation_fragmentation,75.6,0,66,0,245.565,1740,0,0,0,4,16,None
allocation_fragmentation,76.86,0,66,0,244.577,1740,0,0,0,4,16,None
allocation_fragmentation,77.87,0,67,0,245.167,1740,0,0,0,4,16,None
allocation_fragmentation,78.87,0,67,0,245.955,1740,0,0,0,4,16,None
allocation_fragmentation,80.13,0,66,0,245.168,1740,0,0,0,4,16,None
allocation_fragmentation,81.13,0,66,0,244.818,1740,0,0,0,4,16,None
allocation_fragmentation,82.13,0,66,0,245.714,1740,0,0,0,4,16,None
allocation_fragmentation,83.39,0,66,0,244.747,1740,0,0,0,4,16,None
allocation_fragmentation,84.39,0,67,0,244.728,1740,0,0,0,4,16,None
allocation_fragmentation,85.4,0,67,0,246.422,1740,0,0,0,4,16,None
allocation_fragmentation,86.65,0,66,0,245.409,1740,0,0,0,4,16,None
allocation_fragmentation,87.65,0,67,0,245.259,1740,0,0,0,4,16,None
allocation_fragmentation,88.65,0,67,0,245.937,1740,0,0,0,4,16,None
allocation_fragmentation,89.91,0,67,0,245.065,1740,0,0,0,4,16,None
allocation_fragmentation,90.91,0,67,0,245.118,1740,0,0,0,4,16,None
allocation_fragmentation,91.92,0,67,0,245.577,1740,0,0,0,4,16,None
allocation_fragmentation,93.17,0,67,0,244.654,1740,0,0,0,4,16,None
allocation_fragmentation,94.17,0,66,0,244.716,1740,0,0,0,4,16,None
allocation_fragmentation,95.18,0,67,0,246.49,1740,0,0,0,4,16,None
allocation_fragmentation,96.44,0,66,0,245.109,1740,0,0,0,4,16,None
allocation_fragmentation,97.44,0,67,0,245.752,1740,0,0,0,4,16,None
allocation_fragmentation,98.45,0,67,0,245.976,1740,0,0,0,4,16,None
allocation_fragmentation,99.71,0,67,0,244.822,1740,0,0,0,4,16,None
allocation_fragmentation,100.72,0,66,0,245.112,1740,0,0,0,4,16,None
allocation_fragmentation,101.72,0,67,0,246.481,1740,0,0,0,4,16,None
allocation_fragmentation,102.97,0,67,0,245.468,1740,0,0,0,4,16,None
allocation_fragmentation,103.97,0,66,0,245.088,1740,0,0,0,4,16,None
allocation_fragmentation,104.98,0,67,0,246.055,1740,0,0,0,4,16,None
allocation_fragmentation,106.23,0,67,0,244.968,1740,0,0,0,4,16,None
allocation_fragmentation,107.23,0,67,0,245.406,1740,0,0,0,4,16,None
allocation_fragmentation,108.23,0,67,0,246.786,1740,0,0,0,4,16,None
allocation_fragmentation,109.57,0,67,0,244.885,1740,0,0,0,4,16,None
allocation_fragmentation,110.57,0,67,0,245.173,1740,0,0,0,4,16,None
allocation_fragmentation,111.58,0,67,0,246.365,1740,0,0,0,4,16,None
allocation_fragmentation,112.83,0,67,0,245.238,1740,0,0,0,4,16,None
allocation_fragmentation,113.83,0,67,0,245.388,1740,0,0,0,4,16,None
allocation_fragmentation,114.84,0,67,0,246.09,1740,0,0,0,4,16,None
allocation_fragmentation,116.1,0,67,0,245.764,1740,0,0,0,4,16,None
allocation_fragmentation,117.1,0,67,0,245.426,1740,0,0,0,4,16,None
allocation_fragmentation,118.11,0,67,0,246.402,1740,0,0,0,4,16,None
allocation_fragmentation,119.36,0,67,0,245.926,1740,0,0,0,4,16,None
allocation_fragmentation,120.36,0,67,0,245.029,1740,0,0,0,4,16,None
graph_replay,0.0,0,63,0,162.867,1740,0,0,0,4,16,None
graph_replay,1.0,0,62,0,185.634,1740,0,0,0,4,16,None
graph_replay,2.01,0,66,0,244.23,1740,0,0,0,4,16,None
graph_replay,3.01,0,66,0,246.041,1740,0,0,0,4,16,None
graph_replay,4.23,0,66,0,244.854,1740,0,0,0,4,16,None
graph_replay,5.23,0,66,0,244.921,1740,0,0,0,4,16,None
graph_replay,6.24,0,66,0,246.384,1740,0,0,0,4,16,None
graph_replay,7.49,0,66,0,245.209,1740,0,0,0,4,16,None
graph_replay,8.49,0,66,0,245.041,1740,0,0,0,4,16,None
graph_replay,9.5,0,66,0,246.058,1740,0,0,0,4,16,None
graph_replay,10.74,0,66,0,244.83,1740,0,0,0,4,16,None
graph_replay,11.75,0,66,0,245.514,1740,0,0,0,4,16,None
graph_replay,12.75,0,66,0,246.011,1740,0,0,0,4,16,None
graph_replay,14.0,0,66,0,245.256,1740,0,0,0,4,16,None
graph_replay,15.01,0,66,0,245.259,1740,0,0,0,4,16,None
graph_replay,16.01,0,66,0,246.046,1740,0,0,0,4,16,None
graph_replay,17.26,0,66,0,245.35,1740,0,0,0,4,16,None
graph_replay,18.26,0,66,0,245.564,1740,0,0,0,4,16,None
graph_replay,19.26,0,66,0,246.348,1740,0,0,0,4,16,None
graph_replay,20.51,0,66,0,245.594,1740,0,0,0,4,16,None
graph_replay,21.51,0,66,0,245.359,1740,0,0,0,4,16,None
graph_replay,22.52,0,66,0,246.049,1740,0,0,0,4,16,None
graph_replay,23.76,0,66,0,245.136,1740,0,0,0,4,16,None
graph_replay,24.77,0,67,0,246.078,1740,0,0,0,4,16,None
graph_replay,25.77,0,66,0,246.163,1740,0,0,0,4,16,None
graph_replay,27.03,0,67,0,245.497,1740,0,0,0,4,16,None
graph_replay,28.03,0,67,0,245.402,1740,0,0,0,4,16,None
graph_replay,29.03,0,67,0,246.581,1740,0,0,0,4,16,None
graph_replay,30.28,0,67,0,245.559,1740,0,0,0,4,16,None
graph_replay,31.28,0,67,0,245.881,1740,0,0,0,4,16,None
graph_replay,32.29,0,67,0,246.543,1740,0,0,0,4,16,None
graph_replay,33.61,0,67,0,245.416,1740,0,0,0,4,16,None
graph_replay,34.62,0,67,0,245.84,1740,0,0,0,4,16,None
graph_replay,35.62,0,67,0,246.522,1740,0,0,0,4,16,None
graph_replay,36.86,0,67,0,245.69,1740,0,0,0,4,16,None
graph_replay,37.86,0,67,0,245.791,1740,0,0,0,4,16,None
graph_replay,38.87,0,67,0,246.393,1740,0,0,0,4,16,None
graph_replay,40.12,0,67,0,245.229,1740,0,0,0,4,16,None
graph_replay,41.12,0,67,0,245.241,1740,0,0,0,4,16,None
graph_replay,42.13,0,67,0,246.687,1740,0,0,0,4,16,None
graph_replay,43.37,0,67,0,245.787,1740,0,0,0,4,16,None
graph_replay,44.38,0,67,0,245.811,1740,0,0,0,4,16,None
graph_replay,45.38,0,67,0,246.231,1740,0,0,0,4,16,None
graph_replay,46.68,0,67,0,245.053,1740,0,0,0,4,16,None
graph_replay,47.68,0,67,0,245.388,1740,0,0,0,4,16,None
graph_replay,48.69,0,67,0,246.525,1740,0,0,0,4,16,None
graph_replay,49.93,0,67,0,245.723,1740,0,0,0,4,16,None
graph_replay,50.93,0,67,0,245.652,1740,0,0,0,4,16,None
graph_replay,51.94,0,67,0,246.754,1740,0,0,0,4,16,None
graph_replay,53.19,0,67,0,245.978,1740,0,0,0,4,16,None
graph_replay,54.19,0,67,0,246.002,1740,0,0,0,4,16,None
graph_replay,55.2,0,67,0,246.73,1740,0,0,0,4,16,None
graph_replay,56.45,0,67,0,245.335,1740,0,0,0,4,16,None
graph_replay,57.45,0,67,0,245.887,1740,0,0,0,4,16,None
graph_replay,58.45,0,67,0,246.884,1740,0,0,0,4,16,None
graph_replay,59.7,0,67,0,245.714,1740,0,0,0,4,16,None
graph_replay,60.7,0,67,0,245.144,1740,0,0,0,4,16,None
graph_replay,61.71,0,67,0,246.413,1740,0,0,0,4,16,None
graph_replay,62.96,0,67,0,245.332,1740,0,0,0,4,16,None
graph_replay,63.97,0,67,0,245.97,1740,0,0,0,4,16,None
graph_replay,64.97,0,67,0,246.807,1740,0,0,0,4,16,None
graph_replay,66.22,0,67,0,245.294,1740,0,0,0,4,16,None
graph_replay,67.22,0,67,0,245.835,1740,0,0,0,4,16,None
graph_replay,68.22,0,67,0,246.542,1740,0,0,0,4,16,None
graph_replay,69.48,0,67,0,245.532,1740,0,0,0,4,16,None
graph_replay,70.48,0,67,0,246.111,1740,0,0,0,4,16,None
graph_replay,71.48,0,67,0,246.527,1740,0,0,0,4,16,None
graph_replay,72.73,0,67,0,245.729,1740,0,0,0,4,16,None
graph_replay,73.74,0,67,0,245.893,1740,0,0,0,4,16,None
graph_replay,74.74,0,67,0,246.684,1740,0,0,0,4,16,None
graph_replay,75.99,0,67,0,245.68,1740,0,0,0,4,16,None
graph_replay,76.99,0,67,0,245.646,1740,0,0,0,4,16,None
graph_replay,77.99,0,67,0,246.533,1740,0,0,0,4,16,None
graph_replay,79.26,0,67,0,245.664,1740,0,0,0,4,16,None
graph_replay,80.26,0,67,0,245.908,1740,0,0,0,4,16,None
graph_replay,81.27,0,67,0,247.238,1740,0,0,0,4,16,None
graph_replay,82.51,0,67,0,246.199,1740,0,0,0,4,16,None
graph_replay,83.51,0,67,0,246.061,1740,0,0,0,4,16,None
graph_replay,84.52,0,67,0,246.639,1740,0,0,0,4,16,None
graph_replay,85.78,0,67,0,245.943,1740,0,0,0,4,16,None
graph_replay,86.78,0,67,0,246.214,1740,0,0,0,4,16,None
graph_replay,87.78,0,67,0,246.575,1740,0,0,0,4,16,None
graph_replay,89.03,0,67,0,245.288,1740,0,0,0,4,16,None
graph_replay,90.03,0,67,0,245.569,1740,0,0,0,4,16,None
graph_replay,91.04,0,67,0,246.655,1740,0,0,0,4,16,None
graph_replay,92.29,0,67,0,245.666,1740,0,0,0,4,16,None
graph_replay,93.29,0,67,0,245.611,1740,0,0,0,4,16,None
graph_replay,94.29,0,67,0,246.694,1740,0,0,0,4,16,None
graph_replay,95.55,0,67,0,245.799,1740,0,0,0,4,16,None
graph_replay,96.55,0,67,0,246.27,1740,0,0,0,4,16,None
graph_replay,97.55,0,67,0,246.367,1740,0,0,0,4,16,None
graph_replay,98.8,0,67,0,245.45,1740,0,0,0,4,16,None
graph_replay,99.81,0,67,0,246.445,1740,0,0,0,4,16,None
graph_replay,100.81,0,67,0,246.766,1740,0,0,0,4,16,None
graph_replay,102.06,0,67,0,245.87,1740,0,0,0,4,16,None
graph_replay,103.06,0,67,0,246.105,1740,0,0,0,4,16,None
graph_replay,104.06,0,67,0,246.49,1740,0,0,0,4,16,None
graph_replay,105.31,0,67,0,245.996,1740,0,0,0,4,16,None
graph_replay,106.31,0,67,0,245.908,1740,0,0,0,4,16,None
graph_replay,107.32,0,67,0,246.836,1740,0,0,0,4,16,None
graph_replay,108.57,0,67,0,246.044,1740,0,0,0,4,16,None
graph_replay,109.58,0,67,0,246.023,1740,0,0,0,4,16,None
graph_replay,110.58,0,67,0,246.798,1740,0,0,0,4,16,None
graph_replay,111.84,0,67,0,245.837,1740,0,0,0,4,16,None
graph_replay,112.84,0,67,0,245.797,1740,0,0,0,4,16,None
graph_replay,113.85,0,67,0,247.171,1740,0,0,0,4,16,None
graph_replay,115.1,0,67,0,245.714,1740,0,0,0,4,16,None
graph_replay,116.1,0,67,0,246.363,1740,0,0,0,4,16,None
graph_replay,117.11,0,67,0,247.012,1740,0,0,0,4,16,None
graph_replay,118.36,0,67,0,246.155,1740,0,0,0,4,16,None
graph_replay,119.37,0,67,0,246.322,1740,0,0,0,4,16,None
graph_replay,120.37,0,67,0,247.127,1740,0,0,0,4,16,None
rag_embedding,0.0,0,63,0,164.422,1740,0,0,0,4,16,None
rag_embedding,1.51,0,66,0,173.609,1740,0,0,0,4,16,None
rag_embedding,2.52,0,66,0,245.088,1740,0,0,0,4,16,None
rag_embedding,3.52,0,66,0,245.864,1740,0,0,0,4,16,None
rag_embedding,4.78,0,66,0,245.185,1740,0,0,0,4,16,None
rag_embedding,5.78,0,66,0,244.886,1740,0,0,0,4,16,None
rag_embedding,6.79,0,67,0,246.316,1740,0,0,0,4,16,None
rag_embedding,8.03,0,66,0,245.253,1740,0,0,0,4,16,None
rag_embedding,9.03,0,67,0,245.291,1740,0,0,0,4,16,None
rag_embedding,10.04,0,67,0,246.157,1740,0,0,0,4,16,None
rag_embedding,11.28,0,67,0,245.265,1740,0,0,0,4,16,None
rag_embedding,12.29,0,67,0,245.371,1740,0,0,0,4,16,None
rag_embedding,13.29,0,67,0,246.316,1740,0,0,0,4,16,None
rag_embedding,14.56,0,67,0,245.852,1740,0,0,0,4,16,None
rag_embedding,15.56,0,67,0,245.141,1740,0,0,0,4,16,None
rag_embedding,16.57,0,67,0,246.74,1740,0,0,0,4,16,None
rag_embedding,17.81,0,67,0,245.535,1740,0,0,0,4,16,None
rag_embedding,18.82,0,67,0,245.144,1740,0,0,0,4,16,None
rag_embedding,19.82,0,67,0,246.604,1740,0,0,0,4,16,None
rag_embedding,21.07,0,67,0,245.568,1740,0,0,0,4,16,None
rag_embedding,22.07,0,67,0,245.368,1740,0,0,0,4,16,None
rag_embedding,23.07,0,67,0,246.358,1740,0,0,0,4,16,None
rag_embedding,24.33,0,67,0,245.468,1740,0,0,0,4,16,None
rag_embedding,25.33,0,67,0,245.966,1740,0,0,0,4,16,None
rag_embedding,26.33,0,67,0,246.778,1740,0,0,0,4,16,None
rag_embedding,27.58,0,67,0,245.476,1740,0,0,0,4,16,None
rag_embedding,28.59,0,67,0,245.67,1740,0,0,0,4,16,None
rag_embedding,29.59,0,67,0,246.801,1740,0,0,0,4,16,None
rag_embedding,30.85,0,67,0,245.59,1740,0,0,0,4,16,None
rag_embedding,31.85,0,67,0,245.869,1740,0,0,0,4,16,None
rag_embedding,32.85,0,67,0,246.637,1740,0,0,0,4,16,None
rag_embedding,34.1,0,67,0,245.309,1740,0,0,0,4,16,None
rag_embedding,35.1,0,67,0,245.59,1740,0,0,0,4,16,None
rag_embedding,36.1,0,67,0,247.021,1740,0,0,0,4,16,None
rag_embedding,37.34,0,67,0,245.667,1740,0,0,0,4,16,None
rag_embedding,38.35,0,67,0,245.555,1740,0,0,0,4,16,None
rag_embedding,39.35,0,67,0,246.011,1740,0,0,0,4,16,None
rag_embedding,40.6,0,67,0,245.168,1740,0,0,0,4,16,None
rag_embedding,41.6,0,67,0,245.932,1740,0,0,0,4,16,None
rag_embedding,42.6,0,67,0,246.681,1740,0,0,0,4,16,None
rag_embedding,43.88,0,67,0,245.558,1740,0,0,0,4,16,None
rag_embedding,44.88,0,67,0,245.538,1740,0,0,0,4,16,None
rag_embedding,45.88,0,67,0,246.93,1740,0,0,0,4,16,None
rag_embedding,47.14,0,67,0,245.678,1740,0,0,0,4,16,None
rag_embedding,48.14,0,67,0,245.28,1740,0,0,0,4,16,None
rag_embedding,49.14,0,67,0,245.979,1740,0,0,0,4,16,None
rag_embedding,50.39,0,67,0,245.629,1740,0,0,0,4,16,None
rag_embedding,51.39,0,67,0,245.218,1740,0,0,0,4,16,None
rag_embedding,52.4,0,67,0,246.545,1740,0,0,0,4,16,None
rag_embedding,53.65,0,67,0,246.178,1740,0,0,0,4,16,None
rag_embedding,54.66,0,67,0,245.65,1740,0,0,0,4,16,None
rag_embedding,55.66,0,67,0,246.51,1740,0,0,0,4,16,None
rag_embedding,56.93,0,67,0,245.309,1740,0,0,0,4,16,None
rag_embedding,57.93,0,67,0,245.697,1740,0,0,0,4,16,None
rag_embedding,58.93,0,67,0,246.751,1740,0,0,0,4,16,None
rag_embedding,60.18,0,67,0,245.837,1740,0,0,0,4,16,None
rag_embedding,61.18,0,67,0,246.093,1740,0,0,0,4,16,None
rag_embedding,62.19,0,67,0,246.525,1740,0,0,0,4,16,None
rag_embedding,63.43,0,67,0,246.137,1740,0,0,0,4,16,None
rag_embedding,64.43,0,67,0,245.943,1740,0,0,0,4,16,None
rag_embedding,65.44,0,67,0,247.133,1740,0,0,0,4,16,None
rag_embedding,66.69,0,67,0,245.831,1740,0,0,0,4,16,None
rag_embedding,67.69,0,67,0,245.561,1740,0,0,0,4,16,None
rag_embedding,68.69,0,67,0,247.007,1740,0,0,0,4,16,None
rag_embedding,69.95,0,67,0,245.776,1740,0,0,0,4,16,None
rag_embedding,70.95,0,67,0,245.838,1740,0,0,0,4,16,None
rag_embedding,71.95,0,67,0,246.857,1740,0,0,0,4,16,None
rag_embedding,73.2,0,67,0,245.794,1740,0,0,0,4,16,None
rag_embedding,74.21,0,67,0,245.952,1740,0,0,0,4,16,None
rag_embedding,75.21,0,67,0,246.484,1740,0,0,0,4,16,None
rag_embedding,76.47,0,67,0,246.081,1740,0,0,0,4,16,None
rag_embedding,77.48,0,67,0,245.558,1740,0,0,0,4,16,None
rag_embedding,78.48,0,67,0,246.869,1740,0,0,0,4,16,None
rag_embedding,79.73,0,67,0,245.956,1740,0,0,0,4,16,None
rag_embedding,80.73,0,67,0,245.517,1740,0,0,0,4,16,None
rag_embedding,81.74,0,67,0,246.842,1740,0,0,0,4,16,None
rag_embedding,83.0,0,67,0,245.646,1740,0,0,0,4,16,None
rag_embedding,84.0,0,67,0,245.69,1740,0,0,0,4,16,None
rag_embedding,85.0,0,67,0,246.845,1740,0,0,0,4,16,None
rag_embedding,86.26,0,67,0,245.702,1740,0,0,0,4,16,None
rag_embedding,87.27,0,67,0,245.867,1740,0,0,0,4,16,None
rag_embedding,88.27,0,67,0,246.886,1740,0,0,0,4,16,None
rag_embedding,89.52,0,67,0,246.014,1740,0,0,0,4,16,None
rag_embedding,90.53,0,67,0,246.035,1740,0,0,0,4,16,None
rag_embedding,91.53,0,67,0,246.566,1740,0,0,0,4,16,None
rag_embedding,92.79,0,67,0,245.488,1740,0,0,0,4,16,None
rag_embedding,93.79,0,67,0,245.879,1740,0,0,0,4,16,None
rag_embedding,94.8,0,67,0,246.969,1740,0,0,0,4,16,None
rag_embedding,96.05,0,67,0,245.847,1740,0,0,0,4,16,None
rag_embedding,97.05,0,67,0,246.02,1740,0,0,0,4,16,None
rag_embedding,98.06,0,67,0,246.851,1740,0,0,0,4,16,None
rag_embedding,99.31,0,67,0,246.022,1740,0,0,0,4,16,None
rag_embedding,100.32,0,67,0,245.985,1740,0,0,0,4,16,None
rag_embedding,101.32,0,67,0,246.966,1740,0,0,0,4,16,None
rag_embedding,102.58,0,67,0,246.281,1740,0,0,0,4,16,None
rag_embedding,103.58,0,67,0,246.208,1740,0,0,0,4,16,None
rag_embedding,104.58,0,67,0,246.58,1740,0,0,0,4,16,None
rag_embedding,105.83,0,67,0,245.499,1740,0,0,0,4,16,None
rag_embedding,106.83,0,67,0,246.372,1740,0,0,0,4,16,None
rag_embedding,107.84,0,67,0,246.942,1740,0,0,0,4,16,None
rag_embedding,109.08,0,67,0,246.046,1740,0,0,0,4,16,None
rag_embedding,110.09,0,67,0,246.515,1740,0,0,0,4,16,None
rag_embedding,111.09,0,67,0,246.587,1740,0,0,0,4,16,None
rag_embedding,112.35,0,67,0,245.882,1740,0,0,0,4,16,None
rag_embedding,113.35,0,67,0,245.917,1740,0,0,0,4,16,None
rag_embedding,114.36,0,67,0,247.053,1740,0,0,0,4,16,None
rag_embedding,115.61,0,67,0,246.158,1740,0,0,0,4,16,None
rag_embedding,116.62,0,67,0,246.058,1740,0,0,0,4,16,None
rag_embedding,117.62,0,67,0,247.37,1740,0,0,0,4,16,None
rag_embedding,118.87,0,67,0,246.116,1740,0,0,0,4,16,None
rag_embedding,119.88,0,67,0,245.855,1740,0,0,0,4,16,None
rag_embedding,120.88,0,65,0,213.741,1740,0,0,0,4,16,None
vision_encoder,0.0,0,62,0,114.184,1740,0,0,0,4,16,None
vision_encoder,1.46,0,65,0,191.375,1740,0,0,0,4,16,None
vision_encoder,2.47,0,66,0,243.555,1740,0,0,0,4,16,None
vision_encoder,3.47,0,66,0,245.253,1740,0,0,0,4,16,None
vision_encoder,4.75,0,66,0,243.989,1740,0,0,0,4,16,None
vision_encoder,5.75,0,66,0,244.195,1740,0,0,0,4,16,None
vision_encoder,6.75,0,66,0,245.068,1740,0,0,0,4,16,None
vision_encoder,8.05,0,66,0,243.908,1740,0,0,0,4,16,None
vision_encoder,9.06,0,66,0,243.925,1740,0,0,0,4,16,None
vision_encoder,10.06,0,66,0,244.592,1740,0,0,0,4,16,None
vision_encoder,11.33,0,66,0,244.069,1740,0,0,0,4,16,None
vision_encoder,12.34,0,66,0,244.037,1740,0,0,0,4,16,None
vision_encoder,13.34,0,66,0,244.833,1740,0,0,0,4,16,None
vision_encoder,14.63,0,66,0,243.421,1740,0,0,0,4,16,None
vision_encoder,15.63,0,66,0,244.034,1740,0,0,0,4,16,None
vision_encoder,16.63,0,66,0,244.939,1740,0,0,0,4,16,None
vision_encoder,17.91,0,66,0,243.679,1740,0,0,0,4,16,None
vision_encoder,18.91,0,66,0,243.94,1740,0,0,0,4,16,None
vision_encoder,19.92,0,66,0,245.274,1740,0,0,0,4,16,None
vision_encoder,21.19,0,66,0,244.495,1740,0,0,0,4,16,None
vision_encoder,22.2,0,66,0,244.075,1740,0,0,0,4,16,None
vision_encoder,23.2,0,66,0,245.156,1740,0,0,0,4,16,None
vision_encoder,24.48,0,66,0,244.09,1740,0,0,0,4,16,None
vision_encoder,25.48,0,66,0,243.259,1740,0,0,0,4,16,None
vision_encoder,26.48,0,66,0,245.136,1740,0,0,0,4,16,None
vision_encoder,27.77,0,66,0,244.099,1740,0,0,0,4,16,None
vision_encoder,28.77,0,66,0,243.797,1740,0,0,0,4,16,None
vision_encoder,29.77,0,66,0,245.056,1740,0,0,0,4,16,None
vision_encoder,31.05,0,66,0,243.94,1740,0,0,0,4,16,None
vision_encoder,32.06,0,66,0,243.99,1740,0,0,0,4,16,None
vision_encoder,33.06,0,66,0,244.886,1740,0,0,0,4,16,None
vision_encoder,34.35,0,66,0,243.999,1740,0,0,0,4,16,None
vision_encoder,35.35,0,66,0,244.42,1740,0,0,0,4,16,None
vision_encoder,36.35,0,66,0,244.963,1740,0,0,0,4,16,None
vision_encoder,37.63,0,66,0,243.811,1740,0,0,0,4,16,None
vision_encoder,38.63,0,66,0,244.046,1740,0,0,0,4,16,None
vision_encoder,39.63,0,66,0,245.18,1740,0,0,0,4,16,None
vision_encoder,40.91,0,66,0,243.931,1740,0,0,0,4,16,None
vision_encoder,41.91,0,66,0,244.204,1740,0,0,0,4,16,None
vision_encoder,42.92,0,66,0,244.678,1740,0,0,0,4,16,None
vision_encoder,44.19,0,66,0,243.729,1740,0,0,0,4,16,None
vision_encoder,45.2,0,66,0,244.275,1740,0,0,0,4,16,None
vision_encoder,46.2,0,66,0,244.951,1740,0,0,0,4,16,None
vision_encoder,47.47,0,66,0,243.605,1740,0,0,0,4,16,None
vision_encoder,48.48,0,66,0,243.649,1740,0,0,0,4,16,None
vision_encoder,49.48,0,66,0,244.904,1740,0,0,0,4,16,None
vision_encoder,50.76,0,66,0,244.457,1740,0,0,0,4,16,None
vision_encoder,51.76,0,66,0,244.328,1740,0,0,0,4,16,None
vision_encoder,52.76,0,66,0,244.993,1740,0,0,0,4,16,None
vision_encoder,54.04,0,66,0,244.301,1740,0,0,0,4,16,None
vision_encoder,55.04,0,66,0,243.778,1740,0,0,0,4,16,None
vision_encoder,56.05,0,66,0,244.569,1740,0,0,0,4,16,None
vision_encoder,57.32,0,66,0,243.817,1740,0,0,0,4,16,None
vision_encoder,58.33,0,66,0,243.647,1740,0,0,0,4,16,None
vision_encoder,59.33,0,66,0,244.886,1740,0,0,0,4,16,None
vision_encoder,60.61,0,66,0,244.289,1740,0,0,0,4,16,None
vision_encoder,61.62,0,66,0,244.327,1740,0,0,0,4,16,None
vision_encoder,62.62,0,66,0,244.542,1740,0,0,0,4,16,None
vision_encoder,63.89,0,66,0,243.411,1740,0,0,0,4,16,None
vision_encoder,64.89,0,66,0,243.769,1740,0,0,0,4,16,None
vision_encoder,65.9,0,66,0,244.712,1740,0,0,0,4,16,None
vision_encoder,67.16,0,66,0,243.764,1740,0,0,0,4,16,None
vision_encoder,68.17,0,66,0,244.161,1740,0,0,0,4,16,None
vision_encoder,69.17,0,66,0,244.554,1740,0,0,0,4,16,None
vision_encoder,70.44,0,66,0,243.857,1740,0,0,0,4,16,None
vision_encoder,71.44,0,66,0,243.769,1740,0,0,0,4,16,None
vision_encoder,72.44,0,66,0,244.966,1740,0,0,0,4,16,None
vision_encoder,73.74,0,66,0,243.77,1740,0,0,0,4,16,None
vision_encoder,74.74,0,66,0,244.357,1740,0,0,0,4,16,None
vision_encoder,75.74,0,66,0,245.191,1740,0,0,0,4,16,None
vision_encoder,77.02,0,66,0,244.189,1740,0,0,0,4,16,None
vision_encoder,78.03,0,66,0,244.507,1740,0,0,0,4,16,None
vision_encoder,79.03,0,66,0,244.886,1740,0,0,0,4,16,None
vision_encoder,80.31,0,66,0,243.708,1740,0,0,0,4,16,None
vision_encoder,81.31,0,66,0,243.649,1740,0,0,0,4,16,None
vision_encoder,82.32,0,66,0,244.876,1740,0,0,0,4,16,None
vision_encoder,83.59,0,66,0,243.986,1740,0,0,0,4,16,None
vision_encoder,84.6,0,66,0,243.952,1740,0,0,0,4,16,None
vision_encoder,85.6,0,66,0,245.038,1740,0,0,0,4,16,None
vision_encoder,86.88,0,66,0,243.766,1740,0,0,0,4,16,None
vision_encoder,87.88,0,66,0,243.683,1740,0,0,0,4,16,None
vision_encoder,88.88,0,66,0,244.888,1740,0,0,0,4,16,None
vision_encoder,90.18,0,66,0,243.68,1740,0,0,0,4,16,None
vision_encoder,91.18,0,66,0,243.937,1740,0,0,0,4,16,None
vision_encoder,92.18,0,66,0,245.227,1740,0,0,0,4,16,None
vision_encoder,93.46,0,66,0,244.154,1740,0,0,0,4,16,None
vision_encoder,94.47,0,66,0,243.713,1740,0,0,0,4,16,None
vision_encoder,95.47,0,66,0,245.007,1740,0,0,0,4,16,None
vision_encoder,96.74,0,66,0,243.766,1740,0,0,0,4,16,None
vision_encoder,97.74,0,66,0,243.788,1740,0,0,0,4,16,None
vision_encoder,98.75,0,66,0,244.727,1740,0,0,0,4,16,None
vision_encoder,100.02,0,66,0,244.083,1740,0,0,0,4,16,None
vision_encoder,101.02,0,66,0,244.174,1740,0,0,0,4,16,None
vision_encoder,102.03,0,66,0,245.115,1740,0,0,0,4,16,None
vision_encoder,103.3,0,66,0,244.163,1740,0,0,0,4,16,None
vision_encoder,104.31,0,66,0,243.936,1740,0,0,0,4,16,None
vision_encoder,105.31,0,66,0,244.935,1740,0,0,0,4,16,None
vision_encoder,106.58,0,66,0,243.816,1740,0,0,0,4,16,None
vision_encoder,107.59,0,66,0,244.177,1740,0,0,0,4,16,None
vision_encoder,108.59,0,66,0,244.824,1740,0,0,0,4,16,None
vision_encoder,109.86,0,66,0,243.919,1740,0,0,0,4,16,None
vision_encoder,110.86,0,66,0,243.969,1740,0,0,0,4,16,None
vision_encoder,111.87,0,66,0,245.236,1740,0,0,0,4,16,None
vision_encoder,113.14,0,66,0,243.867,1740,0,0,0,4,16,None
vision_encoder,114.14,0,66,0,243.775,1740,0,0,0,4,16,None
vision_encoder,115.15,0,66,0,245.277,1740,0,0,0,4,16,None
vision_encoder,116.43,0,66,0,244.09,1740,0,0,0,4,16,None
vision_encoder,117.43,0,66,0,244.366,1740,0,0,0,4,16,None
vision_encoder,118.44,0,66,0,245.232,1740,0,0,0,4,16,None
vision_encoder,119.71,0,66,0,244.186,1740,0,0,0,4,16,None
vision_encoder,120.71,0,64,0,221.872,1740,0,0,0,4,16,None
rt_virus,0.0,0,61,0,113.482,1740,0,0,0,4,16,None
rt_virus,1.0,0,65,0,168.034,1740,0,0,0,4,16,None
rt_virus,2.01,0,68,0,281.498,1740,0,0,0,4,16,None
rt_virus,3.01,0,68,0,280.87,1740,0,0,0,4,16,None
rt_virus,4.01,0,69,0,282.067,1740,0,0,0,4,16,None
rt_virus,5.01,0,69,0,282.435,1740,0,0,0,4,16,None
rt_virus,6.01,0,70,0,285.266,1740,0,0,0,4,16,None
rt_virus,7.01,0,70,0,288.372,1740,0,0,0,4,16,None
rt_virus,8.19,0,70,0,288.905,1740,0,0,0,4,16,None
rt_virus,9.19,0,70,0,287.233,1740,0,0,0,4,16,None
rt_virus,10.19,0,70,0,289.25,1740,0,0,0,4,16,None
rt_virus,11.2,0,71,0,288.608,1740,0,0,0,4,16,None
rt_virus,12.2,0,71,0,288.773,1740,0,0,0,4,16,None
rt_virus,13.38,0,71,0,289.246,1740,0,0,0,4,16,None
rt_virus,14.38,0,71,0,289.29,1740,0,0,0,4,16,None
rt_virus,15.38,0,71,0,291.312,1740,0,0,0,4,16,None
rt_virus,16.38,0,71,0,289.296,1740,0,0,0,4,16,None
rt_virus,17.38,0,71,0,291.487,1740,0,0,0,4,16,None
rt_virus,18.57,0,72,0,290.442,1740,0,0,0,4,16,None
rt_virus,19.58,0,72,0,290.083,1740,0,0,0,4,16,None
rt_virus,20.58,0,72,0,290.037,1740,0,0,0,4,16,None
rt_virus,21.58,0,72,0,291.001,1740,0,0,0,4,16,None
rt_virus,22.58,0,72,0,291.289,1740,0,0,0,4,16,None
rt_virus,23.78,0,72,0,290.219,1740,0,0,0,4,16,None
rt_virus,24.78,0,72,0,290.48,1740,0,0,0,4,16,None
rt_virus,25.78,0,72,0,290.98,1740,0,0,0,4,16,None
rt_virus,26.78,0,72,0,289.998,1740,0,0,0,4,16,None
rt_virus,27.78,0,72,0,289.649,1740,0,0,0,4,16,None
rt_virus,28.98,0,72,0,292.322,1740,0,0,0,4,16,None
rt_virus,29.98,0,72,0,291.765,1740,0,0,0,4,16,None
rt_virus,30.98,0,72,0,291.111,1740,0,0,0,4,16,None
rt_virus,31.98,0,72,0,291.21,1740,0,0,0,4,16,None
rt_virus,33.08,0,72,0,290.616,1740,0,0,0,4,16,None
rt_virus,34.17,0,72,0,290.523,1740,0,0,0,4,16,None
rt_virus,35.18,0,73,0,291.531,1740,0,0,0,4,16,None
rt_virus,36.18,0,73,0,291.387,1740,0,0,0,4,16,None
rt_virus,37.18,0,73,0,291.325,1740,0,0,0,4,16,None
rt_virus,38.18,0,73,0,291.749,1740,0,0,0,4,16,None
rt_virus,39.4,0,73,0,292.142,1740,0,0,0,4,16,None
rt_virus,40.41,0,73,0,291.985,1740,0,0,0,4,16,None
rt_virus,41.41,0,73,0,291.865,1740,0,0,0,4,16,None
rt_virus,42.41,0,73,0,292.149,1740,0,0,0,4,16,None
rt_virus,43.41,0,73,0,291.988,1740,0,0,0,4,16,None
rt_virus,44.6,0,73,0,291.979,1740,0,0,0,4,16,None
rt_virus,45.6,0,73,0,292.497,1740,0,0,0,4,16,None
rt_virus,46.6,0,73,0,291.64,1740,0,0,0,4,16,None
rt_virus,47.61,0,73,0,290.953,1740,0,0,0,4,16,None
rt_virus,48.61,0,73,0,291.999,1740,0,0,0,4,16,None
rt_virus,49.79,0,73,0,291.841,1740,0,0,0,4,16,None
rt_virus,50.79,0,73,0,291.851,1740,0,0,0,4,16,None
rt_virus,51.79,0,73,0,292.976,1740,0,0,0,4,16,None
rt_virus,52.79,0,73,0,291.948,1740,0,0,0,4,16,None
rt_virus,53.79,0,73,0,292.499,1740,0,0,0,4,16,None
rt_virus,54.99,0,73,0,293.133,1740,0,0,0,4,16,None
rt_virus,55.99,0,73,0,292.01,1740,0,0,0,4,16,None
rt_virus,56.99,0,73,0,292.138,1740,0,0,0,4,16,None
rt_virus,57.99,0,73,0,292.281,1740,0,0,0,4,16,None
rt_virus,58.99,0,73,0,291.788,1740,0,0,0,4,16,None
rt_virus,60.18,0,73,0,291.877,1740,0,0,0,4,16,None
rt_virus,61.18,0,73,0,291.905,1740,0,0,0,4,16,None
rt_virus,62.18,0,73,0,292.973,1740,0,0,0,4,16,None
rt_virus,63.18,0,73,0,293.38,1740,0,0,0,4,16,None
rt_virus,64.18,0,73,0,291.752,1740,0,0,0,4,16,None
rt_virus,65.37,0,73,0,293.078,1740,0,0,0,4,16,None
rt_virus,66.37,0,73,0,292.644,1740,0,0,0,4,16,None
rt_virus,67.37,0,73,0,293.409,1740,0,0,0,4,16,None
rt_virus,68.37,0,73,0,293.103,1740,0,0,0,4,16,None
rt_virus,69.37,0,73,0,293.08,1740,0,0,0,4,16,None
rt_virus,70.57,0,73,0,292.491,1740,0,0,0,4,16,None
rt_virus,71.57,0,73,0,291.494,1740,0,0,0,4,16,None
rt_virus,72.57,0,73,0,292.215,1740,0,0,0,4,16,None
rt_virus,73.57,0,73,0,292.251,1740,0,0,0,4,16,None
rt_virus,74.58,0,73,0,293.588,1740,0,0,0,4,16,None
rt_virus,75.76,0,73,0,292.698,1740,0,0,0,4,16,None
rt_virus,76.76,0,73,0,292.698,1740,0,0,0,4,16,None
rt_virus,77.77,0,73,0,292.938,1740,0,0,0,4,16,None
rt_virus,78.77,0,73,0,292.921,1740,0,0,0,4,16,None
rt_virus,79.77,0,73,0,293.818,1740,0,0,0,4,16,None
rt_virus,80.96,0,73,0,292.987,1740,0,0,0,4,16,None
rt_virus,81.96,0,74,0,293.973,1740,0,0,0,4,16,None
rt_virus,82.96,0,73,0,293.815,1740,0,0,0,4,16,None
rt_virus,83.96,0,73,0,293.36,1740,0,0,0,4,16,None
rt_virus,84.97,0,74,0,292.778,1740,0,0,0,4,16,None
rt_virus,86.16,0,73,0,293.21,1740,0,0,0,4,16,None
rt_virus,87.16,0,74,0,293.382,1740,0,0,0,4,16,None
rt_virus,88.17,0,74,0,292.206,1740,0,0,0,4,16,None
rt_virus,89.17,0,74,0,294.121,1740,0,0,0,4,16,None
rt_virus,90.17,0,74,0,294.403,1740,0,0,0,4,16,None
rt_virus,91.37,0,74,0,291.677,1740,0,0,0,4,16,None
rt_virus,92.37,0,73,0,293.393,1740,0,0,0,4,16,None
rt_virus,93.37,0,74,0,293.207,1740,0,0,0,4,16,None
rt_virus,94.37,0,74,0,294.48,1740,0,0,0,4,16,None
rt_virus,95.38,0,74,0,292.462,1740,0,0,0,4,16,None
rt_virus,96.57,0,74,0,292.763,1740,0,0,0,4,16,None
rt_virus,97.57,0,74,0,293.435,1740,0,0,0,4,16,None
rt_virus,98.58,0,74,0,292.658,1740,0,0,0,4,16,None
rt_virus,99.58,0,74,0,292.94,1740,0,0,0,4,16,None
rt_virus,100.58,0,74,0,294.365,1740,0,0,0,4,16,None
rt_virus,101.78,0,74,0,292.798,1740,0,0,0,4,16,None
rt_virus,102.78,0,74,0,293.348,1740,0,0,0,4,16,None
rt_virus,103.78,0,74,0,294.739,1740,0,0,0,4,16,None
rt_virus,104.78,0,74,0,293.483,1740,0,0,0,4,16,None
rt_virus,105.78,0,74,0,293.199,1740,0,0,0,4,16,None
rt_virus,106.98,0,74,0,293.122,1740,0,0,0,4,16,None
rt_virus,107.98,0,74,0,292.44,1740,0,0,0,4,16,None
rt_virus,108.98,0,74,0,294.185,1740,0,0,0,4,16,None
rt_virus,109.99,0,74,0,292.873,1740,0,0,0,4,16,None
rt_virus,110.99,0,74,0,293.218,1740,0,0,0,4,16,None
rt_virus,112.17,0,74,0,293.514,1740,0,0,0,4,16,None
rt_virus,113.18,0,74,0,293.712,1740,0,0,0,4,16,None
rt_virus,114.18,0,74,0,293.283,1740,0,0,0,4,16,None
rt_virus,115.18,0,74,0,293.348,1740,0,0,0,4,16,None
rt_virus,116.18,0,74,0,293.878,1740,0,0,0,4,16,None
rt_virus,117.37,0,74,0,292.809,1740,0,0,0,4,16,None
rt_virus,118.37,0,74,0,293.208,1740,0,0,0,4,16,None
rt_virus,119.37,0,74,0,294.072,1740,0,0,0,4,16,None
rt_virus,120.38,0,74,0,293.157,1740,0,0,0,4,16,None
media_enc_virus,0.0,0,66,0,195.205,1740,0,0,0,4,16,None
media_enc_virus,1.0,0,65,0,112.165,1740,0,0,0,4,16,None
media_enc_virus,2.13,0,64,0,110.105,1740,0,0,0,4,16,None
media_enc_virus,3.13,0,63,0,107.81,1740,0,0,0,4,16,None
media_enc_virus,4.13,0,62,0,107.294,1740,0,0,0,4,16,None
media_enc_virus,5.14,0,62,0,106.431,1740,0,0,0,4,16,None
media_enc_virus,6.14,0,61,0,106.105,1740,0,0,0,4,16,None
media_enc_virus,7.14,0,61,0,105.483,1740,0,0,0,4,16,None
media_enc_virus,8.14,0,60,0,105.154,1740,0,0,0,4,16,None
media_enc_virus,9.24,0,60,0,104.441,1740,0,0,0,4,16,None
media_enc_virus,10.24,0,59,0,103.882,1740,0,0,0,4,16,None
media_enc_virus,11.24,0,59,0,103.709,1740,0,0,0,4,16,None
media_enc_virus,12.24,0,58,0,103.161,1740,0,0,0,4,16,None
media_enc_virus,13.24,0,58,0,102.832,1740,0,0,0,4,16,None
media_enc_virus,14.25,0,58,0,102.651,1740,0,0,0,4,16,None
media_enc_virus,15.25,0,58,0,102.397,1740,0,0,0,4,16,None
media_enc_virus,16.34,0,57,0,102.033,1740,0,0,0,4,16,None
media_enc_virus,17.34,0,57,0,101.906,1740,0,0,0,4,16,None
media_enc_virus,18.34,0,57,0,101.449,1740,0,0,0,4,16,None
media_enc_virus,19.34,0,56,0,101.232,1740,0,0,0,4,16,None
media_enc_virus,20.34,0,56,0,101.089,1740,0,0,0,4,16,None
media_enc_virus,21.34,0,56,0,100.821,1740,0,0,0,4,16,None
media_enc_virus,22.35,0,56,0,100.809,1740,0,0,0,4,16,None
media_enc_virus,23.44,0,55,0,100.462,1740,0,0,0,4,16,None
media_enc_virus,24.44,0,55,0,100.244,1740,0,0,0,4,16,None
media_enc_virus,25.45,0,55,0,100.007,1740,0,0,0,4,16,None
media_enc_virus,26.45,0,55,0,99.977,1740,0,0,0,4,16,None
media_enc_virus,27.45,0,54,0,99.566,1740,0,0,0,4,16,None
media_enc_virus,28.45,0,54,0,98.647,1740,0,0,0,4,16,None
media_enc_virus,29.45,0,54,0,98.603,1740,0,0,0,4,16,None
media_enc_virus,30.54,0,54,0,98.361,1740,0,0,0,4,16,None
media_enc_virus,31.54,0,53,0,98.351,1740,0,0,0,4,16,None
media_enc_virus,32.54,0,53,0,97.967,1740,0,0,0,4,16,None
media_enc_virus,33.54,0,53,0,97.833,1740,0,0,0,4,16,None
media_enc_virus,34.54,0,53,0,97.96,1740,0,0,0,4,16,None
media_enc_virus,35.54,0,53,0,97.532,1740,0,0,0,4,16,None
media_enc_virus,36.55,0,52,0,97.43,1740,0,0,0,4,16,None
media_enc_virus,37.63,0,52,0,97.285,1740,0,0,0,4,16,None
media_enc_virus,38.63,0,52,0,97.356,1740,0,0,0,4,16,None
media_enc_virus,39.64,0,52,0,97.083,1740,0,0,0,4,16,None
media_enc_virus,40.64,0,52,0,96.787,1740,0,0,0,4,16,None
media_enc_virus,41.64,0,51,0,96.976,1740,0,0,0,4,16,None
media_enc_virus,42.64,0,51,0,96.764,1740,0,0,0,4,16,None
media_enc_virus,43.64,0,51,0,96.59,1740,0,0,0,4,16,None
media_enc_virus,44.74,0,51,0,96.553,1740,0,0,0,4,16,None
media_enc_virus,45.74,0,51,0,96.404,1740,0,0,0,4,16,None
media_enc_virus,46.74,0,51,0,96.107,1740,0,0,0,4,16,None
media_enc_virus,47.75,0,50,0,96.092,1740,0,0,0,4,16,None
media_enc_virus,48.75,0,50,0,96.126,1740,0,0,0,4,16,None
media_enc_virus,49.75,0,50,0,95.891,1740,0,0,0,4,16,None
media_enc_virus,50.75,0,50,0,95.788,1740,0,0,0,4,16,None
media_enc_virus,51.85,0,50,0,95.862,1740,0,0,0,4,16,None
media_enc_virus,52.85,0,50,0,95.558,1740,0,0,0,4,16,None
media_enc_virus,53.85,0,50,0,95.535,1740,0,0,0,4,16,None
media_enc_virus,54.85,0,49,0,95.604,1740,0,0,0,4,16,None
media_enc_virus,55.85,0,49,0,97.269,1740,0,0,0,4,16,None
media_enc_virus,56.85,0,49,0,97.289,1740,0,0,0,4,16,None
media_enc_virus,57.86,0,49,0,97.555,1740,0,0,0,4,16,None
media_enc_virus,58.96,0,49,0,97.374,1740,0,0,0,4,16,None
media_enc_virus,59.96,0,49,0,97.179,1740,0,0,0,4,16,None
media_enc_virus,60.96,0,49,0,97.162,1740,0,0,0,4,16,None
media_enc_virus,61.96,0,49,0,97.125,1740,0,0,0,4,16,None
media_enc_virus,62.96,0,49,0,96.924,1740,0,0,0,4,16,None
media_enc_virus,63.96,0,48,0,96.965,1740,0,0,0,4,16,None
media_enc_virus,64.96,0,48,0,96.783,1740,0,0,0,4,16,None
media_enc_virus,66.08,0,48,0,96.585,1740,0,0,0,4,16,None
media_enc_virus,67.08,0,48,0,96.712,1740,0,0,0,4,16,None
media_enc_virus,68.08,0,48,0,96.659,1740,0,0,0,4,16,None
media_enc_virus,69.08,0,48,0,96.57,1740,0,0,0,4,16,None
media_enc_virus,70.08,0,48,0,96.745,1740,0,0,0,4,16,None
media_enc_virus,71.09,0,48,0,96.517,1740,0,0,0,4,16,None
media_enc_virus,72.09,0,48,0,96.278,1740,0,0,0,4,16,None
media_enc_virus,73.2,0,47,0,96.352,1740,0,0,0,4,16,None
media_enc_virus,74.2,0,47,0,96.212,1740,0,0,0,4,16,None
media_enc_virus,75.2,0,47,0,96.152,1740,0,0,0,4,16,None
media_enc_virus,76.2,0,47,0,96.146,1740,0,0,0,4,16,None
media_enc_virus,77.2,0,47,0,96.293,1740,0,0,0,4,16,None
media_enc_virus,78.2,0,47,0,96.075,1740,0,0,0,4,16,None
media_enc_virus,79.2,0,47,0,95.926,1740,0,0,0,4,16,None
media_enc_virus,80.31,0,47,0,96.175,1740,0,0,0,4,16,None
media_enc_virus,81.31,0,47,0,95.861,1740,0,0,0,4,16,None
media_enc_virus,82.31,0,47,0,95.682,1740,0,0,0,4,16,None
media_enc_virus,83.31,0,46,0,95.738,1740,0,0,0,4,16,None
media_enc_virus,84.31,0,46,0,95.818,1740,0,0,0,4,16,None
media_enc_virus,85.31,0,46,0,95.642,1740,0,0,0,4,16,None
media_enc_virus,86.32,0,46,0,95.556,1740,0,0,0,4,16,None
media_enc_virus,87.41,0,46,0,95.658,1740,0,0,0,4,16,None
media_enc_virus,88.41,0,46,0,95.5,1740,0,0,0,4,16,None
media_enc_virus,89.41,0,46,0,95.325,1740,0,0,0,4,16,None
media_enc_virus,90.41,0,46,0,95.463,1740,0,0,0,4,16,None
media_enc_virus,91.41,0,46,0,95.283,1740,0,0,0,4,16,None
media_enc_virus,92.41,0,46,0,95.46,1740,0,0,0,4,16,None
media_enc_virus,93.42,0,46,0,95.33,1740,0,0,0,4,16,None
media_enc_virus,94.52,0,46,0,95.424,1740,0,0,0,4,16,None
media_enc_virus,95.52,0,45,0,95.242,1740,0,0,0,4,16,None
media_enc_virus,96.52,0,45,0,95.083,1740,0,0,0,4,16,None
media_enc_virus,97.52,0,45,0,95.183,1740,0,0,0,4,16,None
media_enc_virus,98.52,0,45,0,95.066,1740,0,0,0,4,16,None
media_enc_virus,99.52,0,45,0,95.023,1740,0,0,0,4,16,None
media_enc_virus,100.53,0,45,0,95.201,1740,0,0,0,4,16,None
media_enc_virus,101.63,0,45,0,94.9,1740,0,0,0,4,16,None
media_enc_virus,102.63,0,45,0,95.198,1740,0,0,0,4,16,None
media_enc_virus,103.64,0,45,0,94.895,1740,0,0,0,4,16,None
media_enc_virus,104.64,0,45,0,95.011,1740,0,0,0,4,16,None
media_enc_virus,105.64,0,45,0,94.796,1740,0,0,0,4,16,None
media_enc_virus,106.64,0,45,0,94.905,1740,0,0,0,4,16,None
media_enc_virus,107.64,0,45,0,94.712,1740,0,0,0,4,16,None
media_enc_virus,108.74,0,45,0,94.747,1740,0,0,0,4,16,None
media_enc_virus,109.75,0,45,0,94.635,1740,0,0,0,4,16,None
media_enc_virus,110.75,0,45,0,94.792,1740,0,0,0,4,16,None
media_enc_virus,111.75,0,45,0,94.7,1740,0,0,0,4,16,None
media_enc_virus,112.75,0,44,0,94.753,1740,0,0,0,4,16,None
media_enc_virus,113.75,0,44,0,94.566,1740,0,0,0,4,16,None
media_enc_virus,114.75,0,44,0,94.442,1740,0,0,0,4,16,None
media_enc_virus,115.87,0,44,0,93.501,1740,0,0,0,4,16,None
media_enc_virus,116.87,0,44,0,93.516,1740,0,0,0,4,16,None
media_enc_virus,117.87,0,44,0,93.709,1740,0,0,0,4,16,None
media_enc_virus,118.88,0,44,0,93.544,1740,0,0,0,4,16,None
media_enc_virus,119.88,0,44,0,93.656,1740,0,0,0,4,16,None
media_enc_virus,120.88,0,44,0,92.818,1740,0,0,0,4,16,None
